# Blender 5.2.2 LTS
# www.blender.org
mtllib cloudParticle.mtl
o 球
v 0.005886 0.384677 0.083803
v -0.072205 -0.003161 -0.331755
v -0.060382 -0.254049 -0.236497
v -0.028482 0.343330 -0.121556
v -0.012385 0.115621 -0.315884
v -0.016348 -0.117988 -0.315008
v 0.051550 0.241838 -0.234564
v 0.082347 0.038103 -0.314543
v 0.073541 -0.075895 -0.309271
v 0.069471 -0.188905 -0.266324
v 0.005448 -0.306346 -0.179996
v 0.132987 0.181144 -0.243697
v 0.182143 -0.035153 -0.263827
v 0.007622 -0.371124 -0.040990
v 0.208572 0.078752 -0.234327
v 0.173453 -0.177812 -0.218651
v 0.083487 0.342005 -0.081670
v 0.182857 0.252406 -0.143178
v 0.253426 0.121907 -0.174048
v 0.269631 -0.038103 -0.183296
v 0.234378 -0.191373 -0.145712
v 0.139625 -0.301208 -0.113336
v 0.096020 -0.356464 -0.008911
v 0.001855 0.378526 -0.006386
v 0.199078 0.299309 -0.016818
v 0.294344 0.183032 -0.039677
v 0.339547 0.038103 -0.045462
v 0.330323 -0.075895 -0.049942
v 0.294344 -0.183032 -0.039677
v 0.235513 0.274415 0.111361
v 0.212313 -0.294029 0.003144
v 0.111544 0.356677 0.047307
v 0.308067 0.183032 0.096795
v 0.352017 0.038103 0.108955
v 0.345189 -0.075895 0.101244
v 0.308067 -0.183032 0.096795
v 0.269420 -0.189208 0.220195
v 0.199291 -0.305177 0.119804
v 0.167998 0.324158 0.130703
v 0.269137 0.183032 0.228192
v 0.305142 0.038103 0.256447
v 0.301751 -0.075895 0.246679
v 0.179227 0.272841 0.237341
v 0.186766 0.189208 0.327233
v 0.246073 -0.148295 0.290897
v 0.156681 -0.299408 0.221950
v 0.070316 -0.371768 0.091584
v 0.070942 0.356864 0.172158
v 0.206620 0.075895 0.364221
v 0.213311 -0.048919 0.366083
v 0.168920 -0.191373 0.338885
v 0.090961 0.302585 0.275892
v 0.135599 0.121907 0.398835
v 0.141058 0.000000 0.416833
v 0.047033 -0.305047 0.297555
v 0.087986 -0.120668 0.419803
v 0.014974 0.192095 0.407093
v -0.005830 0.038103 0.459224
v 0.000312 -0.075895 0.450944
v -0.036972 -0.182468 0.413679
v 0.026563 -0.247313 0.363841
v 0.021135 -0.356308 0.207421
v -0.030889 0.274415 0.344063
v -0.049646 0.344680 0.247114
v -0.135198 0.180296 0.402138
v -0.149118 0.075895 0.436203
v -0.157924 -0.038104 0.441475
v -0.135198 -0.180296 0.402138
v -0.110450 -0.299427 0.305862
v -0.043176 -0.378526 0.143834
v -0.169872 0.296078 0.284233
v -0.260265 0.037932 0.388292
v -0.240645 -0.112334 0.383268
v -0.247212 0.191205 0.338424
v -0.217118 -0.252654 0.303944
v -0.063204 0.378526 0.139803
v -0.306962 0.245990 0.207196
v -0.325163 0.112767 0.310683
v -0.345208 -0.038104 0.310228
v -0.305634 -0.183032 0.287379
v -0.234397 -0.307873 0.205550
v -0.189188 0.343409 0.168792
v -0.413344 -0.028626 0.180915
v -0.362320 0.214808 0.090006
v -0.396777 0.112767 0.180577
v -0.369921 -0.183032 0.166610
v -0.286041 -0.299407 0.090556
v -0.141092 -0.361331 0.168004
v -0.286041 0.299407 0.090556
v -0.428633 -0.044470 0.088973
v -0.383866 -0.182468 0.064293
v -0.413738 0.112767 0.032643
v -0.081096 -0.384872 0.074085
v -0.187331 0.357110 0.038038
v -0.328555 0.245990 -0.027510
v -0.411170 0.000000 -0.058427
v -0.400571 -0.112768 -0.040986
v -0.328555 -0.245990 -0.027510
v -0.237221 0.321094 -0.026073
v -0.289152 0.245551 -0.108225
v -0.375718 0.120668 -0.098502
v -0.353814 -0.112334 -0.141814
v -0.209709 -0.343401 -0.002986
v -0.336926 0.038104 -0.193508
v -0.259057 -0.183032 -0.207579
v -0.275427 -0.252654 -0.118006
v -0.229605 0.245990 -0.175649
v -0.272499 0.121907 -0.231228
v -0.282197 -0.075895 -0.237288
v -0.098345 -0.357708 -0.075862
v -0.109924 0.379050 0.030551
v -0.130072 0.340750 -0.103719
v -0.216635 0.000000 -0.289900
v -0.164052 -0.303779 -0.148969
v -0.150423 0.115593 -0.300198
v -0.149858 -0.075895 -0.309043
v -0.139714 -0.183032 -0.272635
v -0.083912 -0.378156 -0.002060
v -0.096781 0.250982 -0.236652
v -0.143526 0.423125 -0.079656
v -0.139899 0.035092 -0.498358
v -0.004070 0.184154 -0.455689
v -0.026098 0.072184 -0.490121
v -0.068152 -0.037642 -0.490691
v -0.075236 -0.142044 -0.454531
v -0.110815 -0.267172 -0.351144
v -0.005003 0.288348 -0.389236
v 0.055936 -0.080525 -0.445363
v -0.138662 -0.334275 -0.209823
v -0.039971 0.360045 -0.315821
v 0.079708 0.076386 -0.453262
v 0.050034 -0.178448 -0.391461
v -0.011928 -0.320345 -0.222540
v 0.107533 0.226162 -0.377669
v 0.140878 -0.040499 -0.400930
v 0.029344 -0.260416 -0.318301
v 0.085708 0.312667 -0.306485
v 0.169205 0.218157 -0.320667
v 0.199883 0.079409 -0.352505
v 0.185732 -0.083654 -0.340651
v -0.011928 0.396850 -0.222540
v 0.078887 0.359347 -0.221195
v 0.186228 0.284242 -0.190964
v 0.144124 -0.209060 -0.278249
v 0.253506 0.151020 -0.220247
v 0.271853 0.000150 -0.212065
v 0.226650 -0.144779 -0.206280
v 0.089788 -0.284393 -0.201704
v -0.068977 -0.346614 -0.127820
v 0.197237 0.284242 -0.071312
v 0.285901 0.066878 -0.066209
v 0.169467 -0.234588 -0.135476
v -0.043158 0.419183 -0.145278
v 0.255402 0.186548 -0.073624
v 0.277495 -0.037642 -0.065359
v 0.240373 -0.144779 -0.069808
v 0.082306 0.379439 -0.080479
v 0.262854 0.114148 0.009523
v 0.133991 -0.264333 -0.045057
v 0.162158 0.284242 0.043495
v 0.216771 0.186548 0.063884
v 0.237448 0.000149 0.089844
v 0.201443 -0.144779 0.061589
v 0.044880 -0.318374 -0.076611
v 0.119072 0.227461 0.160630
v 0.192212 0.114147 0.143588
v 0.165937 0.000321 0.181043
v 0.075526 -0.266541 0.063386
v 0.063063 0.342320 0.076452
v 0.115786 -0.144779 0.167909
v -0.035370 -0.339651 -0.065213
v 0.078057 0.151020 0.230313
v 0.073706 0.000149 0.250120
v 0.002232 -0.150956 0.227512
v 0.029261 -0.234588 0.141543
v -0.046402 0.343046 0.137087
v -0.018662 0.229626 0.231367
v -0.033960 -0.318211 0.032271
v -0.033883 0.396954 0.029826
v -0.073523 0.076356 0.292621
v -0.062013 -0.074515 0.276008
v -0.069166 -0.265527 0.142024
v -0.122564 0.290906 0.197634
v -0.134646 0.186548 0.262060
v -0.084705 0.416779 -0.025376
v -0.216812 0.114147 0.269601
v -0.214625 -0.010667 0.276265
v -0.176928 -0.146209 0.240665
v -0.201568 -0.213507 0.183817
v -0.228452 0.339217 0.117295
v -0.237905 0.255417 0.198902
v -0.284710 0.160159 0.229073
v -0.296465 0.038253 0.243666
v -0.308339 -0.074081 0.216665
v -0.138175 -0.334487 0.002376
v -0.299813 -0.207737 0.133892
v -0.213080 -0.283163 0.090849
v -0.189614 0.395116 0.025983
v -0.373328 0.221285 0.120776
v -0.402686 0.114148 0.144193
v -0.404526 -0.010667 0.150963
v -0.381288 -0.110043 0.134228
v -0.315409 0.342032 0.024635
v -0.454677 0.038253 0.077847
v -0.437615 0.221284 0.000007
v -0.473594 0.114148 0.010272
v -0.457611 -0.082415 0.024142
v -0.390271 -0.205465 0.017166
v -0.282331 0.384331 -0.086058
v -0.404233 0.290012 -0.083157
v -0.496567 0.000149 -0.070796
v -0.481431 0.151020 -0.133960
v -0.477367 -0.083654 -0.143568
v -0.350574 -0.265650 -0.091876
v -0.267713 -0.312452 -0.046854
v -0.396249 0.284242 -0.194113
v -0.478864 0.038253 -0.225030
v -0.412408 -0.144779 -0.267862
v -0.404808 -0.208171 -0.158829
v -0.273319 0.380492 -0.184122
v -0.441157 0.151020 -0.277203
v -0.445022 -0.037642 -0.286349
v -0.207951 -0.334250 -0.146944
v -0.339712 0.284242 -0.299789
v -0.404346 0.038253 -0.360345
v -0.326751 -0.144779 -0.374182
v -0.349780 0.151020 -0.393945
v -0.349891 -0.037642 -0.403891
v -0.306430 -0.236162 -0.296611
v -0.270198 -0.284393 -0.247979
v -0.219395 0.289182 -0.386097
v -0.264467 0.222216 -0.413905
v -0.284329 0.038253 -0.456503
v -0.166797 0.416716 -0.154057
v -0.217552 0.114148 -0.475646
v -0.218117 -0.077341 -0.466801
v -0.195846 -0.209606 -0.395147
v -0.182734 0.382505 -0.271913
v -0.100024 0.286718 -0.411445
v -0.133150 0.158727 -0.481755
v 0.048891 0.259195 0.148227
v 0.032089 -0.163521 -0.287328
v 0.094947 0.117775 -0.195192
v 0.032089 -0.400433 -0.174009
v 0.075216 0.193661 -0.112226
v 0.145298 -0.015966 -0.257587
v 0.146024 -0.125672 -0.272902
v 0.126082 -0.243660 -0.259790
v 0.088248 -0.313720 -0.239335
v 0.179992 0.118106 -0.163727
v 0.268189 -0.009842 -0.188818
v 0.228052 -0.169104 -0.236240
v 0.062823 -0.482535 -0.044324
v 0.063555 0.245350 -0.001721
v 0.243330 -0.303484 -0.174938
v 0.152746 -0.426926 -0.114193
v 0.268381 0.120318 -0.086930
v 0.340442 -0.013338 -0.109722
v 0.339509 -0.163775 -0.139583
v 0.304256 -0.317045 -0.102000
v 0.025104 -0.507754 0.035413
v 0.323800 0.120318 0.019351
v 0.173066 0.221385 -0.003483
v 0.391077 -0.012904 -0.009932
v 0.407645 -0.154297 -0.010270
v 0.364221 -0.308704 0.004036
v 0.285625 -0.400087 -0.006651
v 0.224584 -0.449830 0.007471
v 0.243721 0.195743 0.047002
v 0.423472 -0.097046 0.144107
v 0.414991 -0.201567 0.068622
v 0.375182 -0.314880 0.133008
v 0.307990 -0.398512 0.129741
v 0.171995 -0.482563 0.048535
v 0.111991 0.252511 0.107179
v 0.377944 0.057360 0.140507
v 0.305390 0.148743 0.155073
v 0.400425 -0.049777 0.219838
v 0.394750 -0.246340 0.199321
v 0.232695 0.195665 0.193312
v 0.341327 0.054624 0.269930
v 0.375020 -0.163775 0.300160
v 0.239041 -0.448318 0.177208
v 0.133539 -0.498888 0.141476
v 0.255995 0.126587 0.307021
v 0.329783 -0.049777 0.353903
v 0.319102 -0.247579 0.349874
v 0.289156 -0.369389 0.279965
v 0.162848 0.233676 0.177906
v 0.266651 0.022623 0.386280
v 0.275624 -0.125672 0.418447
v 0.213820 -0.201567 0.450406
v 0.151599 0.195665 0.291578
v 0.137490 -0.003765 0.470333
v 0.213820 -0.049777 0.450406
v 0.207161 -0.299732 0.415404
v 0.191876 -0.400087 0.336608
v 0.131960 -0.449353 0.301132
v 0.158889 0.127043 0.381957
v 0.139375 -0.125672 0.489064
v 0.112112 -0.238006 0.478468
v 0.110036 -0.367480 0.408159
v 0.058315 0.089137 0.435588
v 0.092645 -0.483380 0.246507
v 0.049042 0.230789 0.259183
v 0.028778 0.176430 0.357279
v 0.001629 -0.012904 0.487620
v -0.012863 -0.163775 0.501642
v 0.001841 -0.311013 0.456390
v -0.148960 -0.049777 0.450775
v -0.013352 -0.422583 0.359633
v -0.116225 0.148743 0.344365
v -0.112695 0.066423 0.422557
v -0.158613 -0.163776 0.454207
v -0.130692 -0.308704 0.417771
v 0.000500 -0.498041 0.214303
v -0.113539 -0.429451 0.306520
v -0.059899 0.218725 0.267403
v -0.175246 0.176430 0.243342
v -0.235756 0.057360 0.331091
v -0.275331 -0.087568 0.353941
v -0.265114 -0.201567 0.354508
v -0.235756 -0.308704 0.331091
v -0.187022 -0.425079 0.228344
v -0.300043 0.057360 0.210322
v -0.336022 -0.049777 0.220587
v -0.345246 -0.163776 0.216107
v -0.300043 -0.308704 0.210322
v -0.242861 -0.398512 0.139519
v -0.266661 0.126088 0.127159
v -0.356921 -0.174592 0.072872
v -0.105742 -0.483660 0.164952
v -0.033713 0.253512 0.151672
v -0.155081 0.216333 0.123026
v -0.343860 -0.012905 0.076355
v -0.184387 -0.448318 0.079352
v -0.010973 -0.510539 0.115847
v -0.258678 0.120318 0.016203
v -0.341292 -0.125672 -0.014714
v -0.318658 -0.297183 0.050240
v -0.258678 -0.371662 0.016203
v -0.123934 0.218133 0.013869
v -0.305840 -0.005004 -0.054790
v -0.307450 -0.201567 -0.076033
v -0.256118 -0.308140 -0.086701
v -0.184927 0.147169 -0.066695
v -0.223745 0.065701 -0.122139
v -0.267048 -0.087568 -0.149796
v -0.189179 -0.308704 -0.163867
v -0.162381 -0.425079 -0.051304
v -0.179329 -0.087740 -0.225124
v -0.212320 -0.201567 -0.193576
v -0.085905 -0.484269 0.012506
v -0.067782 0.198009 -0.086774
v -0.109944 0.120318 -0.165211
v -0.144159 0.022623 -0.212867
v -0.102655 -0.398512 -0.137501
v -0.079981 -0.049777 -0.265331
v -0.075553 -0.163776 -0.274665
v -0.069836 -0.308704 -0.228922
v -0.013730 0.246223 0.003409
v 0.002579 0.124042 -0.196024
v 0.004422 -0.005197 -0.271439
v -0.028472 -0.449353 -0.102764
v -0.060225 0.302409 -0.045710
v -0.085055 -0.115585 -0.395869
v -0.062100 -0.330268 -0.307286
v -0.034821 0.033152 -0.379351
v -0.036871 0.258311 -0.188188
v 0.016157 0.165776 -0.295930
v 0.059910 -0.044366 -0.378009
v 0.015330 -0.196800 -0.375353
v 0.069259 -0.269432 -0.325923
v 0.100199 0.103037 -0.309861
v -0.032317 -0.427724 -0.181831
v 0.180780 0.102529 -0.249785
v 0.193715 -0.044366 -0.302712
v 0.183586 -0.158364 -0.301251
v 0.161808 -0.266156 -0.268561
v 0.079694 -0.383677 -0.208430
v 0.105061 0.222181 -0.183931
v 0.288860 -0.044366 -0.181329
v -0.052623 -0.462428 -0.078109
v 0.245641 0.100563 -0.166731
v 0.269288 -0.195236 -0.185733
v 0.189382 -0.329781 -0.175112
v 0.324064 -0.044538 -0.070493
v 0.106785 -0.428697 -0.065771
v 0.073753 0.276129 -0.069559
v 0.184800 0.217423 -0.055345
v 0.285410 0.100563 -0.035591
v 0.309675 -0.203137 -0.055315
v 0.246200 -0.322697 -0.050379
v 0.322753 -0.006574 0.037777
v 0.329580 -0.120572 0.045489
v 0.225724 0.160745 0.117735
v 0.288036 0.065826 0.100192
v 0.288036 -0.230764 0.100192
v 0.230542 -0.328458 0.090976
v 0.152638 -0.403563 0.048446
v 0.282706 -0.044366 0.192981
v 0.279314 -0.158364 0.183212
v -0.014286 -0.467233 0.006465
v 0.102649 0.260215 0.092466
v 0.223637 0.065826 0.227431
v 0.209046 -0.265501 0.222154
v 0.090652 -0.427723 0.099987
v 0.016037 0.297916 0.000000
v 0.136442 0.193744 0.194690
v 0.184184 -0.006574 0.300755
v 0.183623 -0.120572 0.311093
v 0.132725 -0.264937 0.290732
v 0.140722 -0.356884 0.193475
v 0.129489 0.101993 0.294228
v 0.006643 -0.424746 0.175079
v 0.006022 0.225741 0.234235
v 0.026595 0.108904 0.334503
v 0.047417 -0.044366 0.381844
v 0.055503 -0.195236 0.363277
v 0.026566 -0.328458 0.295196
v -0.091674 0.163521 0.306336
v -0.090685 0.030299 0.380441
v -0.096717 -0.111095 0.396060
v -0.093160 -0.265501 0.349988
v -0.080131 -0.380214 0.253593
v -0.171554 -0.158364 0.372737
v -0.057550 0.278191 0.150073
v -0.205125 0.163521 0.270839
v -0.232236 0.030299 0.339686
v -0.251207 -0.082469 0.346802
v -0.239452 -0.204376 0.332209
v -0.193393 -0.336933 0.268079
v -0.168472 0.240177 0.191738
v -0.145287 -0.427677 0.163385
v -0.060225 -0.461401 0.079996
v -0.296517 0.163521 0.194109
v -0.336031 0.065826 0.237364
v -0.359269 -0.033549 0.254100
v -0.347599 -0.195236 0.247217
v -0.272282 -0.328892 0.220913
v -0.088233 0.296581 0.074892
v -0.409419 -0.082469 0.180984
v -0.350016 -0.297277 0.150196
v -0.221172 -0.424670 0.091830
v -0.351936 0.163521 0.087827
v -0.419213 0.030298 0.117111
v -0.419213 -0.195236 0.117111
v -0.330834 -0.356884 0.061589
v -0.199124 0.274789 0.060811
v -0.270746 0.240177 0.058123
v -0.451280 -0.082469 0.031979
v -0.401365 -0.273842 0.020911
v -0.363065 0.161249 -0.060083
v -0.433681 0.038199 -0.018774
v -0.448476 -0.126939 -0.052144
v -0.276701 -0.405115 -0.027827
v -0.428561 -0.006574 -0.112660
v -0.408485 -0.230764 -0.100192
v -0.350992 -0.328459 -0.090976
v -0.388512 0.039438 -0.181369
v -0.403155 -0.120573 -0.192981
v -0.331315 -0.271677 -0.214366
v -0.171412 -0.454289 0.007905
v -0.249699 0.240177 -0.109540
v -0.305793 0.169386 -0.176813
v -0.162679 0.289724 -0.041673
v -0.304522 0.030299 -0.290808
v -0.303759 -0.082469 -0.311268
v -0.304522 -0.195236 -0.290808
v -0.261172 -0.356884 -0.193475
v -0.157700 -0.441066 -0.116148
v -0.202258 0.163521 -0.272390
v -0.193852 -0.405115 -0.174577
v -0.167955 0.068413 -0.348999
v -0.177772 -0.033549 -0.376821
v -0.172859 -0.198062 -0.363664
v -0.181249 -0.329782 -0.281898
v -0.128256 0.265111 -0.164627
v -0.089735 0.167245 -0.303203
v 0.161107 0.489461 -0.007645
v 0.054185 0.324922 -0.322341
v 0.147938 0.214745 -0.381321
v 0.145757 0.073156 -0.395775
v 0.139283 -0.143013 -0.305610
v 0.123783 0.463210 -0.152405
v 0.179895 0.349449 -0.303281
v 0.189182 -0.009546 -0.375353
v 0.266421 -0.073027 -0.318400
v 0.108240 0.483311 -0.080368
v 0.179139 0.426577 -0.212684
v 0.284633 0.281474 -0.310576
v 0.288674 0.150611 -0.353090
v 0.263954 0.380997 -0.233175
v 0.367568 0.066682 -0.302712
v 0.340238 -0.086589 -0.258891
v 0.268982 -0.171428 -0.229775
v 0.214319 -0.218200 -0.195437
v 0.382649 0.290290 -0.219673
v 0.408889 0.183587 -0.249113
v 0.199172 -0.251523 -0.129556
v 0.323554 0.408564 -0.127772
v 0.462822 0.104785 -0.180984
v 0.443140 -0.007983 -0.185733
v 0.385334 -0.138994 -0.142097
v 0.445760 0.287817 -0.103143
v 0.481739 0.180680 -0.113409
v 0.497917 0.066854 -0.070492
v 0.155535 -0.274265 -0.067924
v 0.459705 0.287253 -0.000827
v 0.473267 -0.043510 -0.042301
v 0.416665 -0.141205 -0.028550
v 0.297663 -0.235315 -0.054616
v 0.359264 0.408497 -0.010020
v 0.496605 0.180680 0.037777
v 0.503433 0.066682 0.045489
v 0.258539 0.465252 -0.033995
v 0.404394 0.350774 0.090976
v 0.470572 0.226692 0.113073
v 0.470572 -0.017122 0.113073
v 0.404394 -0.141205 0.090976
v 0.456335 0.104785 0.193264
v 0.291967 0.425879 0.127191
v 0.347857 0.350774 0.196652
v 0.409295 0.217552 0.236991
v 0.409295 -0.007983 0.236991
v 0.347857 -0.141205 0.196652
v 0.303102 -0.217861 0.109541
v 0.187068 0.463928 0.131689
v 0.327967 0.217119 0.312037
v 0.357162 0.104785 0.311269
v 0.327967 -0.007549 0.312037
v 0.280930 -0.140766 0.255964
v 0.240184 -0.252079 0.086711
v 0.255660 0.350774 0.272390
v 0.229356 0.217552 0.363277
v 0.160227 -0.240857 0.177010
v 0.171064 0.427430 0.213037
v 0.220913 0.104785 0.381885
v 0.229356 -0.007983 0.363277
v 0.200418 -0.141205 0.295196
v 0.077136 0.133411 0.396060
v 0.126865 0.357500 0.302966
v 0.076081 0.282700 0.352475
v 0.095075 -0.015883 0.377919
v 0.082179 -0.141205 0.306336
v 0.134405 0.483311 0.077760
v 0.002298 0.180680 0.372737
v 0.002298 0.028890 0.372737
v -0.018056 -0.077683 0.323871
v 0.157650 -0.275859 0.062295
v -0.031273 0.350774 0.270839
v -0.065600 0.226691 0.332209
v -0.077355 0.104785 0.346802
v 0.044425 -0.217861 0.209425
v 0.021079 0.445971 0.166896
v -0.109280 -0.015883 0.303798
v -0.061098 -0.147070 0.248503
v -0.122665 0.350774 0.194109
v -0.173747 0.217552 0.247217
v -0.185416 0.055865 0.254100
v -0.142991 -0.147869 0.152726
v -0.235567 0.104785 0.180984
v -0.202639 -0.043510 0.178354
v -0.026077 -0.240155 0.119658
v -0.178083 0.350775 0.087827
v -0.238501 0.225452 0.127278
v -0.254484 0.028890 0.113409
v -0.216926 -0.086589 0.087858
v -0.057830 0.451966 0.048909
v -0.277457 0.142889 0.032341
v -0.185123 -0.146975 0.019980
v -0.162273 0.377625 -0.022563
v -0.237120 0.276296 -0.056939
v -0.259829 -0.015883 -0.018774
v -0.063499 -0.241250 0.013444
v 0.041121 -0.273371 0.032994
v -0.261294 0.153705 -0.110446
v -0.254708 0.028890 -0.112660
v -0.208626 -0.043510 -0.167020
v -0.177139 -0.141205 -0.090976
v 0.035578 0.483834 0.013187
v -0.093324 0.427431 -0.070029
v -0.184844 0.321949 -0.134005
v -0.202398 0.217118 -0.205280
v -0.229080 0.104785 -0.193264
v -0.051784 -0.237756 -0.084317
v -0.120758 0.379200 -0.150086
v -0.184067 0.028890 -0.246724
v -0.006107 0.460751 -0.094982
v -0.107641 0.287817 -0.271046
v -0.130220 0.142889 -0.311093
v -0.121083 -0.017122 -0.294694
v -0.106468 -0.138306 -0.220738
v -0.046552 -0.194623 -0.193831
v 0.013757 0.428465 -0.193953
v 0.080842 -0.280087 -0.030540
v 0.004653 0.381391 -0.256064
v -0.002101 0.217552 -0.363277
v 0.005985 0.066681 -0.381844
v 0.005898 -0.046097 -0.348999
v 0.023264 -0.143074 -0.292010
v 0.070644 -0.239823 -0.178301
v 0.099172 0.305645 -0.021722
v 0.109050 -0.048025 -0.459781
v 0.109128 0.162719 -0.373909
v 0.110460 0.066782 -0.429767
v 0.119377 -0.151891 -0.452098
v 0.102083 -0.324992 -0.371127
v 0.082965 -0.399364 -0.285825
v 0.193427 -0.006347 -0.436661
v 0.180375 -0.225020 -0.416520
v 0.065931 0.299931 -0.142949
v 0.228370 0.109832 -0.377483
v 0.315062 0.036711 -0.359963
v 0.264239 -0.079119 -0.414738
v 0.264551 -0.184705 -0.397465
v 0.222736 -0.325055 -0.336163
v 0.145979 -0.437544 -0.200838
v 0.168950 0.261362 -0.234334
v 0.229289 0.197094 -0.297142
v 0.331674 0.137581 -0.270119
v 0.386555 -0.079119 -0.310412
v 0.366336 -0.191887 -0.311184
v 0.318053 -0.322897 -0.256975
v 0.219098 -0.403277 -0.230631
v 0.332498 0.195296 -0.177797
v 0.399787 0.041549 -0.258317
v 0.456298 -0.041016 -0.172895
v 0.437950 -0.191887 -0.181078
v 0.370673 -0.325109 -0.151795
v 0.134860 -0.458052 -0.120533
v 0.251282 0.264780 -0.126233
v 0.420184 0.105343 -0.128738
v 0.422055 -0.268327 -0.038137
v 0.157363 0.299037 -0.077298
v 0.326510 0.221608 -0.044026
v 0.417578 0.112254 -0.017128
v 0.461940 -0.003224 -0.026190
v 0.452343 -0.079119 0.057926
v 0.467972 -0.128038 -0.029660
v 0.296643 -0.401765 -0.079412
v 0.427223 -0.227414 0.036225
v 0.346112 -0.356942 0.009790
v 0.346603 0.166871 0.082665
v 0.414637 0.033649 0.110099
v 0.418501 -0.155014 0.119245
v 0.374090 -0.270492 0.110438
v 0.230314 -0.437408 -0.049825
v 0.377826 -0.079119 0.193242
v 0.243678 -0.401765 0.080875
v 0.227761 0.267319 0.037072
v 0.270779 0.166871 0.175149
v 0.323260 0.033649 0.226841
v 0.323260 -0.191886 0.226841
v 0.270779 -0.325109 0.175149
v 0.194690 0.033649 0.299310
v 0.257809 -0.079119 0.289400
v 0.193703 -0.324669 0.220108
v 0.115233 -0.463891 -0.033844
v 0.140000 0.164599 0.242157
v 0.194690 -0.191887 0.299310
v 0.147234 -0.435924 0.071722
v 0.085868 0.033215 0.315986
v 0.110564 -0.079119 0.331761
v 0.107175 -0.325109 0.242692
v 0.120183 0.263596 0.120832
v -0.006154 0.242218 0.139035
v 0.060409 -0.199787 0.313952
v 0.094224 -0.401765 0.156315
v 0.031633 0.195296 0.212600
v -0.012617 0.094941 0.279255
v -0.032367 -0.003224 0.308770
v -0.041173 -0.117222 0.314042
v 0.004224 -0.331773 0.227652
v -0.083819 -0.262151 0.246626
v 0.041616 -0.450978 0.042297
v -0.102510 0.161110 0.190920
v -0.155230 0.033648 0.235233
v -0.174978 -0.117223 0.238744
v -0.165174 -0.261587 0.184255
v -0.084141 -0.380083 0.127952
v -0.029711 0.278139 0.042621
v -0.141661 0.223106 0.052528
v -0.226904 0.103913 0.102764
v -0.260212 -0.003224 0.119935
v -0.298414 -0.079119 0.044601
v -0.263323 -0.128039 0.126213
v -0.226904 -0.262151 0.102764
v -0.080127 -0.423082 0.024308
v -0.266673 0.103913 -0.028376
v -0.303940 -0.003224 -0.025411
v -0.290938 -0.199787 -0.008652
v -0.220289 -0.328609 -0.010835
v -0.217900 0.172641 -0.103351
v -0.290637 0.033215 -0.131238
v -0.310843 -0.117223 -0.109456
v -0.217900 -0.330879 -0.103351
v -0.137514 -0.401765 -0.091794
v 0.009160 0.300633 -0.029012
v -0.067358 0.278870 -0.093420
v -0.269298 -0.227414 -0.164159
v -0.130194 0.248406 -0.110383
v -0.188679 0.166871 -0.210599
v -0.256713 0.033648 -0.238033
v -0.263968 -0.117223 -0.256948
v -0.069914 -0.436377 -0.091495
v -0.204900 -0.227414 -0.291398
v -0.177324 -0.331834 -0.221148
v -0.081218 0.220288 -0.257798
v -0.142306 0.103913 -0.335013
v -0.165447 -0.003224 -0.364722
v -0.164886 -0.117223 -0.375060
v -0.110752 -0.263580 -0.358195
v -0.030106 -0.421142 -0.218831
v -0.008435 0.170595 -0.355517
v -0.028768 0.071763 -0.412966
v -0.028680 -0.041015 -0.445811
v -0.033108 -0.155014 -0.436477
v -0.030935 -0.333145 -0.345363
v 0.011461 -0.458871 -0.103279
v 0.022840 0.267733 -0.235791
v 0.040585 -0.230001 -0.427528
vn 0.1153 0.9919 0.0529
vn -0.0796 -0.0013 -0.9968
vn -0.0641 -0.6551 -0.7528
vn 0.0297 0.8817 -0.4708
vn 0.0674 0.3211 -0.9446
vn 0.0420 -0.3122 -0.9491
vn 0.2092 0.6442 -0.7357
vn 0.3061 0.1113 -0.9455
vn 0.2925 -0.1971 -0.9357
vn 0.2809 -0.5178 -0.8081
vn 0.1302 -0.7942 -0.5936
vn 0.4328 0.4561 -0.7776
vn 0.5614 -0.1065 -0.8206
vn 0.1233 -0.9572 -0.2619
vn 0.6160 0.1971 -0.7627
vn 0.5254 -0.4683 -0.7104
vn 0.3111 0.8738 -0.3738
vn 0.5581 0.6554 -0.5088
vn 0.7580 0.3187 -0.5691
vn 0.7937 -0.1083 -0.5986
vn 0.7075 -0.4940 -0.5054
vn 0.4454 -0.7704 -0.4562
vn 0.3527 -0.9190 -0.1764
vn 0.0874 0.9787 -0.1856
vn 0.6125 0.7664 -0.1936
vn 0.8448 0.4728 -0.2505
vn 0.9571 0.1133 -0.2666
vn 0.9364 -0.2076 -0.2829
vn 0.8415 -0.4739 -0.2593
vn 0.7061 0.6999 0.1073
vn 0.6384 -0.7544 -0.1528
vn 0.3784 0.9245 -0.0470
vn 0.8866 0.4564 0.0751
vn 0.9869 0.1145 0.1141
vn 0.9757 -0.1984 0.0930
vn 0.8737 -0.4799 0.0799
vn 0.7766 -0.5095 0.3705
vn 0.6013 -0.7872 0.1371
vn 0.5135 0.8411 0.1701
vn 0.7907 0.4548 0.4099
vn 0.8721 0.1174 0.4751
vn 0.8787 -0.1886 0.4386
vn 0.5580 0.7125 0.4254
vn 0.5665 0.5011 0.6542
vn 0.7148 -0.3832 0.5851
vn 0.4953 -0.7718 0.3989
vn 0.2804 -0.9571 0.0736
vn 0.2703 0.9226 0.2754
vn 0.6616 0.1970 0.7235
vn 0.6507 -0.1365 0.7470
vn 0.5177 -0.5133 0.6845
vn 0.3213 0.7742 0.5453
vn 0.4105 0.3265 0.8514
vn 0.4304 -0.0009 0.9026
vn 0.2174 -0.7911 0.5718
vn 0.3324 -0.3189 0.8876
vn 0.1411 0.4929 0.8586
vn 0.0805 0.1164 0.9899
vn 0.0796 -0.1942 0.9777
vn -0.0085 -0.4747 0.8801
vn 0.1611 -0.6331 0.7571
vn 0.1427 -0.9227 0.3582
vn 0.0137 0.7161 0.6978
vn -0.0285 0.8921 0.4510
vn -0.2407 0.4715 0.8484
vn -0.2757 0.2171 0.9364
vn -0.2918 -0.1105 0.9501
vn -0.2487 -0.4727 0.8454
vn -0.1690 -0.7827 0.5991
vn -0.0003 -0.9767 0.2145
vn -0.3384 0.7604 0.5543
vn -0.5672 0.1033 0.8171
vn -0.5282 -0.2967 0.7956
vn -0.5274 0.5004 0.6866
vn -0.4530 -0.6475 0.6128
vn -0.0800 0.9774 0.1956
vn -0.6815 0.6327 0.3678
vn -0.7474 0.2878 0.5989
vn -0.7930 -0.1023 0.6006
vn -0.6937 -0.4690 0.5467
vn -0.5118 -0.7877 0.3430
vn -0.3803 0.8873 0.2607
vn -0.9469 -0.0677 0.3144
vn -0.8309 0.5521 0.0695
vn -0.9120 0.2830 0.2969
vn -0.8364 -0.4742 0.2749
vn -0.6279 -0.7747 0.0746
vn -0.2639 -0.9293 0.2584
vn -0.6259 0.7768 0.0700
vn -0.9935 -0.1013 0.0524
vn -0.8785 -0.4778 0.0015
vn -0.9563 0.2840 -0.0700
vn -0.1127 -0.9936 0.0124
vn -0.3756 0.9252 -0.0544
vn -0.7504 0.6248 -0.2159
vn -0.9515 0.0053 -0.3075
vn -0.9176 -0.3017 -0.2590
vn -0.7381 -0.6346 -0.2290
vn -0.5021 0.8304 -0.2417
vn -0.6406 0.6272 -0.4430
vn -0.8525 0.3280 -0.4071
vn -0.8076 -0.2950 -0.5106
vn -0.4363 -0.8861 -0.1564
vn -0.7690 0.0850 -0.6336
vn -0.5525 -0.4817 -0.6802
vn -0.6069 -0.6571 -0.4471
vn -0.4767 0.6367 -0.6061
vn -0.5923 0.3391 -0.7309
vn -0.6203 -0.1993 -0.7586
vn -0.1547 -0.9184 -0.3641
vn -0.1733 0.9810 -0.0877
vn -0.2433 0.8784 -0.4114
vn -0.4612 0.0100 -0.8872
vn -0.3217 -0.7815 -0.5346
vn -0.2889 0.3149 -0.9041
vn -0.2965 -0.2077 -0.9322
vn -0.2719 -0.4810 -0.8335
vn -0.1215 -0.9812 -0.1499
vn -0.1493 0.6468 -0.7479
vn -0.1124 0.9918 0.0612
vn -0.1001 -0.0171 -0.9948
vn 0.2671 0.3852 -0.8833
vn 0.2094 0.0782 -0.9747
vn 0.1063 -0.2008 -0.9738
vn 0.0747 -0.4904 -0.8683
vn -0.0117 -0.7943 -0.6073
vn 0.2753 0.6425 -0.7152
vn 0.4104 -0.3045 -0.8596
vn -0.0839 -0.9518 -0.2950
vn 0.1499 0.8418 -0.5185
vn 0.4822 0.1004 -0.8703
vn 0.3963 -0.5699 -0.7198
vn 0.2276 -0.9275 -0.2964
vn 0.5322 0.4650 -0.7075
vn 0.6268 -0.1998 -0.7532
vn 0.3281 -0.7701 -0.5471
vn 0.4877 0.7193 -0.4947
vn 0.7178 0.4595 -0.5230
vn 0.7802 0.1038 -0.6168
vn 0.7486 -0.3224 -0.5794
vn 0.2248 0.9285 -0.2956
vn 0.4789 0.8338 -0.2747
vn 0.7392 0.6377 -0.2166
vn 0.6343 -0.6324 -0.4448
vn 0.9142 0.2902 -0.2828
vn 0.9556 -0.1041 -0.2756
vn 0.8531 -0.4573 -0.2511
vn 0.4975 -0.8369 -0.2282
vn 0.0836 -0.9950 -0.0545
vn 0.7633 0.6412 0.0789
vn 0.9948 0.0698 0.0741
vn 0.7008 -0.7084 -0.0842
vn 0.1587 0.9826 -0.0966
vn 0.9160 0.3971 0.0577
vn 0.9716 -0.2162 0.0960
vn 0.8782 -0.4707 0.0849
vn 0.4724 0.8794 0.0590
vn 0.9336 0.1922 0.3024
vn 0.6172 -0.7720 0.1517
vn 0.6782 0.6440 0.3539
vn 0.8218 0.3950 0.4106
vn 0.8756 -0.1187 0.4682
vn 0.7793 -0.4726 0.4114
vn 0.3861 -0.9206 0.0591
vn 0.5591 0.5122 0.6519
vn 0.7564 0.1950 0.6243
vn 0.6921 -0.1127 0.7130
vn 0.4685 -0.7827 0.4097
vn 0.4321 0.7817 0.4498
vn 0.5786 -0.4645 0.6704
vn 0.1722 -0.9792 0.1070
vn 0.4611 0.2699 0.8453
vn 0.4506 -0.0962 0.8875
vn 0.2643 -0.5002 0.8246
vn 0.3433 -0.7111 0.6136
vn 0.1477 0.7883 0.5973
vn 0.2321 0.5022 0.8330
vn 0.1856 -0.9196 0.3463
vn 0.1796 0.9301 0.3205
vn 0.0942 0.0965 0.9909
vn 0.1047 -0.2820 0.9537
vn 0.0778 -0.7836 0.6164
vn -0.0453 0.6645 0.7459
vn -0.0694 0.3906 0.9179
vn 0.0741 0.9787 0.1915
vn -0.2631 0.1961 0.9446
vn -0.2531 -0.1368 0.9577
vn -0.1740 -0.4818 0.8588
vn -0.2338 -0.6548 0.7187
vn -0.3076 0.7795 0.5458
vn -0.3469 0.5654 0.7484
vn -0.4748 0.3206 0.8196
vn -0.5191 0.0079 0.8547
vn -0.5119 -0.3136 0.7997
vn -0.0872 -0.9620 0.2588
vn -0.5039 -0.6403 0.5797
vn -0.2801 -0.8396 0.4654
vn -0.2001 0.9234 0.3277
vn -0.6770 0.4903 0.5489
vn -0.7549 0.2044 0.6232
vn -0.7557 -0.1227 0.6434
vn -0.7040 -0.4033 0.5846
vn -0.5464 0.7730 0.3222
vn -0.8994 -0.0024 0.4371
vn -0.8376 0.4772 0.2660
vn -0.9381 0.2023 0.2812
vn -0.8949 -0.3290 0.3015
vn -0.7202 -0.6301 0.2905
vn -0.4550 0.8892 0.0467
vn -0.7499 0.6599 0.0462
vn -0.9933 -0.0834 0.0797
vn -0.9523 0.2955 -0.0767
vn -0.9369 -0.3375 -0.0915
vn -0.6147 -0.7887 0.0114
vn -0.4081 -0.8990 0.1589
vn -0.7384 0.6358 -0.2249
vn -0.9558 0.0047 -0.2938
vn -0.7764 -0.4753 -0.4139
vn -0.7618 -0.6343 -0.1312
vn -0.4442 0.8698 -0.2148
vn -0.8486 0.3054 -0.4321
vn -0.8616 -0.2065 -0.4637
vn -0.2692 -0.9584 -0.0950
vn -0.5902 0.6419 -0.4896
vn -0.7671 0.0094 -0.6415
vn -0.5628 -0.4729 -0.6779
vn -0.6270 0.2948 -0.7211
vn -0.6300 -0.2073 -0.7484
vn -0.5112 -0.7116 -0.4820
vn -0.4086 -0.8422 -0.3516
vn -0.2845 0.6662 -0.6894
vn -0.4076 0.4677 -0.7843
vn -0.4627 0.0017 -0.8865
vn -0.1469 0.9781 -0.1476
vn -0.3088 0.2002 -0.9298
vn -0.2846 -0.3087 -0.9076
vn -0.2403 -0.6455 -0.7250
vn -0.1897 0.8842 -0.4269
vn -0.0016 0.6434 -0.7655
vn -0.0638 0.3314 -0.9413
vn 0.0363 0.9945 0.0978
vn -0.0095 -0.1077 -0.9941
vn 0.1629 0.6164 -0.7704
vn 0.0016 -0.7212 -0.6927
vn 0.1148 0.8362 -0.5363
vn 0.2895 0.2939 -0.9110
vn 0.2773 0.0226 -0.9605
vn 0.2479 -0.2972 -0.9221
vn 0.1323 -0.4934 -0.8597
vn 0.3893 0.6351 -0.6672
vn 0.5957 0.2964 -0.7465
vn 0.5224 -0.1047 -0.8463
vn 0.0894 -0.9175 -0.3876
vn 0.0836 0.9595 -0.2691
vn 0.5275 -0.4695 -0.7080
vn 0.3170 -0.7723 -0.5505
vn 0.6024 0.6350 -0.4837
vn 0.7962 0.2902 -0.5308
vn 0.7879 -0.1005 -0.6075
vn 0.6976 -0.4940 -0.5189
vn -0.0043 -0.9837 -0.1799
vn 0.7511 0.6204 -0.2257
vn 0.3553 0.8891 -0.2887
vn 0.9124 0.2932 -0.2855
vn 0.9462 -0.0661 -0.3166
vn 0.8459 -0.4628 -0.2650
vn 0.6462 -0.7068 -0.2877
vn 0.4811 -0.8406 -0.2487
vn 0.5334 0.8349 -0.1357
vn 0.9944 0.0730 0.0770
vn 0.9754 -0.2050 -0.0812
vn 0.8611 -0.5041 0.0664
vn 0.7020 -0.7108 0.0440
vn 0.3410 -0.9284 -0.1476
vn 0.2192 0.9753 -0.0272
vn 0.8836 0.4633 0.0672
vn 0.6932 0.7099 0.1249
vn 0.9330 0.1998 0.2994
vn 0.9193 -0.3073 0.2458
vn 0.5180 0.8272 0.2177
vn 0.7854 0.4697 0.4032
vn 0.8766 -0.0897 0.4727
vn 0.5144 -0.8391 0.1768
vn 0.2497 -0.9644 0.0874
vn 0.5734 0.6583 0.4877
vn 0.7693 0.1945 0.6086
vn 0.7277 -0.3279 0.6024
vn 0.6589 -0.6231 0.4214
vn 0.3289 0.9294 0.1676
vn 0.5889 0.4005 0.7020
vn 0.6315 -0.0053 0.7754
vn 0.4764 -0.1931 0.8578
vn 0.3013 0.8388 0.4534
vn 0.2610 0.3303 0.9070
vn 0.4808 0.1964 0.8546
vn 0.4558 -0.4601 0.7620
vn 0.4211 -0.7125 0.5612
vn 0.2510 -0.8424 0.4768
vn 0.3253 0.6453 0.6912
vn 0.2541 0.0053 0.9672
vn 0.1902 -0.3004 0.9347
vn 0.1850 -0.6327 0.7519
vn 0.0436 0.5666 0.8228
vn 0.1521 -0.9264 0.3444
vn 0.0535 0.9277 0.3694
vn -0.0190 0.7738 0.6332
vn -0.0865 0.2817 0.9556
vn -0.1253 -0.0970 0.9874
vn -0.0927 -0.4765 0.8743
vn -0.4669 0.2018 0.8610
vn -0.1111 -0.7724 0.6254
vn -0.3726 0.7092 0.5986
vn -0.3593 0.5009 0.7874
vn -0.4834 -0.1170 0.8676
vn -0.4168 -0.4699 0.7781
vn -0.0846 -0.9553 0.2834
vn -0.3704 -0.7821 0.5011
vn -0.2340 0.8921 0.3865
vn -0.5426 0.7713 0.3327
vn -0.6875 0.4653 0.5575
vn -0.7809 0.1179 0.6134
vn -0.7578 -0.2120 0.6172
vn -0.6761 -0.4799 0.5590
vn -0.5659 -0.7653 0.3067
vn -0.8378 0.4746 0.2698
vn -0.9380 0.1983 0.2845
vn -0.9582 -0.1123 0.2631
vn -0.8496 -0.4620 0.2544
vn -0.7110 -0.6976 0.0879
vn -0.7541 0.6548 0.0509
vn -0.9901 -0.1283 -0.0576
vn -0.3524 -0.9245 0.1456
vn -0.1827 0.9784 0.0969
vn -0.4723 0.8808 0.0340
vn -0.9548 0.2898 -0.0668
vn -0.5397 -0.8393 -0.0661
vn -0.1058 -0.9941 0.0259
vn -0.7374 0.6368 -0.2250
vn -0.9509 0.0102 -0.3093
vn -0.8953 -0.4280 -0.1234
vn -0.7264 -0.6475 -0.2305
vn -0.4066 0.8868 -0.2195
vn -0.8595 0.3207 -0.3981
vn -0.8606 -0.2075 -0.4651
vn -0.7353 -0.4679 -0.4903
vn -0.5494 0.7200 -0.4240
vn -0.6578 0.4852 -0.5760
vn -0.7631 0.1068 -0.6374
vn -0.5629 -0.4731 -0.6777
vn -0.4991 -0.7681 -0.4011
vn -0.5466 0.1014 -0.8313
vn -0.6206 -0.2108 -0.7553
vn -0.2956 -0.9264 -0.2331
vn -0.2415 0.8384 -0.4886
vn -0.3553 0.6320 -0.6888
vn -0.4496 0.3959 -0.8007
vn -0.3483 -0.7040 -0.6189
vn -0.2811 0.1980 -0.9390
vn -0.2712 -0.1270 -0.9541
vn -0.2531 -0.4576 -0.8524
vn -0.1205 0.9624 -0.2434
vn -0.0925 0.6407 -0.7622
vn -0.0602 0.3203 -0.9454
vn -0.1467 -0.8470 -0.5110
vn 0.0022 0.9914 -0.1305
vn -0.0575 -0.0800 -0.9951
vn -0.0062 -0.6485 -0.7612
vn 0.0634 0.3121 -0.9479
vn 0.0770 0.8800 -0.4688
vn 0.1953 0.6501 -0.7343
vn 0.3231 0.0917 -0.9419
vn 0.1893 -0.2856 -0.9395
vn 0.3330 -0.4974 -0.8011
vn 0.4080 0.4694 -0.7831
vn 0.0664 -0.8835 -0.4636
vn 0.6261 0.4744 -0.6188
vn 0.6533 0.1081 -0.7494
vn 0.6219 -0.1870 -0.7605
vn 0.5752 -0.4797 -0.6625
vn 0.3474 -0.7803 -0.5201
vn 0.4249 0.7789 -0.4612
vn 0.8839 0.0991 -0.4570
vn 0.0295 -0.9818 -0.1874
vn 0.7811 0.4707 -0.4103
vn 0.8420 -0.2826 -0.4596
vn 0.6408 -0.6433 -0.4190
vn 0.9758 0.0973 -0.1958
vn 0.4220 -0.8911 -0.1670
vn 0.3364 0.9248 -0.1775
vn 0.6308 0.7655 -0.1264
vn 0.8722 0.4797 -0.0953
vn 0.9395 -0.3109 -0.1440
vn 0.7731 -0.6218 -0.1249
vn 0.9746 0.1993 0.1021
vn 0.9877 -0.1017 0.1190
vn 0.7186 0.6364 0.2803
vn 0.8867 0.3845 0.2566
vn 0.8885 -0.3951 0.2335
vn 0.7386 -0.6370 0.2208
vn 0.5537 -0.8261 0.1042
vn 0.8733 0.0992 0.4769
vn 0.8612 -0.1978 0.4683
vn 0.1301 -0.9914 0.0164
vn 0.4110 0.8843 0.2216
vn 0.7253 0.4094 0.5534
vn 0.6961 -0.4611 0.5502
vn 0.3733 -0.8961 0.2402
vn 0.1972 0.9800 0.0258
vn 0.5020 0.7056 0.5001
vn 0.6156 0.1923 0.7642
vn 0.6229 -0.1085 0.7748
vn 0.4908 -0.4709 0.7330
vn 0.4984 -0.7211 0.4813
vn 0.4786 0.4873 0.7304
vn 0.1725 -0.8808 0.4408
vn 0.1732 0.7941 0.5826
vn 0.2208 0.4950 0.8404
vn 0.2811 0.1034 0.9541
vn 0.2832 -0.2876 0.9149
vn 0.2225 -0.6433 0.7326
vn -0.0874 0.6371 0.7658
vn -0.0894 0.2970 0.9507
vn -0.0806 -0.0663 0.9945
vn -0.0777 -0.4756 0.8762
vn -0.0466 -0.7687 0.6380
vn -0.2789 -0.1971 0.9399
vn 0.0144 0.9277 0.3730
vn -0.3715 0.6208 0.6904
vn -0.4281 0.3040 0.8510
vn -0.4961 0.0078 0.8682
vn -0.4703 -0.3369 0.8157
vn -0.3308 -0.6556 0.6788
vn -0.2742 0.8401 0.4681
vn -0.2192 -0.8905 0.3987
vn -0.0081 -0.9798 0.1998
vn -0.6052 0.6385 0.4755
vn -0.7019 0.4031 0.5872
vn -0.7524 0.1173 0.6481
vn -0.7269 -0.2873 0.6238
vn -0.5442 -0.6432 0.5387
vn -0.0787 0.9807 0.1790
vn -0.8981 -0.0074 0.4398
vn -0.7379 -0.5609 0.3754
vn -0.4175 -0.8761 0.2411
vn -0.7546 0.6191 0.2175
vn -0.9056 0.3075 0.2921
vn -0.9156 -0.2867 0.2819
vn -0.6792 -0.7158 0.1621
vn -0.3416 0.9259 0.1616
vn -0.5390 0.8310 0.1374
vn -0.9954 0.0013 0.0957
vn -0.8730 -0.4854 0.0486
vn -0.7696 0.6239 -0.1360
vn -0.9440 0.3270 -0.0429
vn -0.9846 -0.1217 -0.1253
vn -0.5449 -0.8340 -0.0873
vn -0.9428 0.1938 -0.2713
vn -0.8885 -0.3808 -0.2560
vn -0.7293 -0.6465 -0.2241
vn -0.8266 0.3207 -0.4626
vn -0.8652 -0.0941 -0.4924
vn -0.6907 -0.4861 -0.5353
vn -0.2639 -0.9643 0.0204
vn -0.4749 0.8389 -0.2659
vn -0.6143 0.6418 -0.4590
vn -0.2707 0.9575 -0.0991
vn -0.6261 0.3006 -0.7195
vn -0.6241 0.0014 -0.7814
vn -0.6114 -0.2986 -0.7328
vn -0.5233 -0.7112 -0.4694
vn -0.2496 -0.9282 -0.2761
vn -0.3743 0.6473 -0.6640
vn -0.3262 -0.8366 -0.4401
vn -0.2786 0.4021 -0.8722
vn -0.3125 0.1157 -0.9428
vn -0.2912 -0.3103 -0.9049
vn -0.3055 -0.6392 -0.7058
vn -0.1886 0.8874 -0.4207
vn -0.0744 0.6538 -0.7530
vn 0.1297 0.9913 -0.0200
vn -0.1499 0.5768 -0.8030
vn 0.0851 0.2792 -0.9565
vn 0.0679 -0.0646 -0.9956
vn 0.0624 -0.6451 -0.7615
vn 0.0385 0.9255 -0.3767
vn 0.1441 0.6343 -0.7596
vn 0.1906 -0.2987 -0.9351
vn 0.3926 -0.4521 -0.8009
vn -0.0109 0.9809 -0.1942
vn 0.1565 0.8427 -0.5152
vn 0.4425 0.4432 -0.7796
vn 0.4420 0.1107 -0.8902
vn 0.4075 0.7186 -0.5636
vn 0.6378 -0.1140 -0.7618
vn 0.5981 -0.4850 -0.6380
vn 0.4064 -0.7207 -0.5616
vn 0.2522 -0.8336 -0.4914
vn 0.6876 0.4891 -0.5366
vn 0.7511 0.2122 -0.6252
vn 0.2206 -0.9227 -0.3163
vn 0.5317 0.7807 -0.3284
vn 0.8864 -0.0005 -0.4629
vn 0.8328 -0.3055 -0.4616
vn 0.6840 -0.6368 -0.3559
vn 0.8326 0.4861 -0.2655
vn 0.9382 0.2095 -0.2754
vn 0.9797 -0.0945 -0.1770
vn 0.1168 -0.9809 -0.1559
vn 0.8776 0.4793 -0.0075
vn 0.9120 -0.3974 -0.1012
vn 0.7639 -0.6430 -0.0556
vn 0.4717 -0.8724 -0.1280
vn 0.6306 0.7758 -0.0205
vn 0.9799 0.1830 0.0794
vn 0.9886 -0.0902 0.1205
vn 0.3534 0.9315 -0.0858
vn 0.7387 0.6318 0.2350
vn 0.8988 0.3182 0.3016
vn 0.8975 -0.3389 0.2821
vn 0.7455 -0.6308 0.2151
vn 0.8790 0.0024 0.4768
vn 0.4488 0.8394 0.3065
vn 0.6023 0.6242 0.4976
vn 0.7530 0.3082 0.5815
vn 0.7530 -0.3082 0.5815
vn 0.6050 -0.6250 0.4932
vn 0.4896 -0.8289 0.2707
vn 0.1936 0.9293 0.3146
vn 0.5416 0.3065 0.7828
vn 0.6179 -0.0000 0.7862
vn 0.5390 -0.3079 0.7840
vn 0.4274 -0.6409 0.6376
vn 0.3226 -0.9265 0.1937
vn 0.3690 0.6305 0.6829
vn 0.2831 0.3045 0.9095
vn 0.1149 -0.8863 0.4486
vn 0.1357 0.8358 0.5320
vn 0.2771 -0.0034 0.9608
vn 0.2920 -0.3032 0.9071
vn 0.2130 -0.6379 0.7401
vn -0.0692 0.0713 0.9951
vn 0.0296 0.6633 0.7478
vn -0.0885 0.4547 0.8862
vn -0.0249 -0.3209 0.9468
vn -0.0679 -0.6425 0.7633
vn 0.0299 0.9795 0.1994
vn -0.2819 0.1924 0.9399
vn -0.2933 -0.1910 0.9367
vn -0.3271 -0.4752 0.8168
vn 0.0960 -0.9843 0.1483
vn -0.3651 0.6430 0.6733
vn -0.4768 0.3374 0.8117
vn -0.5078 0.0022 0.8615
vn -0.1606 -0.8438 0.5121
vn -0.2348 0.8758 0.4218
vn -0.5785 -0.3253 0.7480
vn -0.4573 -0.6495 0.6075
vn -0.5999 0.6390 0.4815
vn -0.7240 0.2990 0.6216
vn -0.7579 -0.1169 0.6418
vn -0.6403 -0.6698 0.3759
vn -0.8946 0.0103 0.4468
vn -0.7900 -0.3905 0.4727
vn -0.3549 -0.8865 0.2969
vn -0.7425 0.6330 0.2191
vn -0.8919 0.3316 0.3076
vn -0.9430 -0.1920 0.2717
vn -0.8456 -0.4902 0.2113
vn -0.4434 0.8854 0.1394
vn -0.9928 0.0949 0.0733
vn -0.7381 -0.6732 0.0447
vn -0.7039 0.7091 -0.0425
vn -0.8932 0.4346 -0.1152
vn -0.9494 -0.3106 -0.0477
vn -0.4758 -0.8786 0.0400
vn -0.1813 -0.9776 0.1072
vn -0.9584 0.1268 -0.2556
vn -0.9435 -0.1938 -0.2687
vn -0.8194 -0.3980 -0.4125
vn -0.7326 -0.6428 -0.2241
vn -0.1935 0.9804 0.0385
vn -0.5158 0.8388 -0.1741
vn -0.7538 0.5582 -0.3468
vn -0.8015 0.2972 -0.5189
vn -0.8667 -0.0028 -0.4988
vn -0.4217 -0.8817 -0.2117
vn -0.5725 0.7186 -0.3947
vn -0.7665 -0.1928 -0.6126
vn -0.3018 0.9236 -0.2364
vn -0.5565 0.4815 -0.6770
vn -0.6148 0.0959 -0.7828
vn -0.5799 -0.3226 -0.7481
vn -0.5648 -0.6164 -0.5487
vn -0.3965 -0.7916 -0.4649
vn -0.2498 0.8425 -0.4773
vn -0.1020 -0.9902 -0.0952
vn -0.2765 0.7166 -0.6403
vn -0.2964 0.2835 -0.9120
vn -0.2733 -0.0914 -0.9576
vn -0.2632 -0.4007 -0.8776
vn -0.2324 -0.6446 -0.7284
vn -0.1054 -0.8892 -0.4451
vn 0.0474 0.9901 0.1324
vn 0.0593 0.0718 -0.9957
vn 0.0682 0.6495 -0.7573
vn 0.0574 0.3866 -0.9205
vn 0.1039 -0.1806 -0.9781
vn 0.0617 -0.6410 -0.7650
vn 0.0126 -0.8361 -0.5484
vn 0.3060 0.1909 -0.9327
vn 0.2552 -0.3914 -0.8841
vn -0.0338 0.9804 -0.1939
vn 0.3808 0.4950 -0.7810
vn 0.6069 0.2928 -0.7389
vn 0.4831 -0.0088 -0.8755
vn 0.4883 -0.2823 -0.8258
vn 0.3722 -0.6330 -0.6788
vn 0.1551 -0.9308 -0.3309
vn 0.2223 0.8771 -0.4258
vn 0.3837 0.7251 -0.5718
vn 0.6448 0.5675 -0.5120
vn 0.7874 -0.0042 -0.6164
vn 0.7274 -0.3069 -0.6137
vn 0.6199 -0.6222 -0.4781
vn 0.3721 -0.8375 -0.4002
vn 0.6407 0.7123 -0.2867
vn 0.8187 0.3165 -0.4791
vn 0.9599 0.0873 -0.2664
vn 0.9101 -0.2925 -0.2936
vn 0.7361 -0.6373 -0.2282
vn 0.1444 -0.9775 -0.1536
vn 0.4273 0.8896 -0.1614
vn 0.8621 0.4783 -0.1675
vn 0.8717 -0.4882 0.0433
vn 0.2142 0.9756 -0.0473
vn 0.6339 0.7715 0.0536
vn 0.8557 0.5022 0.1251
vn 0.9753 0.2054 0.0808
vn 0.9475 0.0038 0.3199
vn 0.9888 -0.1363 0.0608
vn 0.5500 -0.8325 -0.0670
vn 0.8897 -0.3786 0.2551
vn 0.6691 -0.7181 0.1914
vn 0.6772 0.6343 0.3728
vn 0.8460 0.3035 0.4384
vn 0.8647 -0.1978 0.4618
vn 0.7387 -0.5079 0.4432
vn 0.3798 -0.9245 0.0327
vn 0.7626 0.0060 0.6468
vn 0.4169 -0.8313 0.3677
vn 0.3795 0.8879 0.2602
vn 0.4819 0.6379 0.6006
vn 0.6182 0.3125 0.7213
vn 0.6142 -0.3047 0.7279
vn 0.4931 -0.6341 0.5956
vn 0.3099 0.3065 0.9000
vn 0.4621 -0.0000 0.8869
vn 0.3081 -0.6340 0.7093
vn 0.0881 -0.9928 0.0806
vn 0.1709 0.6269 0.7601
vn 0.2998 -0.3081 0.9029
vn 0.1844 -0.9223 0.3396
vn 0.0103 0.3015 0.9534
vn 0.0799 -0.0021 0.9968
vn 0.0697 -0.6228 0.7793
vn 0.1128 0.8846 0.4524
vn -0.2269 0.8410 0.4911
vn -0.0545 -0.3304 0.9423
vn 0.0335 -0.8404 0.5409
vn -0.1219 0.7096 0.6939
vn -0.2343 0.4655 0.8535
vn -0.3023 0.1820 0.9357
vn -0.3203 -0.1001 0.9420
vn -0.1973 -0.6593 0.7255
vn -0.4082 -0.4647 0.7858
vn -0.1162 -0.9557 0.2705
vn -0.4696 0.6224 0.6262
vn -0.6018 0.2812 0.7475
vn -0.6478 -0.0959 0.7558
vn -0.6357 -0.4671 0.6146
vn -0.4178 -0.7748 0.4745
vn -0.2715 0.9247 0.2669
vn -0.5654 0.7761 0.2794
vn -0.7733 0.4826 0.4113
vn -0.8583 0.2036 0.4711
vn -0.9670 -0.0024 0.2549
vn -0.8570 -0.1432 0.4950
vn -0.7697 -0.4786 0.4224
vn -0.4090 -0.8859 0.2187
vn -0.8678 0.4856 0.1055
vn -0.9747 0.1967 0.1064
vn -0.9377 -0.3227 0.1289
vn -0.7509 -0.6431 0.1505
vn -0.7621 0.6418 -0.0859
vn -0.9383 0.2896 -0.1888
vn -0.9885 -0.0870 -0.1237
vn -0.7728 -0.6252 -0.1088
vn -0.5493 -0.8318 -0.0800
vn -0.1706 0.9810 0.0919
vn -0.3559 0.9316 -0.0743
vn -0.8866 -0.3939 -0.2423
vn -0.5214 0.8461 -0.1107
vn -0.6886 0.6224 -0.3721
vn -0.8531 0.2880 -0.4351
vn -0.8748 -0.0803 -0.4777
vn -0.3667 -0.9279 -0.0682
vn -0.7305 -0.3865 -0.5630
vn -0.6321 -0.6636 -0.4001
vn -0.4109 0.7791 -0.4735
vn -0.5649 0.4806 -0.6708
vn -0.6309 0.1960 -0.7507
vn -0.6210 -0.1002 -0.7774
vn -0.4841 -0.4749 -0.7349
vn -0.2818 -0.8771 -0.3890
vn -0.2165 0.6575 -0.7216
vn -0.2728 0.3920 -0.8786
vn -0.2753 0.1022 -0.9559
vn -0.2917 -0.2017 -0.9350
vn -0.2837 -0.6683 -0.6876
vn -0.1544 -0.9831 -0.0979
vn -0.1398 0.8902 -0.4335
vn -0.1051 -0.4044 -0.9085
vt 0.519762 0.893440
vt 0.524607 0.873317
vt 0.535771 0.894501
vt 0.993695 0.261241
vt 0.982952 0.289156
vt 0.965072 0.254840
vt 0.553594 0.896154
vt 0.956755 0.294931
vt 0.941952 0.276278
vt 0.927362 0.302369
vt 0.901244 0.276326
vt 0.043485 0.041960
vt 0.079908 0.053156
vt 0.043067 0.077451
vt 0.888616 0.296502
vt 0.860732 0.303662
vt 0.859934 0.276915
vt 0.110490 0.061485
vt 0.089136 0.081012
vt 0.034731 0.102289
vt 0.011088 0.072244
vt 0.065578 0.110773
vt 0.932146 0.327171
vt 0.892261 0.329215
vt 0.003485 0.102370
vt 0.026458 0.130901
vt 0.968597 0.318773
vt 0.992524 0.317761
vt 0.965913 0.341125
vt 0.508786 0.834102
vt 0.531180 0.852955
vt 0.926075 0.343792
vt 0.554980 0.862317
vt 0.120850 0.091540
vt 0.507114 0.768252
vt 0.530990 0.785787
vt 0.506320 0.797922
vt 0.099976 0.115086
vt 0.535577 0.819595
vt 0.082738 0.148330
vt 0.045003 0.139416
vt 0.066555 0.173661
vt 0.543956 0.745021
vt 0.571214 0.762337
vt 0.535123 0.762904
vt 0.563560 0.785210
vt 0.137063 0.111617
vt 0.127454 0.131643
vt 0.114702 0.157378
vt 0.563253 0.825947
vt 0.102721 0.183189
vt 0.580886 0.745021
vt 0.607363 0.774109
vt 0.132242 0.065655
vt 0.150100 0.087453
vt 0.593844 0.796447
vt 0.145467 0.153979
vt 0.137254 0.178636
vt 0.614337 0.796906
vt 0.156786 0.124145
vt 0.589345 0.835987
vt 0.168842 0.102206
vt 0.624805 0.820235
vt 0.836242 0.833029
vt 0.851152 0.806426
vt 0.859689 0.833184
vt 0.585216 0.872635
vt 0.839666 0.870449
vt 0.865006 0.863014
vt 0.872569 0.891276
vt 0.617615 0.757562
vt 0.640237 0.791249
vt 0.569919 0.888376
vt 0.888282 0.878731
vt 0.609899 0.861472
vt 0.651273 0.828975
vt 0.630433 0.858881
vt 0.871414 0.795724
vt 0.903337 0.824903
vt 0.909543 0.901144
vt 0.879881 0.849837
vt 0.921800 0.861579
vt 0.928230 0.886543
vt 0.144714 0.052654
vt 0.166383 0.063933
vt 0.867261 0.773212
vt 0.899820 0.772147
vt 0.942887 0.903742
vt 0.951414 0.839217
vt 0.961972 0.864080
vt 0.965107 0.894011
vt 0.648566 0.864197
vt 0.616197 0.894422
vt 0.905105 0.797501
vt 0.939000 0.814445
vt 0.579377 0.907268
vt 0.933145 0.775920
vt 0.895469 0.754382
vt 0.928779 0.754001
vt 0.983902 0.868531
vt 0.215054 0.177581
vt 0.210364 0.155809
vt 0.246766 0.176114
vt 0.961342 0.797175
vt 0.621651 0.910583
vt 0.594485 0.920321
vt 0.977838 0.834152
vt 0.188127 0.123521
vt 0.194418 0.094158
vt 0.216159 0.125422
vt 0.965127 0.768862
vt 0.241193 0.155055
vt 0.275464 0.173847
vt 0.197050 0.052543
vt 0.222448 0.073388
vt 0.242643 0.102891
vt 0.119171 0.037056
vt 0.267191 0.135873
vt 0.118663 0.021683
vt 0.147882 0.028293
vt 0.125035 0.007017
vt 0.950873 0.748884
vt 0.298924 0.154202
vt 0.213770 0.026316
vt 0.226645 0.040903
vt 0.253704 0.052651
vt 0.324111 0.154373
vt 0.290066 0.184360
vt 0.264366 0.093174
vt 0.288749 0.121312
vt 0.301125 0.091462
vt 0.099951 0.011090
vt 0.316549 0.124949
vt 0.288856 0.064550
vt 0.541097 0.916445
vt 0.246588 0.019880
vt 0.279781 0.034950
vt 0.321809 0.079840
vt 0.336010 0.116523
vt 0.234732 0.008114
vt 0.263238 0.010833
vt 0.311120 0.041484
vt 0.336010 0.062362
vt 0.083800 0.030596
vt 0.057233 0.014251
vt 0.072967 0.003362
vt 0.848282 0.250537
vt 0.875178 0.226827
vt 0.874577 0.256393
vt 0.306515 0.021370
vt 0.900488 0.224546
vt 0.942439 0.191083
vt 0.968994 0.200120
vt 0.951795 0.220842
vt 0.941540 0.241652
vt 0.925426 0.211231
vt 0.915054 0.251975
vt 0.993694 0.202755
vt 0.982746 0.228570
vt 0.014731 0.040861
vt 0.644914 0.241102
vt 0.645174 0.274615
vt 0.622406 0.256210
vt 0.448382 0.406007
vt 0.453469 0.452909
vt 0.433825 0.445280
vt 0.401224 0.397971
vt 0.418046 0.424390
vt 0.391400 0.419004
vt 0.376680 0.381868
vt 0.366021 0.409296
vt 0.557329 0.311619
vt 0.550426 0.345498
vt 0.528217 0.322242
vt 0.666155 0.265125
vt 0.658112 0.297392
vt 0.624752 0.314884
vt 0.618659 0.281381
vt 0.594989 0.296310
vt 0.600882 0.330016
vt 0.576110 0.340843
vt 0.394845 0.449557
vt 0.368293 0.442461
vt 0.507243 0.655314
vt 0.522765 0.630457
vt 0.527595 0.658116
vt 0.640638 0.328768
vt 0.338060 0.466206
vt 0.339055 0.426772
vt 0.633793 0.346894
vt 0.415753 0.462569
vt 0.598846 0.359009
vt 0.367237 0.463807
vt 0.667245 0.326387
vt 0.361243 0.497974
vt 0.338301 0.505446
vt 0.650512 0.359009
vt 0.394435 0.488623
vt 0.580165 0.582179
vt 0.571864 0.609318
vt 0.548838 0.587641
vt 0.543924 0.614463
vt 0.554155 0.645696
vt 0.440010 0.487708
vt 0.605680 0.565211
vt 0.604400 0.603337
vt 0.411463 0.511767
vt 0.578140 0.632707
vt 0.388845 0.523605
vt 0.368524 0.532571
vt 0.543082 0.662715
vt 0.390338 0.540956
vt 0.641129 0.584170
vt 0.651314 0.623198
vt 0.625160 0.591658
vt 0.621309 0.632711
vt 0.434290 0.525744
vt 0.415704 0.540956
vt 0.657617 0.598541
vt 0.190849 0.900669
vt 0.187626 0.883659
vt 0.212193 0.890649
vt 0.478500 0.446344
vt 0.477663 0.466664
vt 0.476177 0.485947
vt 0.588532 0.661620
vt 0.628319 0.665828
vt 0.173799 0.858822
vt 0.178338 0.831571
vt 0.201117 0.861275
vt 0.562451 0.678069
vt 0.223709 0.912810
vt 0.241249 0.900985
vt 0.227707 0.864908
vt 0.259549 0.883974
vt 0.600351 0.681281
vt 0.657617 0.679098
vt 0.623284 0.696055
vt 0.176059 0.802250
vt 0.197941 0.810467
vt 0.225035 0.834354
vt 0.583842 0.700100
vt 0.542326 0.691824
vt 0.267676 0.844533
vt 0.294153 0.865614
vt 0.296331 0.887219
vt 0.634404 0.711199
vt 0.604068 0.728985
vt 0.276860 0.808389
vt 0.301568 0.825030
vt 0.173799 0.786857
vt 0.196344 0.769233
vt 0.220596 0.771514
vt 0.581936 0.727231
vt 0.555115 0.717116
vt 0.251333 0.816337
vt 0.245596 0.783241
vt 0.273036 0.786571
vt 0.299710 0.800173
vt 0.320759 0.810977
vt 0.319920 0.849014
vt 0.224383 0.373418
vt 0.198170 0.343279
vt 0.234976 0.360849
vt 0.262817 0.755892
vt 0.521412 0.704459
vt 0.289695 0.764196
vt 0.176034 0.323490
vt 0.186948 0.288698
vt 0.203688 0.316279
vt 0.222971 0.749212
vt 0.221451 0.336296
vt 0.260087 0.340151
vt 0.254216 0.374969
vt 0.288008 0.359748
vt 0.212450 0.293436
vt 0.176034 0.263844
vt 0.178208 0.227318
vt 0.202086 0.244256
vt 0.215834 0.266993
vt 0.509097 0.678115
vt 0.241345 0.311724
vt 0.491683 0.420880
vt 0.497456 0.457218
vt 0.249712 0.279167
vt 0.277061 0.287925
vt 0.297714 0.315756
vt 0.195085 0.204458
vt 0.233470 0.205819
vt 0.209315 0.219554
vt 0.240949 0.238814
vt 0.276520 0.250496
vt 0.291458 0.339764
vt 0.311724 0.353285
vt 0.300170 0.259803
vt 0.469329 0.429106
vt 0.474614 0.405233
vt 0.326348 0.325838
vt 0.270772 0.220840
vt 0.452296 0.374539
vt 0.476755 0.383032
vt 0.311551 0.286773
vt 0.329921 0.307154
vt 0.304357 0.235163
vt 0.324069 0.247857
vt 0.545515 0.214570
vt 0.550647 0.249365
vt 0.528698 0.237108
vt 0.255224 0.193770
vt 0.294538 0.208835
vt 0.422487 0.380884
vt 0.414984 0.369044
vt 0.521702 0.286592
vt 0.512524 0.311192
vt 0.572147 0.208624
vt 0.604072 0.202326
vt 0.598204 0.228381
vt 0.587275 0.257541
vt 0.569844 0.228209
vt 0.559547 0.284086
vt 0.529714 0.270083
vt 0.631536 0.208777
vt 0.623766 0.230436
vt 0.815341 0.806093
vt 0.798659 0.848690
vt 0.783690 0.823656
vt 0.094631 0.427770
vt 0.128355 0.449237
vt 0.092243 0.445354
vt 0.035435 0.431904
vt 0.061135 0.446700
vt 0.033615 0.453824
vt 0.719672 0.842248
vt 0.716262 0.874197
vt 0.697402 0.832290
vt 0.004141 0.440500
vt 0.004121 0.474771
vt 0.791092 0.872136
vt 0.769720 0.852420
vt 0.039642 0.475176
vt 0.749440 0.848580
vt 0.087667 0.472784
vt 0.018786 0.506416
vt 0.821455 0.841039
vt 0.756151 0.886314
vt 0.824552 0.871376
vt 0.790413 0.900239
vt 0.056224 0.499717
vt 0.353733 0.116714
vt 0.372059 0.081365
vt 0.377469 0.099399
vt 0.750103 0.903174
vt 0.720778 0.906130
vt 0.035513 0.527925
vt 0.117303 0.462058
vt 0.369181 0.133173
vt 0.396849 0.115786
vt 0.012420 0.540544
vt 0.057724 0.545263
vt 0.042130 0.562730
vt 0.387003 0.146552
vt 0.367713 0.011661
vt 0.387615 0.033726
vt 0.360920 0.040648
vt 0.095460 0.494426
vt 0.079809 0.518570
vt 0.130762 0.479644
vt 0.414065 0.013835
vt 0.417327 0.040623
vt 0.114287 0.519366
vt 0.407165 0.065167
vt 0.374752 0.061187
vt 0.100023 0.544071
vt 0.412100 0.089244
vt 0.083508 0.569690
vt 0.106325 0.564156
vt 0.442006 0.004059
vt 0.439838 0.032313
vt 0.129180 0.500284
vt 0.471030 0.032975
vt 0.444705 0.075493
vt 0.129952 0.543326
vt 0.463843 0.008144
vt 0.846573 0.525723
vt 0.834296 0.503575
vt 0.865765 0.512100
vt 0.473431 0.058607
vt 0.147470 0.518848
vt 0.152898 0.487247
vt 0.453104 0.103891
vt 0.438902 0.120506
vt 0.422101 0.129555
vt 0.881003 0.531829
vt 0.893106 0.507756
vt 0.859024 0.491556
vt 0.885455 0.487194
vt 0.500466 0.057377
vt 0.499380 0.082126
vt 0.823225 0.447223
vt 0.845931 0.457001
vt 0.830102 0.478019
vt 0.884376 0.465728
vt 0.411417 0.149023
vt 0.912152 0.477613
vt 0.150742 0.458381
vt 0.937700 0.481267
vt 0.918021 0.500969
vt 0.936337 0.507613
vt 0.821846 0.419586
vt 0.844716 0.421839
vt 0.471429 0.122130
vt 0.486132 0.141541
vt 0.452414 0.152229
vt 0.868266 0.438222
vt 0.900249 0.435407
vt 0.935266 0.446026
vt 0.835050 0.395587
vt 0.887324 0.400358
vt 0.862505 0.390459
vt 0.918225 0.403073
vt 0.943882 0.411251
vt 0.129725 0.430966
vt 0.152898 0.434937
vt 0.968973 0.430128
vt 0.961202 0.461866
vt 0.474837 0.167156
vt 0.437455 0.171083
vt 0.891627 0.370760
vt 0.399287 0.166797
vt 0.928477 0.375205
vt 0.671568 0.697586
vt 0.718073 0.709297
vt 0.698724 0.725136
vt 0.755088 0.723068
vt 0.738454 0.737353
vt 0.668139 0.630903
vt 0.669756 0.596711
vt 0.694247 0.612447
vt 0.683504 0.663156
vt 0.707071 0.635136
vt 0.723661 0.658564
vt 0.698829 0.688092
vt 0.120889 0.404975
vt 0.744180 0.690841
vt 0.689450 0.573483
vt 0.702046 0.588436
vt 0.770755 0.703427
vt 0.789618 0.708880
vt 0.732507 0.608231
vt 0.755431 0.641832
vt 0.776525 0.666840
vt 0.726124 0.575665
vt 0.793234 0.681024
vt 0.381256 0.173672
vt 0.364019 0.152584
vt 0.767048 0.620709
vt 0.789968 0.630516
vt 0.095588 0.405713
vt 0.758663 0.591241
vt 0.070316 0.393912
vt 0.087501 0.384282
vt 0.739162 0.562432
vt 0.762357 0.570996
vt 0.806221 0.654217
vt 0.789538 0.598335
vt 0.813745 0.619491
vt 0.730196 0.748029
vt 0.723500 0.782620
vt 0.711186 0.767736
vt 0.069510 0.414816
vt 0.043728 0.408124
vt 0.706974 0.810246
vt 0.688231 0.799163
vt 0.765767 0.748500
vt 0.805214 0.769299
vt 0.779444 0.768396
vt 0.798892 0.788994
vt 0.774802 0.797940
vt 0.748665 0.768994
vt 0.738406 0.810298
vt 0.353624 0.899891
vt 0.353624 0.958141
vt 0.337457 0.917563
vt 0.690580 0.857610
vt 0.674049 0.822834
vt 0.327740 0.636557
vt 0.321130 0.666230
vt 0.292752 0.639644
vt 0.072711 0.607458
vt 0.106085 0.618533
vt 0.070259 0.628647
vt 0.284086 0.671582
vt 0.269578 0.692877
vt 0.241256 0.669486
vt 0.034027 0.627285
vt 0.039753 0.651155
vt 0.235145 0.710522
vt 0.034716 0.677290
vt 0.007577 0.655158
vt 0.005316 0.685449
vt 0.028090 0.715527
vt 0.302505 0.708587
vt 0.103656 0.651535
vt 0.274327 0.715561
vt 0.073885 0.664641
vt 0.051819 0.695492
vt 0.684977 0.147707
vt 0.672730 0.119096
vt 0.703257 0.115740
vt 0.073535 0.710397
vt 0.675377 0.087505
vt 0.060076 0.737051
vt 0.327740 0.699272
vt 0.292418 0.735579
vt 0.709817 0.153709
vt 0.727266 0.143867
vt 0.106557 0.683293
vt 0.672730 0.051186
vt 0.701655 0.070784
vt 0.105621 0.719555
vt 0.087242 0.745168
vt 0.678434 0.024184
vt 0.700893 0.039896
vt 0.702568 0.013418
vt 0.726947 0.020029
vt 0.728479 0.098859
vt 0.115472 0.740635
vt 0.730085 0.004388
vt 0.744081 0.113455
vt 0.119351 0.636209
vt 0.141213 0.660193
vt 0.738503 0.043404
vt 0.736337 0.070221
vt 0.134512 0.724495
vt 0.146963 0.736429
vt 0.765865 0.089464
vt 0.408586 0.736427
vt 0.381089 0.754749
vt 0.382397 0.732791
vt 0.761845 0.031487
vt 0.771704 0.060762
vt 0.160941 0.675762
vt 0.143852 0.699449
vt 0.421062 0.756762
vt 0.395610 0.775123
vt 0.353462 0.752492
vt 0.365783 0.776225
vt 0.748230 0.149930
vt 0.341685 0.790101
vt 0.768473 0.013194
vt 0.800475 0.041055
vt 0.149798 0.622370
vt 0.793341 0.073971
vt 0.446789 0.749916
vt 0.466796 0.786032
vt 0.441469 0.783702
vt 0.767897 0.127650
vt 0.818731 0.076751
vt 0.799118 0.105067
vt 0.407262 0.799060
vt 0.369550 0.815190
vt 0.132587 0.613197
vt 0.402797 0.836283
vt 0.373385 0.854820
vt 0.338955 0.829603
vt 0.470162 0.816949
vt 0.453185 0.838678
vt 0.435860 0.816483
vt 0.822883 0.118103
vt 0.807262 0.152017
vt 0.794368 0.135995
vt 0.775323 0.159406
vt 0.424146 0.864199
vt 0.402920 0.881696
vt 0.375108 0.874898
vt 0.377494 0.892243
vt 0.344729 0.868869
vt 0.349201 0.893476
vt 0.054995 0.367657
vt 0.023798 0.344898
vt 0.064904 0.356351
vt 0.452566 0.875987
vt 0.433911 0.893476
vt 0.004299 0.319633
vt 0.042002 0.327203
vt 0.480212 0.785757
vt 0.491117 0.811264
vt 0.470780 0.853501
vt 0.738820 0.173845
vt 0.493462 0.830504
vt 0.076667 0.336929
vt 0.089222 0.376175
vt 0.105015 0.362973
vt 0.763475 0.176739
vt 0.004299 0.244332
vt 0.040210 0.258098
vt 0.008666 0.269456
vt 0.041646 0.291344
vt 0.070726 0.307337
vt 0.485967 0.858694
vt 0.103545 0.339429
vt 0.101820 0.312952
vt 0.128672 0.340892
vt 0.074100 0.270375
vt 0.101978 0.597117
vt 0.027730 0.228241
vt 0.068476 0.238301
vt 0.098148 0.269418
vt 0.022841 0.211298
vt 0.059917 0.209272
vt 0.122072 0.287697
vt 0.116951 0.578967
vt 0.078749 0.583336
vt 0.132678 0.312760
vt 0.094636 0.236261
vt 0.175937 0.636467
vt 0.189342 0.664713
vt 0.173057 0.666742
vt 0.127026 0.251975
vt 0.058607 0.190726
vt 0.083248 0.195064
vt 0.102721 0.219180
vt 0.203839 0.630009
vt 0.198842 0.650953
vt 0.151271 0.285409
vt 0.708709 0.173106
vt 0.126529 0.210865
vt 0.146172 0.232894
vt 0.157045 0.260104
vt 0.216534 0.604595
vt 0.242879 0.600610
vt 0.226480 0.642869
vt 0.036485 0.602619
vt 0.055148 0.578967
vt 0.268728 0.588683
vt 0.263083 0.628871
vt 0.327387 0.588164
vt 0.318357 0.603346
vt 0.290436 0.577670
vt 0.298542 0.610604
vt 0.211603 0.690110
vt 0.012282 0.621304
vt 0.888581 0.668785
vt 0.873850 0.698959
vt 0.849134 0.672031
vt 0.172252 0.488208
vt 0.205706 0.501589
vt 0.191253 0.523605
vt 0.965930 0.621875
vt 0.969502 0.661034
vt 0.939543 0.638796
vt 0.927391 0.659382
vt 0.920083 0.686250
vt 0.222162 0.453054
vt 0.224907 0.478040
vt 0.198749 0.470406
vt 0.893261 0.703109
vt 0.959053 0.690570
vt 0.229002 0.535939
vt 0.246495 0.421314
vt 0.272490 0.450959
vt 0.231185 0.432424
vt 0.921757 0.706155
vt 0.256174 0.478732
vt 0.237122 0.513710
vt 0.340503 0.598128
vt 0.366647 0.570866
vt 0.363488 0.602253
vt 0.906882 0.727379
vt 0.338129 0.625743
vt 0.373387 0.638430
vt 0.340847 0.645391
vt 0.207704 0.547620
vt 0.246939 0.552908
vt 0.943872 0.721084
vt 0.270042 0.518481
vt 0.267267 0.541368
vt 0.274013 0.557349
vt 0.378769 0.552908
vt 0.401501 0.556979
vt 0.286492 0.477527
vt 0.397216 0.577744
vt 0.390264 0.602871
vt 0.371365 0.691882
vt 0.364361 0.672859
vt 0.394631 0.680684
vt 0.294510 0.514041
vt 0.302833 0.533527
vt 0.300650 0.550164
vt 0.417965 0.612912
vt 0.413436 0.645278
vt 0.428636 0.563017
vt 0.435937 0.584675
vt 0.310709 0.451622
vt 0.459085 0.554314
vt 0.466002 0.577515
vt 0.424120 0.195211
vt 0.383638 0.215939
vt 0.388493 0.194132
vt 0.464764 0.604334
vt 0.268818 0.425958
vt 0.301883 0.424757
vt 0.441742 0.631563
vt 0.329308 0.468379
vt 0.311715 0.487429
vt 0.357834 0.214187
vt 0.359696 0.243208
vt 0.422121 0.213984
vt 0.386804 0.238521
vt 0.491989 0.606052
vt 0.481046 0.626333
vt 0.449954 0.214924
vt 0.469593 0.234827
vt 0.457178 0.246783
vt 0.454578 0.649505
vt 0.426559 0.238993
vt 0.424764 0.682891
vt 0.491421 0.650662
vt 0.462433 0.669217
vt 0.394016 0.263500
vt 0.369548 0.277770
vt 0.346127 0.286106
vt 0.339099 0.261040
vt 0.440183 0.268892
vt 0.491989 0.681279
vt 0.463184 0.695202
vt 0.432701 0.706811
vt 0.426125 0.290617
vt 0.390832 0.307873
vt 0.358539 0.317773
vt 0.379000 0.333730
vt 0.483990 0.241531
vt 0.481833 0.275785
vt 0.411230 0.318516
vt 0.459283 0.303063
vt 0.408535 0.719100
vt 0.406232 0.342429
vt 0.362578 0.346128
vt 0.284847 0.415265
vt 0.259637 0.399793
vt 0.386208 0.703484
vt 0.387665 0.359168
vt 0.538009 0.169103
vt 0.534971 0.149043
vt 0.563983 0.172665
vt 0.446892 0.722995
vt 0.449065 0.346903
vt 0.431944 0.326736
vt 0.509129 0.129685
vt 0.516296 0.088128
vt 0.536768 0.123696
vt 0.475782 0.319047
vt 0.256216 0.382711
vt 0.291035 0.391068
vt 0.566585 0.134881
vt 0.585498 0.156964
vt 0.546374 0.101473
vt 0.509129 0.054590
vt 0.541623 0.068201
vt 0.571292 0.108516
vt 0.591932 0.132053
vt 0.501475 0.285984
vt 0.490549 0.325274
vt 0.614264 0.137925
vt 0.603746 0.178001
vt 0.627048 0.162997
vt 0.532495 0.038542
vt 0.574192 0.033628
vt 0.573520 0.072310
vt 0.605695 0.101120
vt 0.525852 0.016853
vt 0.552335 0.019275
vt 0.637156 0.122829
vt 0.583958 0.016144
vt 0.647380 0.150250
vt 0.602456 0.052406
vt 0.619700 0.079589
vt 0.383060 0.720652
vt 0.229877 0.402310
vt 0.640602 0.090438
vt 0.555020 0.005411
vt 0.578972 0.004458
vt 0.663773 0.108727
vt 0.613558 0.029074
vt 0.626436 0.053889
vt 0.647629 0.065567
vt 0.617058 0.009462
vt 0.645437 0.034895
vt 0.873815 0.581005
vt 0.877602 0.598129
vt 0.849266 0.588434
vt 0.224651 0.387456
vt 0.208490 0.417919
vt 0.191630 0.427060
vt 0.201724 0.394330
vt 0.843841 0.640807
vt 0.824785 0.649886
vt 0.908884 0.575144
vt 0.945023 0.590531
vt 0.918569 0.610630
vt 0.849301 0.619808
vt 0.893714 0.626362
vt 0.872015 0.644817
vt 0.172252 0.418345
vt 0.179818 0.449690
vt 0.340547 0.679882
vt 0.969502 0.590550
vt 0.565063 0.403071
vt 0.592066 0.407527
vt 0.573015 0.437006
vt 0.774765 0.259095
vt 0.781770 0.283763
vt 0.749119 0.271493
vt 0.780707 0.234673
vt 0.788478 0.212280
vt 0.802624 0.235067
vt 0.812597 0.259295
vt 0.803725 0.284073
vt 0.780235 0.316725
vt 0.753581 0.302883
vt 0.556497 0.459648
vt 0.528909 0.437760
vt 0.739374 0.325211
vt 0.768415 0.343090
vt 0.530667 0.471527
vt 0.508403 0.450909
vt 0.830877 0.243281
vt 0.836399 0.279516
vt 0.623313 0.412699
vt 0.612750 0.427491
vt 0.823004 0.302430
vt 0.799048 0.331818
vt 0.564137 0.490009
vt 0.590600 0.481667
vt 0.563491 0.517401
vt 0.534142 0.500171
vt 0.603667 0.453784
vt 0.833708 0.320485
vt 0.015519 0.804797
vt 0.053532 0.774316
vt 0.040858 0.805040
vt 0.600400 0.512227
vt 0.006582 0.836235
vt 0.043656 0.835706
vt 0.042346 0.856110
vt 0.005107 0.857913
vt 0.073687 0.755680
vt 0.095257 0.777095
vt 0.624227 0.475172
vt 0.627456 0.509245
vt 0.580816 0.539461
vt 0.619044 0.533982
vt 0.609144 0.551122
vt 0.036506 0.884187
vt 0.019502 0.870609
vt 0.110067 0.765701
vt 0.118984 0.784242
vt 0.641594 0.445903
vt 0.095836 0.802610
vt 0.074763 0.800270
vt 0.121658 0.805422
vt 0.104033 0.825671
vt 0.070791 0.830055
vt 0.075437 0.863117
vt 0.141217 0.785636
vt 0.144197 0.813513
vt 0.135503 0.839939
vt 0.106125 0.859276
vt 0.958224 0.025774
vt 0.920754 0.031350
vt 0.921199 0.009169
vt 0.882435 0.033038
vt 0.883412 0.006035
vt 0.064289 0.885569
vt 0.855468 0.028158
vt 0.858944 0.060684
vt 0.144197 0.873854
vt 0.111715 0.879718
vt 0.960732 0.055114
vt 0.927190 0.065040
vt 0.083640 0.901634
vt 0.888700 0.066312
vt 0.839611 0.085087
vt 0.833346 0.051813
vt 0.655384 0.420822
vt 0.050463 0.905832
vt 0.869501 0.096702
vt 0.111853 0.899891
vt 0.946697 0.085869
vt 0.897627 0.092215
vt 0.849517 0.117358
vt 0.901605 0.122049
vt 0.877196 0.133834
vt 0.139169 0.903808
vt 0.102249 0.920213
vt 0.923539 0.107821
vt 0.953891 0.118429
vt 0.070333 0.933147
vt 0.616214 0.393006
vt 0.629492 0.386044
vt 0.855341 0.152233
vt 0.927502 0.143434
vt 0.896261 0.160712
vt 0.966647 0.086864
vt 0.703897 0.529687
vt 0.745612 0.537704
vt 0.717288 0.545497
vt 0.043186 0.926118
vt 0.684988 0.494270
vt 0.717311 0.517223
vt 0.984743 0.084330
vt 0.982648 0.115148
vt 0.734657 0.503199
vt 0.960677 0.147244
vt 0.663381 0.463177
vt 0.680882 0.426806
vt 0.693370 0.450076
vt 0.710441 0.476861
vt 0.016444 0.897857
vt 0.720320 0.453684
vt 0.767711 0.501493
vt 0.748928 0.471759
vt 0.594945 0.379263
vt 0.585118 0.369075
vt 0.621520 0.367441
vt 0.672984 0.398720
vt 0.708165 0.406709
vt 0.773195 0.532377
vt 0.794403 0.509145
vt 0.723605 0.427817
vt 0.757682 0.439558
vt 0.702652 0.371192
vt 0.713069 0.384070
vt 0.784764 0.456766
vt 0.787037 0.489148
vt 0.761490 0.392527
vt 0.787601 0.421045
vt 0.811047 0.474702
vt 0.735713 0.371595
vt 0.739890 0.406022
vt 0.678401 0.323698
vt 0.680508 0.293163
vt 0.708043 0.326021
vt 0.810375 0.441866
vt 0.770143 0.369423
vt 0.792180 0.386598
vt 0.811047 0.408969
vt 0.550472 0.385737
vt 0.685375 0.261457
vt 0.707795 0.271719
vt 0.551785 0.367441
vt 0.519867 0.387589
vt 0.720552 0.295221
vt 0.707166 0.233258
vt 0.715335 0.209096
vt 0.755425 0.200376
vt 0.748293 0.222200
vt 0.738033 0.247692
vt 0.527395 0.409843
vt 0.505092 0.418463
vt 0.747232 0.346829
vt 0.026459 0.159433
vt 0.053833 0.183189
vt 0.648368 0.884648
vt 0.983902 0.805556
vt 0.176688 0.084635
vt 0.849100 0.282931
vt 0.903074 0.198161
vt 0.276778 0.004292
vt 0.520674 0.603446
vt 0.561742 0.562633
vt 0.461816 0.512657
vt 0.657594 0.651257
vt 0.223531 0.803186
vt 0.202386 0.367973
vt 0.562417 0.735260
vt 0.200370 0.746720
vt 0.216232 0.192137
vt 0.621952 0.190345
vt 0.344529 0.085944
vt 0.400106 0.004376
vt 0.481542 0.093388
vt 0.500466 0.110304
vt 0.852232 0.372181
vt 0.418243 0.181168
vt 0.830347 0.370760
vt 0.775591 0.730986
vt 0.686570 0.773315
vt 0.813745 0.687964
vt 0.668419 0.797680
vt 0.049354 0.389673
vt 0.800101 0.748595
vt 0.824552 0.771455
vt 0.362114 0.935031
vt 0.360561 0.901438
vt 0.386892 0.901438
vt 0.674330 0.851629
vt 0.254692 0.731249
vt 0.325841 0.724862
vt 0.801658 0.168401
vt 0.018776 0.292268
vt 0.123193 0.590927
vt 0.126493 0.360883
vt 0.157541 0.309804
vt 0.238834 0.573395
vt 0.308543 0.566752
vt 0.192080 0.692183
vt 0.859374 0.702819
vt 0.843576 0.699119
vt 0.352820 0.656868
vt 0.967874 0.711115
vt 0.318795 0.516463
vt 0.403876 0.661582
vt 0.437553 0.549803
vt 0.471740 0.709823
vt 0.339099 0.329065
vt 0.360762 0.711645
vt 0.827549 0.610787
vt 0.829173 0.685653
vt 0.936269 0.563215
vt 0.505835 0.479041
vt 0.541215 0.530310
vt 0.566478 0.554416
vt 0.021519 0.775642
vt 0.651499 0.484901
vt 0.651783 0.516748
vt 0.632902 0.540220
vt 0.833346 0.136819
vt 0.798862 0.519429
vt 0.017171 0.913470
vt 0.691573 0.337311
vt 0.709475 0.348394
vt 0.678401 0.235125
vt 0.727626 0.190284
s 1
usemtl マテリアル
f 110/1/110 14/2/14 118/3/118
f 5/4/5 8/5/8 2/6/2
f 93/7/93 118/3/118 14/2/14
f 2/6/2 9/8/9 6/9/6
f 6/9/6 10/10/10 3/11/3
f 119/12/119 4/13/4 7/14/7
f 11/15/11 14/16/14 110/17/110
f 24/18/24 17/19/17 4/13/4
f 9/8/9 10/10/10 6/9/6
f 7/14/7 12/20/12 5/21/5
f 17/19/17 18/22/18 7/14/7
f 11/15/11 16/23/16 22/24/22
f 8/25/8 12/20/12 15/26/15
f 8/5/8 13/27/13 9/8/9
f 9/8/9 16/23/16 10/10/10
f 13/27/13 15/28/15 20/29/20
f 22/30/22 23/31/23 14/2/14
f 20/29/20 21/32/21 16/23/16
f 14/2/14 23/31/23 47/33/47
f 93/7/93 14/2/14 47/33/47
f 24/18/24 32/34/32 17/19/17
f 20/35/20 29/36/29 21/37/21
f 17/19/17 25/38/25 18/22/18
f 21/37/21 31/39/31 22/30/22
f 18/22/18 25/38/25 26/40/26
f 18/22/18 26/40/26 19/41/19
f 19/41/19 26/40/26 27/42/27
f 27/43/27 35/44/35 28/45/28
f 28/45/28 36/46/36 29/36/29
f 32/34/32 39/47/39 25/38/25
f 26/40/26 30/48/30 33/49/33
f 23/31/23 38/50/38 47/33/47
f 27/42/27 33/49/33 34/51/34
f 36/46/36 38/50/38 31/39/31
f 34/52/34 42/53/42 35/44/35
f 1/54/1 48/55/48 32/34/32
f 35/44/35 37/56/37 36/46/36
f 33/49/33 30/48/30 40/57/40
f 34/51/34 40/57/40 41/58/41
f 42/53/42 45/59/45 37/56/37
f 39/47/39 43/60/43 30/48/30
f 37/56/37 46/61/46 38/50/38
f 39/47/39 48/55/48 52/62/52
f 37/56/37 45/59/45 51/63/51
f 40/64/40 43/65/43 44/66/44
f 46/61/46 62/67/62 47/33/47
f 41/68/41 44/66/44 49/69/49
f 41/68/41 49/69/49 50/70/50
f 41/71/41 50/72/50 42/53/42
f 62/67/62 70/73/70 47/33/47
f 50/70/50 49/69/49 54/74/54
f 93/7/93 47/33/47 70/73/70
f 50/72/50 51/63/51 45/59/45
f 51/63/51 55/75/55 46/61/46
f 50/72/50 56/76/56 51/63/51
f 51/63/51 56/76/56 61/77/61
f 44/66/44 52/78/52 57/79/57
f 54/74/54 56/80/56 50/70/50
f 53/81/53 57/79/57 58/82/58
f 54/74/54 59/83/59 56/80/56
f 76/84/76 64/85/64 48/55/48
f 48/86/48 64/87/64 52/78/52
f 59/83/59 60/88/60 56/80/56
f 58/82/58 66/89/66 67/90/67
f 58/82/58 67/90/67 59/83/59
f 59/83/59 68/91/68 60/88/60
f 60/92/60 69/93/69 61/77/61
f 57/79/57 63/94/63 65/95/65
f 62/67/62 69/93/69 88/96/88
f 58/82/58 65/95/65 66/89/66
f 64/87/64 71/97/71 63/94/63
f 64/87/64 76/98/76 82/99/82
f 67/90/67 73/100/73 68/91/68
f 68/101/68 73/102/73 75/103/75
f 71/97/71 74/104/74 65/95/65
f 69/93/69 75/105/75 81/106/81
f 66/89/66 74/104/74 72/107/72
f 72/108/72 78/109/78 79/110/79
f 72/108/72 79/110/79 73/102/73
f 82/99/82 77/111/77 71/97/71
f 80/112/80 81/113/81 75/103/75
f 88/96/88 93/7/93 70/73/70
f 77/114/77 85/115/85 78/109/78
f 79/110/79 85/115/85 83/116/83
f 76/84/76 1/54/1 111/117/111
f 79/110/79 86/118/86 80/112/80
f 111/117/111 94/119/94 82/120/82
f 82/120/82 94/119/94 89/121/89
f 82/99/82 89/122/89 77/111/77
f 86/118/86 87/123/87 81/113/81
f 77/114/77 89/124/89 84/125/84
f 84/125/84 92/126/92 85/115/85
f 87/123/87 103/127/103 88/128/88
f 83/116/83 92/126/92 90/129/90
f 90/129/90 91/130/91 86/118/86
f 90/129/90 97/131/97 91/130/91
f 89/121/89 94/119/94 99/132/99
f 91/130/91 97/131/97 98/133/98
f 91/130/91 98/133/98 87/123/87
f 87/123/87 98/133/98 103/127/103
f 90/129/90 92/126/92 96/134/96
f 103/135/103 118/3/118 93/7/93
f 95/136/95 101/137/101 92/126/92
f 98/133/98 102/138/102 106/139/106
f 99/140/99 100/141/100 95/136/95
f 96/134/96 102/138/102 97/131/97
f 104/142/104 109/143/109 102/138/102
f 111/117/111 112/144/112 94/119/94
f 99/132/99 107/145/107 100/146/100
f 103/147/103 106/148/106 114/149/114
f 100/141/100 108/150/108 101/137/101
f 105/151/105 114/149/114 106/148/106
f 104/152/104 108/153/108 113/154/113
f 113/154/113 116/155/116 109/156/109
f 109/156/109 117/157/117 105/151/105
f 112/144/112 119/12/119 107/145/107
f 107/158/107 115/159/115 108/153/108
f 117/157/117 3/11/3 114/149/114
f 114/149/114 3/11/3 11/15/11
f 113/154/113 115/159/115 2/6/2
f 111/117/111 1/54/1 24/18/24
f 111/117/111 4/13/4 112/144/112
f 2/6/2 6/9/6 116/155/116
f 116/155/116 6/9/6 117/157/117
f 115/160/115 119/12/119 5/21/5
f 240/161/240 123/162/123 121/163/121
f 238/164/238 153/165/153 141/166/141
f 239/167/239 130/168/130 127/169/127
f 240/170/240 239/167/239 122/171/122
f 126/172/126 133/173/133 129/174/129
f 240/161/240 122/175/122 123/162/123
f 122/175/122 131/176/131 123/162/123
f 123/162/123 128/177/128 124/178/124
f 124/178/124 128/177/128 125/179/125
f 125/179/125 128/177/128 132/180/132
f 126/172/126 132/180/132 136/181/136
f 130/168/130 137/182/137 127/169/127
f 127/169/127 137/182/137 134/183/134
f 127/169/127 134/183/134 122/171/122
f 129/184/129 133/185/133 149/186/149
f 128/177/128 131/176/131 135/187/135
f 134/183/134 139/188/139 131/189/131
f 135/187/135 140/190/140 128/177/128
f 130/168/130 141/166/141 142/191/142
f 132/180/132 140/190/140 144/192/144
f 134/183/134 137/182/137 138/193/138
f 139/194/139 140/190/140 135/187/135
f 139/188/139 145/195/145 146/196/146
f 139/194/139 146/197/146 140/190/140
f 142/191/142 143/198/143 137/182/137
f 147/199/147 152/200/152 144/201/144
f 148/202/148 164/203/164 133/185/133
f 141/166/141 153/165/153 157/204/157
f 146/205/146 156/206/156 147/199/147
f 157/204/157 150/207/150 143/198/143
f 148/202/148 152/200/152 159/208/159
f 143/198/143 154/209/154 145/195/145
f 145/195/145 154/209/154 151/210/151
f 164/203/164 171/211/171 149/186/149
f 151/210/151 154/209/154 158/212/158
f 156/206/156 159/208/159 152/200/152
f 151/213/151 162/214/162 155/215/155
f 155/215/155 163/216/163 156/206/156
f 157/204/157 160/217/160 150/207/150
f 150/207/150 161/218/161 154/209/154
f 151/213/151 158/219/158 162/214/162
f 158/220/158 161/221/161 166/222/166
f 153/165/153 120/223/120 185/224/185
f 153/165/153 179/225/179 157/204/157
f 163/216/163 168/226/168 159/208/159
f 162/214/162 170/227/170 163/216/163
f 160/228/160 169/229/169 165/230/165
f 160/228/160 165/230/165 161/221/161
f 168/226/168 178/231/178 164/203/164
f 162/232/162 166/222/166 167/233/167
f 167/233/167 172/234/172 173/235/173
f 170/227/170 175/236/175 168/226/168
f 173/237/173 174/238/174 170/227/170
f 179/239/179 176/240/176 169/229/169
f 165/230/165 176/240/176 177/241/177
f 168/226/168 175/236/175 182/242/182
f 171/211/171 178/231/178 195/243/195
f 149/186/149 171/211/171 195/243/195
f 172/234/172 177/241/177 180/244/180
f 173/235/173 181/245/181 174/246/174
f 174/238/174 182/242/182 175/236/175
f 174/238/174 181/247/181 188/248/188
f 178/231/178 182/242/182 195/243/195
f 180/244/180 186/249/186 187/250/187
f 180/244/180 187/250/187 181/245/181
f 185/251/185 198/252/198 179/239/179
f 176/240/176 198/252/198 190/253/190
f 188/248/188 189/254/189 182/242/182
f 182/242/182 189/254/189 197/255/197
f 180/244/180 184/256/184 186/249/186
f 191/257/191 192/258/192 184/256/184
f 187/250/187 186/249/186 193/259/193
f 193/259/193 194/260/194 187/250/187
f 187/250/187 194/260/194 188/261/188
f 189/262/189 194/263/194 196/264/196
f 191/257/191 190/253/190 199/265/199
f 191/257/191 199/265/199 192/258/192
f 197/255/197 215/266/215 195/243/195
f 192/258/192 199/265/199 200/267/200
f 193/268/193 200/269/200 201/270/201
f 193/268/193 201/270/201 194/263/194
f 190/253/190 198/252/198 203/271/203
f 196/264/196 202/272/202 208/273/208
f 197/274/197 208/273/208 215/275/215
f 201/270/201 200/269/200 204/276/204
f 199/277/199 203/278/203 205/279/205
f 200/269/200 205/279/205 206/280/206
f 195/243/195 215/266/215 223/281/223
f 149/186/149 195/243/195 223/281/223
f 204/276/204 207/282/207 201/270/201
f 120/223/120 209/283/209 198/284/198
f 201/270/201 207/282/207 202/272/202
f 204/276/204 211/285/211 207/282/207
f 204/276/204 206/280/206 211/285/211
f 211/285/211 213/286/213 207/282/207
f 208/273/208 213/286/213 219/287/219
f 209/288/209 216/289/216 210/290/210
f 211/285/211 212/291/212 217/292/217
f 214/293/214 223/294/223 215/275/215
f 217/292/217 222/295/222 213/286/213
f 234/296/234 220/297/220 209/283/209
f 214/293/214 219/287/219 230/298/230
f 216/289/216 221/299/221 212/291/212
f 220/297/220 224/300/224 216/301/216
f 218/302/218 229/303/229 219/287/219
f 217/292/217 221/299/221 225/304/225
f 149/186/149 223/281/223 129/184/129
f 225/304/225 228/305/228 222/295/222
f 222/306/222 226/307/226 218/308/218
f 224/309/224 227/310/227 221/299/221
f 238/164/238 231/311/231 224/300/224
f 224/300/224 231/311/231 232/312/232
f 230/313/230 129/174/129 223/314/223
f 225/315/225 227/316/227 233/317/233
f 234/296/234 238/164/238 220/297/220
f 233/317/233 236/318/236 228/319/228
f 228/319/228 236/318/236 226/307/226
f 226/307/226 236/318/236 237/320/237
f 226/307/226 237/320/237 229/321/229
f 230/313/230 237/320/237 126/172/126
f 227/316/227 232/322/232 235/323/235
f 238/164/238 239/167/239 231/311/231
f 231/311/231 240/170/240 232/312/232
f 233/317/233 235/323/235 121/163/121
f 234/296/234 120/223/120 153/165/153
f 121/163/121 124/178/124 236/318/236
f 236/318/236 125/179/125 237/320/237
f 363/324/363 247/325/247 242/326/242
f 361/327/361 241/328/241 254/329/254
f 362/330/362 245/331/245 243/332/243
f 244/333/244 256/334/256 364/335/364
f 363/336/363 243/332/243 246/337/246
f 247/325/247 252/338/252 248/339/248
f 243/332/243 245/331/245 250/340/250
f 244/333/244 249/341/249 256/334/256
f 254/329/254 263/342/263 245/331/245
f 250/340/250 251/343/251 246/337/246
f 246/344/246 252/338/252 247/325/247
f 252/338/252 255/345/255 248/339/248
f 252/338/252 251/346/251 259/347/259
f 263/342/263 257/348/257 250/340/250
f 253/349/253 268/350/268 274/351/274
f 260/352/260 267/353/267 256/334/256
f 257/348/257 258/354/258 251/343/251
f 254/329/254 241/328/241 275/355/275
f 259/347/259 260/352/260 255/345/255
f 261/356/261 274/351/274 284/357/284
f 259/358/259 264/359/264 265/360/265
f 337/361/337 261/356/261 284/357/284
f 259/362/259 266/363/266 260/364/260
f 269/365/269 262/366/262 257/348/257
f 257/348/257 264/359/264 258/354/258
f 275/355/275 289/367/289 263/342/263
f 271/368/271 272/369/272 266/363/266
f 269/365/269 277/370/277 262/366/262
f 266/363/266 273/371/273 267/372/267
f 262/366/262 277/370/277 276/373/276
f 268/350/268 273/371/273 283/374/283
f 262/366/262 276/373/276 264/359/264
f 264/359/264 276/373/276 270/375/270
f 283/374/283 284/357/284 274/351/274
f 270/375/270 276/373/276 278/376/278
f 270/377/270 279/378/279 271/368/271
f 271/368/271 279/378/279 272/369/272
f 289/367/289 280/379/280 269/365/269
f 270/377/270 282/380/282 279/378/279
f 272/369/272 279/378/279 288/381/288
f 272/369/272 288/381/288 273/371/273
f 276/373/276 277/370/277 281/382/281
f 270/377/270 278/383/278 282/380/282
f 278/384/278 281/385/281 286/386/286
f 282/380/282 287/387/287 279/378/279
f 280/379/280 285/388/285 277/370/277
f 289/367/289 293/389/293 280/379/280
f 283/374/283 297/390/297 298/391/298
f 283/374/283 304/392/304 284/357/284
f 282/393/282 286/386/286 291/394/291
f 286/386/286 290/395/290 295/396/295
f 291/397/291 292/398/292 287/387/287
f 293/399/293 299/400/299 285/401/285
f 299/400/299 294/402/294 290/395/290
f 304/392/304 316/403/316 284/357/284
f 291/394/291 295/396/295 300/404/300
f 337/361/337 284/357/284 316/403/316
f 289/367/289 241/328/241 305/405/305
f 300/404/300 301/406/301 292/407/292
f 292/407/292 301/406/301 296/408/296
f 305/409/305 306/410/306 293/399/293
f 302/411/302 309/412/309 311/413/311
f 302/411/302 311/413/311 298/391/298
f 303/414/303 307/415/307 294/402/294
f 300/404/300 307/415/307 308/416/308
f 300/404/300 308/416/308 301/406/301
f 306/410/306 305/409/305 318/417/318
f 303/414/303 306/410/306 313/418/313
f 311/413/311 316/403/316 304/392/304
f 318/417/318 312/419/312 306/410/306
f 307/415/307 313/418/313 310/420/310
f 308/416/308 310/420/310 314/421/314
f 305/405/305 333/422/333 318/423/318
f 308/416/308 315/424/315 309/425/309
f 315/426/315 317/427/317 311/413/311
f 313/418/313 312/419/312 320/428/320
f 316/403/316 317/427/317 332/429/332
f 310/420/310 320/428/320 321/430/321
f 314/431/314 323/432/323 315/433/315
f 323/432/323 324/434/324 317/435/317
f 316/403/316 332/429/332 337/361/337
f 320/436/320 319/437/319 325/438/325
f 321/439/321 325/438/325 326/440/326
f 321/439/321 326/440/326 327/441/327
f 321/439/321 327/441/327 322/442/322
f 333/422/333 334/443/334 318/423/318
f 322/442/322 328/444/328 323/432/323
f 334/445/334 330/446/330 319/437/319
f 328/444/328 329/447/329 324/434/324
f 324/434/324 329/447/329 336/448/336
f 327/441/327 335/449/335 331/450/331
f 327/441/327 340/451/340 328/444/328
f 334/445/334 338/452/338 330/446/330
f 340/451/340 341/453/341 329/447/329
f 336/454/336 353/455/353 332/429/332
f 331/450/331 335/449/335 339/456/339
f 353/455/353 261/356/261 337/361/337
f 333/422/333 241/328/241 361/327/361
f 339/456/339 344/457/344 331/450/331
f 333/422/333 342/458/342 334/443/334
f 338/452/338 343/459/343 335/449/335
f 342/458/342 346/460/346 338/461/338
f 338/452/338 346/462/346 347/463/347
f 344/457/344 345/464/345 340/451/340
f 348/465/348 352/466/352 344/457/344
f 344/467/344 349/468/349 345/469/345
f 354/470/354 355/471/355 346/460/346
f 349/468/349 357/472/357 350/473/350
f 350/473/350 357/472/357 364/335/364
f 348/474/348 356/475/356 351/476/351
f 351/476/351 358/477/358 359/478/359
f 351/476/351 359/478/359 352/479/352
f 352/479/352 360/480/360 349/468/349
f 351/476/351 356/475/356 358/477/358
f 354/470/354 362/330/362 355/471/355
f 360/480/360 244/333/244 357/472/357
f 355/481/355 363/482/363 356/483/356
f 364/335/364 253/484/253 353/485/353
f 359/478/359 363/324/363 242/326/242
f 359/478/359 249/341/249 360/480/360
f 354/470/354 361/327/361 245/331/245
f 368/486/368 371/487/371 366/488/366
f 478/489/478 365/490/365 369/491/369
f 372/492/372 373/493/373 367/494/367
f 479/495/479 369/491/369 370/496/370
f 367/494/367 373/493/373 380/497/380
f 370/496/370 374/498/374 368/499/368
f 371/500/371 374/498/374 377/501/377
f 371/487/371 378/502/378 372/492/372
f 365/490/365 389/503/389 369/491/369
f 378/502/378 379/504/379 373/493/373
f 381/505/381 376/506/376 374/498/374
f 375/507/375 380/508/380 388/509/388
f 376/506/376 381/505/381 384/510/384
f 380/508/380 386/511/386 388/509/388
f 377/501/377 384/510/384 382/512/382
f 377/513/377 385/514/385 378/502/378
f 378/502/378 385/514/385 379/504/379
f 383/515/383 388/509/388 403/516/403
f 389/503/389 390/517/390 381/505/381
f 386/511/386 385/518/385 393/519/393
f 384/510/384 390/517/390 391/520/391
f 382/512/382 391/520/391 387/521/387
f 382/522/382 392/523/392 385/518/385
f 387/524/387 395/525/395 392/523/392
f 388/509/388 393/519/393 400/526/400
f 387/521/387 391/520/391 394/527/394
f 387/524/387 394/528/394 395/525/395
f 400/526/400 407/529/407 388/509/388
f 408/530/408 404/531/404 389/503/389
f 395/525/395 398/532/398 392/523/392
f 389/503/389 404/531/404 390/517/390
f 393/519/393 398/532/398 399/533/399
f 394/527/394 397/534/397 401/535/401
f 400/526/400 413/536/413 407/529/407
f 396/537/396 405/538/405 397/539/397
f 402/540/402 406/541/406 398/532/398
f 404/531/404 409/542/409 396/543/396
f 396/537/396 409/544/409 414/545/414
f 401/546/401 405/538/405 410/547/410
f 403/516/403 407/529/407 435/548/435
f 401/546/401 410/547/410 411/549/411
f 401/550/401 411/551/411 402/540/402
f 404/531/404 408/530/408 427/552/427
f 411/551/411 412/553/412 406/541/406
f 404/554/404 427/555/427 416/556/416
f 407/529/407 413/536/413 415/557/415
f 411/551/411 419/558/419 412/553/412
f 412/553/412 419/558/419 420/559/420
f 412/553/412 420/559/420 413/536/413
f 414/545/414 416/556/416 417/560/417
f 410/547/410 414/545/414 418/561/418
f 408/530/408 365/490/365 441/562/441
f 418/561/418 422/563/422 423/564/423
f 418/561/418 423/564/423 419/565/419
f 416/556/416 427/555/427 433/566/433
f 433/566/433 428/567/428 421/568/421
f 424/569/424 432/570/432 425/571/425
f 425/571/425 432/570/432 434/572/434
f 421/568/421 429/573/429 422/563/422
f 423/564/423 429/573/429 430/574/430
f 426/575/426 431/576/431 424/577/424
f 424/577/424 431/576/431 432/578/432
f 430/574/430 431/576/431 426/575/426
f 432/579/432 431/580/431 440/581/440
f 428/567/428 437/582/437 429/573/429
f 429/573/429 437/582/437 438/583/438
f 430/584/430 439/585/439 431/580/431
f 427/555/427 441/586/441 449/587/449
f 433/566/433 436/588/436 428/567/428
f 403/516/403 435/548/435 463/589/463
f 433/566/433 449/587/449 450/590/450
f 440/581/440 439/585/439 443/591/443
f 434/592/434 440/581/440 444/593/444
f 444/594/444 463/589/463 435/548/435
f 436/595/436 446/596/446 437/597/437
f 442/598/442 447/599/447 439/585/439
f 450/590/450 445/600/445 436/588/436
f 443/591/443 448/601/448 440/581/440
f 443/591/443 447/599/447 452/602/452
f 444/593/444 448/601/448 456/603/456
f 442/598/442 446/596/446 451/604/451
f 441/562/441 365/490/365 466/605/466
f 445/606/445 454/607/454 446/596/446
f 451/604/451 455/608/455 447/599/447
f 450/609/450 453/610/453 445/606/445
f 455/608/455 458/611/458 452/602/452
f 450/612/450 466/605/466 464/613/464
f 452/602/452 458/611/458 459/614/459
f 452/602/452 459/614/459 448/601/448
f 451/604/451 457/615/457 455/608/455
f 456/616/456 471/617/471 463/618/463
f 455/608/455 457/615/457 461/619/461
f 464/620/464 465/621/465 453/610/453
f 453/610/453 460/622/460 454/607/454
f 456/616/456 470/623/470 473/624/473
f 461/619/461 462/625/462 458/611/458
f 471/626/471 383/515/383 463/589/463
f 461/619/461 467/627/467 468/628/468
f 403/516/403 463/589/463 383/515/383
f 461/619/461 469/629/469 462/625/462
f 465/621/465 467/627/467 460/622/460
f 462/630/462 469/631/469 477/632/477
f 464/613/464 472/633/472 465/634/465
f 468/635/468 476/636/476 469/631/469
f 472/637/472 474/638/474 467/639/467
f 467/639/467 474/638/474 475/640/475
f 478/489/478 479/495/479 472/633/472
f 473/624/473 477/632/477 375/641/375
f 477/632/477 476/636/476 367/494/367
f 474/642/474 479/495/479 368/499/368
f 484/643/484 497/644/497 602/645/602
f 482/646/482 491/647/491 492/648/492
f 482/649/482 492/650/492 483/651/483
f 487/652/487 488/653/488 484/643/484
f 490/654/490 493/655/493 486/656/486
f 484/643/484 488/653/488 496/657/496
f 486/656/486 491/647/491 482/646/482
f 493/655/493 491/647/491 486/656/486
f 492/650/492 494/658/494 487/652/487
f 491/647/491 499/659/499 492/648/492
f 489/660/489 516/661/516 485/662/485
f 494/658/494 495/663/495 488/653/488
f 490/654/490 516/661/516 501/664/501
f 491/647/491 493/655/493 498/665/498
f 495/666/495 503/667/503 504/668/504
f 495/663/495 504/669/504 496/657/496
f 496/670/496 512/671/512 497/672/497
f 494/673/494 499/659/499 502/674/502
f 494/658/494 503/675/503 495/663/495
f 498/665/498 501/664/501 505/676/505
f 499/659/499 505/676/505 506/677/506
f 502/674/502 506/677/506 507/678/507
f 502/679/502 507/680/507 503/667/503
f 501/664/501 516/661/516 513/681/513
f 504/668/504 510/682/510 511/683/511
f 596/684/596 508/685/508 550/686/550
f 505/676/505 513/681/513 509/687/509
f 506/677/506 509/687/509 514/688/514
f 512/671/512 550/686/550 508/685/508
f 507/678/507 514/688/514 515/689/515
f 512/671/512 520/690/520 527/691/527
f 515/692/515 519/693/519 510/682/510
f 511/683/511 519/693/519 520/690/520
f 513/681/513 516/661/516 522/694/522
f 515/692/515 518/695/518 521/696/521
f 517/697/517 524/698/524 518/699/518
f 521/696/521 525/700/525 519/693/519
f 480/701/480 528/702/528 516/661/516
f 520/690/520 525/700/525 526/703/526
f 522/694/522 523/704/523 517/705/517
f 521/706/521 524/698/524 530/707/530
f 523/708/523 529/709/529 524/698/524
f 530/710/530 531/711/531 525/700/525
f 522/712/522 528/713/528 537/714/537
f 526/703/526 531/711/531 532/715/532
f 522/712/522 534/716/534 523/708/523
f 527/691/527 532/715/532 536/717/536
f 532/715/532 539/718/539 540/719/540
f 534/716/534 535/720/535 529/709/529
f 530/707/530 535/720/535 538/721/538
f 530/707/530 539/722/539 531/723/531
f 537/714/537 542/724/542 534/716/534
f 540/719/540 544/725/544 545/726/545
f 536/717/536 545/726/545 554/727/554
f 542/724/542 543/728/543 535/720/535
f 535/720/535 543/728/543 541/729/541
f 538/721/538 544/730/544 539/722/539
f 541/729/541 548/731/548 544/730/544
f 528/713/528 546/732/546 555/733/555
f 541/729/541 543/728/543 547/734/547
f 555/733/555 551/735/551 542/724/542
f 554/727/554 564/736/564 536/717/536
f 541/729/541 547/734/547 553/737/553
f 548/731/548 549/738/549 544/730/544
f 546/739/546 480/701/480 581/740/581
f 596/684/596 550/686/550 576/741/576
f 553/737/553 556/742/556 548/731/548
f 548/731/548 556/742/556 549/738/549
f 549/743/549 556/744/556 557/745/557
f 564/736/564 576/741/576 550/686/550
f 554/727/554 557/746/557 564/736/564
f 551/735/551 559/747/559 552/748/552
f 553/749/553 559/750/559 560/751/560
f 553/749/553 560/751/560 556/744/556
f 555/733/555 558/752/558 551/735/551
f 581/740/581 569/753/569 555/754/555
f 560/751/560 563/755/563 556/744/556
f 557/745/557 563/755/563 561/756/561
f 560/751/560 559/750/559 562/757/562
f 558/758/558 566/759/566 559/750/559
f 562/757/562 567/760/567 560/751/560
f 561/756/561 563/755/563 568/761/568
f 569/762/569 565/763/565 558/752/558
f 567/760/567 568/761/568 563/755/563
f 568/761/568 571/764/571 561/756/561
f 564/765/564 571/764/571 575/766/575
f 565/767/565 573/768/573 566/759/566
f 570/769/570 574/770/574 567/760/567
f 567/760/567 574/770/574 568/761/568
f 568/761/568 574/770/574 571/764/571
f 569/771/569 572/772/572 565/767/565
f 565/767/565 572/772/572 573/768/573
f 571/764/571 574/770/574 580/773/580
f 573/768/573 572/772/572 583/774/583
f 575/766/575 580/773/580 586/775/586
f 570/769/570 573/768/573 577/776/577
f 570/769/570 578/777/578 574/770/574
f 575/778/575 596/684/596 576/741/576
f 569/753/569 581/740/581 589/779/589
f 578/777/578 579/780/579 574/770/574
f 582/781/582 587/782/587 572/772/572
f 580/773/580 579/780/579 593/783/593
f 583/774/583 584/784/584 573/768/573
f 585/785/585 588/786/588 578/777/578
f 584/784/584 590/787/590 591/788/591
f 581/740/581 480/701/480 489/660/489
f 588/789/588 592/790/592 579/791/579
f 582/792/582 589/779/589 595/793/595
f 583/774/583 587/782/587 590/787/590
f 583/774/583 590/787/590 584/784/584
f 595/793/595 597/794/597 587/795/587
f 594/796/594 602/645/602 586/797/586
f 591/798/591 592/790/592 588/789/588
f 591/798/591 598/799/598 599/800/599
f 591/798/591 599/800/599 592/790/592
f 489/660/489 485/662/485 589/779/589
f 593/801/593 600/802/600 601/803/601
f 593/801/593 601/803/601 594/796/594
f 590/804/590 597/794/597 481/805/481
f 594/796/594 601/803/601 602/645/602
f 602/806/602 508/685/508 596/684/596
f 599/800/599 482/649/482 483/651/483
f 599/800/599 487/652/487 600/802/600
f 595/793/595 485/662/485 490/654/490
f 600/802/600 484/643/484 601/803/601
f 597/794/597 490/654/490 486/656/486
f 481/807/481 482/649/482 598/799/598
f 721/808/721 612/809/612 619/810/619
f 607/811/607 611/812/611 722/813/722
f 604/814/604 606/815/606 610/816/610
f 610/816/610 615/817/615 604/814/604
f 607/811/607 615/817/615 616/818/616
f 611/812/611 617/819/617 608/820/608
f 619/810/619 620/821/620 605/822/605
f 609/823/609 617/819/617 625/824/625
f 605/822/605 613/825/613 606/826/606
f 615/817/615 614/827/614 622/828/622
f 612/809/612 603/829/603 635/830/635
f 615/817/615 623/831/623 616/818/616
f 617/819/617 623/831/623 624/832/624
f 620/821/620 621/833/621 613/825/613
f 619/810/619 626/834/626 620/821/620
f 621/833/621 627/835/627 614/836/614
f 635/830/635 632/837/632 619/810/619
f 622/828/622 629/838/629 623/831/623
f 624/839/624 629/840/629 630/841/630
f 621/833/621 626/834/626 633/842/633
f 625/843/625 630/841/630 641/844/641
f 625/843/625 648/845/648 618/846/618
f 628/847/628 640/848/640 629/840/629
f 632/837/632 636/849/636 626/834/626
f 633/842/633 636/849/636 637/850/637
f 628/851/628 633/842/633 638/852/638
f 628/851/628 638/852/638 640/853/640
f 648/845/648 659/854/659 631/855/631
f 640/848/640 638/856/638 639/857/639
f 635/830/635 651/858/651 632/837/632
f 640/848/640 642/859/642 634/860/634
f 639/857/639 646/861/646 640/848/640
f 634/860/634 642/859/642 647/862/647
f 641/844/641 643/863/643 650/864/650
f 639/857/639 645/865/645 649/866/649
f 646/861/646 647/862/647 642/859/642
f 646/861/646 654/867/654 647/862/647
f 647/862/647 654/867/654 655/868/655
f 651/869/651 652/870/652 644/871/644
f 647/862/647 655/868/655 643/863/643
f 644/871/644 653/872/653 645/873/645
f 648/845/648 650/864/650 662/874/662
f 649/866/649 654/867/654 646/861/646
f 649/875/649 653/872/653 657/876/657
f 655/868/655 661/877/661 658/878/658
f 666/879/666 660/880/660 652/870/652
f 650/864/650 658/878/658 669/881/669
f 652/870/652 656/882/656 653/872/653
f 657/876/657 661/883/661 654/884/654
f 603/829/603 666/885/666 651/858/651
f 659/854/659 662/874/662 676/886/676
f 657/876/657 656/882/656 664/887/664
f 658/878/658 661/877/661 665/888/665
f 666/879/666 670/889/670 660/880/660
f 660/880/660 663/890/663 656/882/656
f 662/874/662 669/881/669 676/886/676
f 664/887/664 668/891/668 661/883/661
f 664/887/664 672/892/672 673/893/673
f 664/887/664 673/893/673 668/891/668
f 665/888/665 668/894/668 674/895/674
f 660/880/660 670/889/670 671/896/671
f 660/880/660 671/896/671 663/890/663
f 663/890/663 671/896/671 672/892/672
f 671/896/671 670/889/670 677/897/677
f 669/881/669 674/895/674 681/898/681
f 699/899/699 682/900/682 666/885/666
f 673/893/673 675/901/675 668/891/668
f 673/893/673 678/902/678 679/903/679
f 667/904/667 677/897/677 670/889/670
f 675/905/675 681/906/681 674/907/674
f 677/897/677 678/902/678 671/896/671
f 681/898/681 689/908/689 676/886/676
f 679/909/679 680/910/680 675/905/675
f 682/911/682 683/912/683 667/904/667
f 679/909/679 688/913/688 680/910/680
f 677/897/677 683/912/683 684/914/684
f 677/897/677 684/914/684 678/902/678
f 678/915/678 684/916/684 685/917/685
f 679/909/679 685/917/685 687/918/687
f 676/886/676 689/908/689 720/919/720
f 687/918/687 685/917/685 686/920/686
f 659/854/659 676/886/676 720/919/720
f 688/913/688 693/921/693 681/906/681
f 686/920/686 692/922/692 687/918/687
f 699/899/699 700/923/700 682/900/682
f 687/918/687 692/922/692 688/913/688
f 682/900/682 702/924/702 683/925/683
f 688/913/688 692/922/692 693/921/693
f 684/916/684 683/926/683 690/927/690
f 689/928/689 693/921/693 698/929/698
f 685/917/685 690/927/690 691/930/691
f 686/920/686 691/930/691 696/931/696
f 686/920/686 696/931/696 692/922/692
f 702/932/702 694/933/694 683/926/683
f 696/931/696 701/934/701 692/922/692
f 693/921/693 701/934/701 697/935/697
f 696/931/696 704/936/704 705/937/705
f 697/935/697 701/934/701 708/938/708
f 702/932/702 703/939/703 694/933/694
f 694/933/694 704/936/704 695/940/695
f 698/941/698 708/942/708 714/943/714
f 699/899/699 603/829/603 612/809/612
f 705/937/705 707/944/707 701/934/701
f 704/936/704 710/945/710 711/946/711
f 705/937/705 711/946/711 712/947/712
f 700/923/700 612/809/612 721/808/721
f 702/924/702 721/808/721 709/948/709
f 708/942/708 707/949/707 713/950/713
f 702/924/702 709/948/709 703/951/703
f 703/951/703 709/948/709 710/952/710
f 703/939/703 710/945/710 704/936/704
f 713/950/713 719/953/719 708/942/708
f 712/954/712 713/950/713 707/949/707
f 711/955/711 716/956/716 717/957/717
f 714/943/714 719/953/719 609/823/609
f 718/958/718 722/813/722 713/950/713
f 659/854/659 720/919/720 631/855/631
f 717/957/717 607/811/607 718/958/718
f 722/813/722 608/820/608 719/953/719
f 715/959/715 721/808/721 605/822/605
f 716/960/716 605/822/605 606/826/606
f 609/823/609 618/961/618 714/943/714
f 717/957/717 606/815/606 604/814/604
f 720/919/720 618/846/618 631/855/631
f 2/6/2 8/5/8 9/8/9
f 3/11/3 10/10/10 11/15/11
f 5/21/5 119/12/119 7/14/7
f 5/21/5 12/20/12 8/25/8
f 4/13/4 17/19/17 7/14/7
f 11/15/11 10/10/10 16/23/16
f 7/14/7 18/22/18 12/20/12
f 11/15/11 22/24/22 14/16/14
f 8/5/8 15/28/15 13/27/13
f 9/8/9 13/27/13 16/23/16
f 15/26/15 12/20/12 19/41/19
f 13/27/13 20/29/20 16/23/16
f 16/23/16 21/32/21 22/24/22
f 12/20/12 18/22/18 19/41/19
f 20/962/20 15/26/15 19/41/19
f 20/962/20 19/41/19 27/42/27
f 20/962/20 27/42/27 28/963/28
f 20/35/20 28/45/28 29/36/29
f 17/19/17 32/34/32 25/38/25
f 21/37/21 29/36/29 31/39/31
f 22/30/22 31/39/31 23/31/23
f 24/18/24 1/54/1 32/34/32
f 27/43/27 34/52/34 35/44/35
f 28/45/28 35/44/35 36/46/36
f 25/38/25 39/47/39 30/48/30
f 29/36/29 36/46/36 31/39/31
f 26/40/26 25/38/25 30/48/30
f 23/31/23 31/39/31 38/50/38
f 27/42/27 26/40/26 33/49/33
f 34/52/34 41/71/41 42/53/42
f 35/44/35 42/53/42 37/56/37
f 39/47/39 32/34/32 48/55/48
f 36/46/36 37/56/37 38/50/38
f 34/51/34 33/49/33 40/57/40
f 38/50/38 46/61/46 47/33/47
f 40/57/40 30/48/30 43/60/43
f 42/53/42 50/72/50 45/59/45
f 39/47/39 52/62/52 43/60/43
f 37/56/37 51/63/51 46/61/46
f 41/68/41 40/64/40 44/66/44
f 46/61/46 55/75/55 62/67/62
f 49/69/49 44/66/44 53/81/53
f 44/66/44 43/65/43 52/78/52
f 51/63/51 61/77/61 55/75/55
f 44/66/44 57/79/57 53/81/53
f 54/74/54 49/69/49 53/81/53
f 1/54/1 76/84/76 48/55/48
f 54/74/54 53/81/53 58/82/58
f 54/74/54 58/82/58 59/83/59
f 52/78/52 64/87/64 63/94/63
f 57/79/57 52/78/52 63/94/63
f 61/77/61 56/76/56 60/92/60
f 70/73/70 62/67/62 88/96/88
f 59/83/59 67/90/67 68/91/68
f 60/92/60 68/964/68 69/93/69
f 55/75/55 61/77/61 69/93/69
f 62/67/62 55/75/55 69/93/69
f 58/82/58 57/79/57 65/95/65
f 65/95/65 63/94/63 71/97/71
f 67/90/67 66/89/66 72/107/72
f 67/90/67 72/107/72 73/100/73
f 64/87/64 82/99/82 71/97/71
f 69/93/69 68/964/68 75/105/75
f 69/93/69 81/106/81 88/96/88
f 66/89/66 65/95/65 74/104/74
f 72/107/72 74/104/74 78/965/78
f 73/102/73 79/110/79 80/112/80
f 75/103/75 73/102/73 80/112/80
f 74/104/74 71/97/71 77/111/77
f 74/966/74 77/114/77 78/109/78
f 79/110/79 78/109/78 85/115/85
f 76/84/76 111/117/111 82/120/82
f 79/110/79 83/116/83 86/118/86
f 80/112/80 86/118/86 81/113/81
f 83/116/83 90/129/90 86/118/86
f 77/114/77 84/125/84 85/115/85
f 81/113/81 87/123/87 88/128/88
f 88/96/88 103/135/103 93/7/93
f 83/116/83 85/115/85 92/126/92
f 86/118/86 91/130/91 87/123/87
f 89/124/89 99/140/99 95/136/95
f 84/125/84 89/124/89 95/136/95
f 84/125/84 95/136/95 92/126/92
f 90/129/90 96/134/96 97/131/97
f 96/134/96 92/126/92 101/137/101
f 98/133/98 97/131/97 102/138/102
f 103/127/103 98/133/98 106/139/106
f 95/136/95 100/141/100 101/137/101
f 96/134/96 101/137/101 104/142/104
f 96/134/96 104/142/104 102/138/102
f 104/142/104 101/137/101 108/150/108
f 118/967/118 103/147/103 110/17/110
f 102/968/102 109/156/109 105/151/105
f 99/132/99 94/119/94 112/144/112
f 106/148/106 102/968/102 105/151/105
f 99/132/99 112/144/112 107/145/107
f 100/141/100 107/969/107 108/150/108
f 103/147/103 114/149/114 110/17/110
f 104/152/104 113/154/113 109/156/109
f 113/154/113 108/153/108 115/159/115
f 109/156/109 116/155/116 117/157/117
f 105/151/105 117/157/117 114/149/114
f 107/145/107 119/12/119 115/160/115
f 114/149/114 11/15/11 110/17/110
f 113/154/113 2/6/2 116/155/116
f 111/117/111 24/18/24 4/13/4
f 2/6/2 115/159/115 5/4/5
f 117/157/117 6/9/6 3/11/3
f 119/12/119 112/144/112 4/13/4
f 121/163/121 123/162/123 124/178/124
f 130/168/130 238/164/238 141/166/141
f 133/173/133 126/172/126 136/181/136
f 123/162/123 131/176/131 128/177/128
f 126/172/126 125/179/125 132/180/132
f 239/167/239 127/169/127 122/171/122
f 131/189/131 122/171/122 134/183/134
f 134/183/134 138/193/138 139/188/139
f 131/176/131 139/194/139 135/187/135
f 132/180/132 128/177/128 140/190/140
f 130/168/130 142/191/142 137/182/137
f 132/180/132 144/192/144 136/181/136
f 136/970/136 148/202/148 133/185/133
f 148/202/148 136/970/136 144/201/144
f 140/971/140 146/205/146 147/199/147
f 144/201/144 140/971/140 147/199/147
f 138/193/138 137/182/137 143/198/143
f 138/193/138 143/198/143 145/195/145
f 139/188/139 138/193/138 145/195/145
f 148/202/148 144/201/144 152/200/152
f 133/185/133 164/203/164 149/186/149
f 142/191/142 141/166/141 157/204/157
f 142/191/142 157/204/157 143/198/143
f 146/205/146 151/213/151 155/215/155
f 146/205/146 155/215/155 156/206/156
f 147/199/147 156/206/156 152/200/152
f 143/198/143 150/207/150 154/209/154
f 148/202/148 159/208/159 164/203/164
f 146/196/146 145/195/145 151/210/151
f 155/215/155 162/214/162 163/216/163
f 156/206/156 163/216/163 159/208/159
f 150/207/150 160/217/160 161/218/161
f 158/212/158 154/209/154 161/218/161
f 164/203/164 159/208/159 168/226/168
f 162/232/162 158/220/158 166/222/166
f 153/165/153 185/224/185 179/225/179
f 157/204/157 179/225/179 169/972/169
f 157/204/157 169/972/169 160/217/160
f 162/214/162 167/973/167 170/227/170
f 163/216/163 170/227/170 168/226/168
f 166/222/166 161/221/161 165/230/165
f 171/211/171 164/203/164 178/231/178
f 166/222/166 165/230/165 172/234/172
f 167/233/167 166/222/166 172/234/172
f 167/973/167 173/237/173 170/227/170
f 170/227/170 174/238/174 175/236/175
f 165/230/165 169/229/169 176/240/176
f 165/230/165 177/241/177 172/234/172
f 168/226/168 182/242/182 178/231/178
f 173/235/173 172/234/172 180/244/180
f 173/235/173 180/244/180 181/245/181
f 174/238/174 188/248/188 182/242/182
f 177/241/177 176/240/176 183/974/183
f 177/241/177 183/974/183 184/256/184
f 180/244/180 177/241/177 184/256/184
f 181/245/181 187/250/187 188/261/188
f 176/240/176 179/239/179 198/252/198
f 176/240/176 190/253/190 183/974/183
f 183/974/183 191/257/191 184/256/184
f 182/242/182 197/255/197 195/243/195
f 191/257/191 183/974/183 190/253/190
f 186/249/186 184/256/184 192/258/192
f 193/259/193 186/249/186 192/258/192
f 185/224/185 120/223/120 198/284/198
f 189/262/189 188/975/188 194/263/194
f 197/255/197 189/254/189 196/976/196
f 193/259/193 192/258/192 200/267/200
f 194/263/194 201/270/201 202/272/202
f 196/264/196 194/263/194 202/272/202
f 199/265/199 190/253/190 203/271/203
f 197/274/197 196/264/196 208/273/208
f 200/269/200 199/277/199 205/279/205
f 204/276/204 200/269/200 206/280/206
f 198/252/198 209/977/209 203/271/203
f 208/273/208 202/272/202 207/282/207
f 203/278/203 209/288/209 210/290/210
f 205/279/205 203/278/203 210/290/210
f 215/275/215 208/273/208 214/293/214
f 205/279/205 210/290/210 212/291/212
f 206/280/206 205/279/205 212/291/212
f 211/285/211 206/280/206 212/291/212
f 120/223/120 234/296/234 209/283/209
f 208/273/208 207/282/207 213/286/213
f 208/273/208 219/287/219 214/293/214
f 209/288/209 220/978/220 216/289/216
f 210/290/210 216/289/216 212/291/212
f 211/285/211 217/292/217 213/286/213
f 214/293/214 230/298/230 223/294/223
f 217/292/217 212/291/212 221/299/221
f 213/286/213 222/295/222 218/302/218
f 219/287/219 213/286/213 218/302/218
f 230/298/230 219/287/219 229/303/229
f 216/289/216 224/309/224 221/299/221
f 217/292/217 225/304/225 222/295/222
f 225/304/225 221/299/221 227/310/227
f 222/306/222 228/319/228 226/307/226
f 220/297/220 238/164/238 224/300/224
f 218/308/218 226/307/226 229/321/229
f 224/979/224 232/322/232 227/316/227
f 225/315/225 233/317/233 228/319/228
f 233/317/233 227/316/227 235/323/235
f 230/313/230 229/321/229 237/320/237
f 230/313/230 126/172/126 129/174/129
f 235/323/235 232/322/232 240/161/240
f 233/317/233 121/163/121 236/318/236
f 121/163/121 235/323/235 240/161/240
f 238/164/238 234/296/234 153/165/153
f 236/318/236 124/178/124 125/179/125
f 239/167/239 238/164/238 130/168/130
f 237/320/237 125/179/125 126/172/126
f 240/170/240 231/311/231 239/167/239
f 363/324/363 246/344/246 247/325/247
f 242/326/242 247/325/247 248/339/248
f 249/341/249 242/326/242 248/339/248
f 245/331/245 361/327/361 254/329/254
f 363/336/363 362/330/362 243/332/243
f 364/335/364 256/334/256 253/484/253
f 243/332/243 250/340/250 246/337/246
f 249/341/249 248/339/248 255/345/255
f 245/331/245 263/342/263 250/340/250
f 256/334/256 249/341/249 255/345/255
f 246/344/246 251/346/251 252/338/252
f 253/349/253 274/351/274 261/356/261
f 252/338/252 259/347/259 255/345/255
f 255/345/255 260/352/260 256/334/256
f 250/340/250 257/348/257 251/343/251
f 253/349/253 256/980/256 268/350/268
f 263/342/263 269/365/269 257/348/257
f 268/350/268 256/980/256 267/372/267
f 259/358/259 251/343/251 258/354/258
f 263/342/263 254/329/254 275/355/275
f 259/358/259 258/354/258 264/359/264
f 259/362/259 265/981/265 266/363/266
f 260/364/260 266/363/266 267/372/267
f 257/348/257 262/366/262 264/359/264
f 265/981/265 271/368/271 266/363/266
f 265/981/265 270/377/270 271/368/271
f 263/342/263 289/367/289 269/365/269
f 266/363/266 272/369/272 273/371/273
f 268/350/268 267/372/267 273/371/273
f 268/350/268 283/374/283 274/351/274
f 265/360/265 264/359/264 270/375/270
f 269/365/269 280/379/280 277/370/277
f 283/374/283 273/371/273 288/381/288
f 278/376/278 276/373/276 281/382/281
f 282/393/282 278/384/278 286/386/286
f 288/381/288 279/378/279 287/387/287
f 281/382/281 277/370/277 285/388/285
f 275/355/275 241/328/241 289/367/289
f 280/379/280 293/389/293 285/388/285
f 283/374/283 288/381/288 297/390/297
f 281/385/281 285/401/285 290/395/290
f 283/374/283 298/391/298 304/392/304
f 286/386/286 281/385/281 290/395/290
f 282/380/282 291/397/291 287/387/287
f 285/401/285 299/400/299 290/395/290
f 291/394/291 286/386/286 295/396/295
f 287/387/287 292/398/292 296/982/296
f 288/381/288 287/387/287 296/982/296
f 288/381/288 296/982/296 297/390/297
f 293/389/293 289/367/289 305/405/305
f 296/982/296 302/411/302 297/390/297
f 295/396/295 290/395/290 294/402/294
f 291/394/291 300/404/300 292/407/292
f 300/404/300 295/396/295 294/402/294
f 302/411/302 296/982/296 301/983/301
f 293/399/293 306/410/306 299/400/299
f 298/391/298 297/390/297 302/411/302
f 299/400/299 303/414/303 294/402/294
f 302/411/302 301/983/301 309/412/309
f 303/414/303 299/400/299 306/410/306
f 298/391/298 311/413/311 304/392/304
f 300/404/300 294/402/294 307/415/307
f 301/406/301 308/416/308 309/425/309
f 305/405/305 241/328/241 333/422/333
f 303/414/303 313/418/313 307/415/307
f 309/412/309 315/426/315 311/413/311
f 313/418/313 306/410/306 312/419/312
f 311/413/311 317/427/317 316/403/316
f 308/416/308 307/415/307 310/420/310
f 308/416/308 314/421/314 315/424/315
f 315/433/315 323/432/323 317/435/317
f 310/420/310 313/418/313 320/428/320
f 314/421/314 310/420/310 321/430/321
f 314/431/314 321/439/321 322/442/322
f 314/431/314 322/442/322 323/432/323
f 318/417/318 319/984/319 312/419/312
f 320/428/320 312/419/312 319/984/319
f 317/427/317 324/985/324 332/429/332
f 321/439/321 320/436/320 325/438/325
f 322/442/322 327/441/327 328/444/328
f 319/984/319 318/417/318 334/986/334
f 323/432/323 328/444/328 324/434/324
f 325/438/325 319/437/319 330/446/330
f 324/434/324 336/448/336 332/987/332
f 325/438/325 330/446/330 335/449/335
f 326/440/326 325/438/325 335/449/335
f 327/441/327 326/440/326 335/449/335
f 327/441/327 331/450/331 340/451/340
f 328/444/328 340/451/340 329/447/329
f 336/448/336 329/447/329 341/453/341
f 330/446/330 338/452/338 335/449/335
f 332/429/332 353/455/353 337/361/337
f 339/456/339 335/449/335 343/459/343
f 333/422/333 361/327/361 342/458/342
f 331/450/331 344/457/344 340/451/340
f 334/443/334 342/458/342 338/461/338
f 341/453/341 340/451/340 345/464/345
f 341/988/341 345/469/345 350/473/350
f 336/448/336 341/453/341 350/989/350
f 338/452/338 347/463/347 343/459/343
f 336/990/336 350/473/350 353/485/353
f 339/456/339 343/459/343 348/465/348
f 339/456/339 348/465/348 344/457/344
f 348/465/348 343/459/343 347/463/347
f 344/467/344 352/479/352 349/468/349
f 342/458/342 354/470/354 346/460/346
f 345/469/345 349/468/349 350/473/350
f 347/991/347 346/460/346 355/471/355
f 347/992/347 355/993/355 356/475/356
f 350/473/350 364/335/364 353/485/353
f 348/474/348 347/992/347 356/475/356
f 348/474/348 351/476/351 352/479/352
f 354/470/354 342/458/342 361/327/361
f 352/479/352 359/478/359 360/480/360
f 349/468/349 360/480/360 357/472/357
f 364/335/364 357/472/357 244/333/244
f 355/994/355 362/995/362 363/996/363
f 358/477/358 356/475/356 363/324/363
f 353/485/353 253/484/253 261/997/261
f 359/478/359 358/477/358 363/324/363
f 359/478/359 242/326/242 249/341/249
f 362/330/362 354/470/354 245/331/245
f 360/480/360 249/341/249 244/333/244
f 366/488/366 371/487/371 372/492/372
f 368/499/368 479/495/479 370/496/370
f 368/499/368 374/498/374 371/500/371
f 369/491/369 381/505/381 370/496/370
f 375/641/375 367/494/367 380/497/380
f 369/491/369 389/503/389 381/505/381
f 373/493/373 379/504/379 380/497/380
f 370/496/370 381/505/381 374/498/374
f 371/487/371 377/513/377 378/502/378
f 365/490/365 408/530/408 389/503/389
f 372/492/372 378/502/378 373/493/373
f 377/501/377 374/498/374 376/506/376
f 375/507/375 388/509/388 383/515/383
f 379/504/379 386/998/386 380/497/380
f 386/998/386 379/504/379 385/514/385
f 377/501/377 376/506/376 384/510/384
f 377/513/377 382/999/382 385/514/385
f 384/510/384 381/505/381 390/517/390
f 388/509/388 386/511/386 393/519/393
f 382/512/382 384/510/384 391/520/391
f 382/522/382 387/524/387 392/523/392
f 393/519/393 385/518/385 392/523/392
f 391/520/391 390/517/390 396/543/396
f 400/526/400 393/519/393 399/533/399
f 391/520/391 396/543/396 397/534/397
f 394/527/394 391/520/391 397/534/397
f 388/509/388 407/529/407 403/516/403
f 393/519/393 392/523/392 398/532/398
f 390/517/390 404/531/404 396/543/396
f 395/525/395 401/550/401 402/540/402
f 395/525/395 402/540/402 398/532/398
f 395/525/395 394/528/394 401/550/401
f 400/526/400 399/533/399 413/536/413
f 401/546/401 397/539/397 405/538/405
f 399/533/399 398/532/398 406/541/406
f 399/533/399 406/541/406 413/536/413
f 402/540/402 411/551/411 406/541/406
f 396/537/396 414/545/414 405/538/405
f 410/547/410 405/538/405 414/545/414
f 435/548/435 407/529/407 415/557/415
f 404/554/404 416/556/416 409/544/409
f 406/541/406 412/553/412 413/536/413
f 414/545/414 409/544/409 416/556/416
f 415/557/415 413/536/413 420/559/420
f 411/549/411 410/547/410 418/561/418
f 411/549/411 418/561/418 419/565/419
f 427/552/427 408/530/408 441/562/441
f 418/561/418 414/545/414 417/560/417
f 420/559/420 419/558/419 424/569/424
f 420/559/420 424/569/424 425/571/425
f 417/560/417 416/556/416 421/568/421
f 415/557/415 420/559/420 425/571/425
f 417/560/417 421/568/421 422/563/422
f 415/557/415 425/571/425 434/572/434
f 418/561/418 417/560/417 422/563/422
f 415/557/415 434/572/434 435/548/435
f 419/565/419 423/564/423 424/577/424
f 423/564/423 426/575/426 424/577/424
f 416/556/416 433/566/433 421/568/421
f 421/568/421 428/567/428 429/573/429
f 423/564/423 422/563/422 429/573/429
f 423/564/423 430/574/430 426/575/426
f 432/570/432 440/1000/440 434/572/434
f 428/567/428 436/588/436 437/582/437
f 434/572/434 444/594/444 435/548/435
f 430/574/430 429/573/429 438/583/438
f 430/584/430 438/1001/438 439/585/439
f 433/566/433 427/555/427 449/587/449
f 440/581/440 431/580/431 439/585/439
f 438/1001/438 442/598/442 439/585/439
f 433/566/433 450/590/450 436/588/436
f 444/593/444 440/581/440 448/601/448
f 436/595/436 445/606/445 446/596/446
f 438/1001/438 437/597/437 446/596/446
f 442/598/442 438/1001/438 446/596/446
f 443/591/443 439/585/439 447/599/447
f 442/598/442 451/604/451 447/599/447
f 449/1002/449 441/562/441 466/605/466
f 443/591/443 452/602/452 448/601/448
f 444/593/444 456/603/456 463/1003/463
f 445/606/445 453/610/453 454/607/454
f 451/604/451 446/596/446 454/607/454
f 447/599/447 455/608/455 452/602/452
f 450/612/450 449/1002/449 466/605/466
f 450/609/450 464/620/464 453/610/453
f 456/603/456 448/601/448 459/614/459
f 451/604/451 454/607/454 457/615/457
f 457/615/457 454/607/454 460/622/460
f 455/608/455 461/619/461 458/611/458
f 459/614/459 458/611/458 462/625/462
f 459/614/459 462/625/462 470/1004/470
f 456/603/456 459/614/459 470/1004/470
f 453/610/453 465/621/465 460/622/460
f 456/616/456 473/624/473 471/617/471
f 461/619/461 457/615/457 460/622/460
f 461/619/461 460/622/460 467/627/467
f 461/1005/461 468/635/468 469/631/469
f 466/605/466 478/489/478 464/613/464
f 464/613/464 478/489/478 472/633/472
f 462/630/462 477/632/477 470/623/470
f 465/1006/465 472/637/472 467/639/467
f 468/635/468 467/639/467 475/640/475
f 468/635/468 475/640/475 476/636/476
f 478/489/478 466/605/466 365/490/365
f 477/632/477 469/631/469 476/636/476
f 473/624/473 470/623/470 477/632/477
f 472/633/472 479/495/479 474/642/474
f 473/624/473 375/641/375 471/617/471
f 475/640/475 366/488/366 476/636/476
f 366/488/366 475/640/475 368/486/368
f 476/636/476 366/488/366 372/492/372
f 476/636/476 372/492/372 367/494/367
f 479/495/479 478/489/478 369/491/369
f 375/641/375 477/632/477 367/494/367
f 475/640/475 474/638/474 368/486/368
f 471/617/471 375/641/375 383/1007/383
f 602/645/602 500/1008/500 508/1009/508
f 482/646/482 481/805/481 486/656/486
f 602/645/602 497/644/497 500/1008/500
f 483/651/483 492/650/492 487/652/487
f 484/643/484 496/657/496 497/644/497
f 488/653/488 495/663/495 496/657/496
f 487/652/487 494/658/494 488/653/488
f 491/647/491 498/665/498 499/659/499
f 494/673/494 492/648/492 499/659/499
f 489/660/489 480/701/480 516/661/516
f 490/654/490 485/662/485 516/661/516
f 490/654/490 501/664/501 493/655/493
f 498/665/498 493/655/493 501/664/501
f 496/670/496 504/668/504 512/671/512
f 497/672/497 512/671/512 500/1010/500
f 494/658/494 502/1011/502 503/675/503
f 508/685/508 500/1010/500 512/671/512
f 502/674/502 499/659/499 506/677/506
f 499/659/499 498/665/498 505/676/505
f 505/676/505 501/664/501 513/681/513
f 512/671/512 504/668/504 511/683/511
f 503/667/503 507/680/507 510/682/510
f 504/668/504 503/667/503 510/682/510
f 507/680/507 515/692/515 510/682/510
f 506/677/506 505/676/505 509/687/509
f 507/678/507 506/677/506 514/688/514
f 509/687/509 513/681/513 517/705/517
f 512/671/512 511/683/511 520/690/520
f 509/687/509 517/705/517 518/1012/518
f 512/671/512 527/691/527 533/1013/533
f 514/688/514 509/687/509 518/1012/518
f 512/671/512 533/1013/533 550/686/550
f 511/683/511 510/682/510 519/693/519
f 515/692/515 521/696/521 519/693/519
f 513/681/513 522/694/522 517/705/517
f 515/692/515 514/1014/514 518/695/518
f 527/691/527 520/690/520 526/703/526
f 517/697/517 523/708/523 524/698/524
f 521/706/521 518/699/518 524/698/524
f 480/701/480 546/739/546 528/702/528
f 522/694/522 516/661/516 528/702/528
f 520/690/520 519/693/519 525/700/525
f 521/696/521 530/710/530 525/700/525
f 523/708/523 534/716/534 529/709/529
f 527/691/527 536/717/536 533/1013/533
f 530/707/530 524/698/524 529/709/529
f 526/703/526 525/700/525 531/711/531
f 522/712/522 537/714/537 534/716/534
f 527/691/527 526/703/526 532/715/532
f 532/715/532 531/711/531 539/718/539
f 536/717/536 532/715/532 540/719/540
f 533/1013/533 536/717/536 550/686/550
f 530/707/530 529/709/529 535/720/535
f 530/707/530 538/721/538 539/722/539
f 534/716/534 542/724/542 535/720/535
f 540/719/540 539/718/539 544/725/544
f 536/717/536 540/719/540 545/726/545
f 538/721/538 535/720/535 541/729/541
f 538/721/538 541/729/541 544/730/544
f 537/714/537 528/713/528 555/733/555
f 537/714/537 555/733/555 542/724/542
f 545/726/545 549/1015/549 557/746/557
f 543/728/543 542/724/542 551/735/551
f 554/727/554 545/726/545 557/746/557
f 543/728/543 551/735/551 552/748/552
f 547/734/547 543/728/543 552/748/552
f 536/717/536 564/736/564 550/686/550
f 541/729/541 553/737/553 548/731/548
f 545/1016/545 544/730/544 549/738/549
f 553/737/553 547/734/547 552/748/552
f 546/739/546 581/740/581 555/754/555
f 551/735/551 558/752/558 559/747/559
f 553/737/553 552/748/552 559/747/559
f 557/745/557 556/744/556 563/755/563
f 555/733/555 569/762/569 558/752/558
f 564/765/564 557/745/557 561/756/561
f 558/758/558 565/767/565 566/759/566
f 564/736/564 575/778/575 576/741/576
f 562/757/562 559/750/559 566/759/566
f 560/751/560 567/760/567 563/755/563
f 562/757/562 570/769/570 567/760/567
f 564/765/564 561/756/561 571/764/571
f 562/757/562 566/759/566 570/769/570
f 570/769/570 566/759/566 573/768/573
f 569/771/569 582/781/582 572/772/572
f 575/766/575 571/764/571 580/773/580
f 570/769/570 577/776/577 578/777/578
f 575/778/575 586/1017/586 596/684/596
f 577/776/577 585/785/585 578/777/578
f 582/792/582 569/753/569 589/779/589
f 580/773/580 574/770/574 579/780/579
f 583/774/583 572/772/572 587/782/587
f 586/797/586 580/1018/580 593/801/593
f 577/776/577 573/768/573 584/784/584
f 585/785/585 577/776/577 584/784/584
f 578/777/578 588/786/588 579/780/579
f 585/785/585 584/784/584 591/788/591
f 585/785/585 591/788/591 588/786/588
f 581/740/581 489/660/489 589/779/589
f 593/801/593 579/791/579 592/790/592
f 582/792/582 595/793/595 587/795/587
f 586/797/586 593/801/593 594/796/594
f 590/804/590 587/795/587 597/794/597
f 586/797/586 602/645/602 596/1019/596
f 592/790/592 599/800/599 600/802/600
f 595/793/595 589/779/589 485/662/485
f 593/801/593 592/790/592 600/802/600
f 590/1020/590 481/807/481 598/799/598
f 591/798/591 590/1020/590 598/799/598
f 599/800/599 598/799/598 482/649/482
f 599/800/599 483/651/483 487/652/487
f 600/802/600 487/652/487 484/643/484
f 597/794/597 595/793/595 490/654/490
f 481/805/481 597/794/597 486/656/486
f 602/645/602 601/803/601 484/643/484
f 722/813/722 611/812/611 608/820/608
f 605/822/605 721/808/721 619/810/619
f 618/961/618 609/823/609 625/824/625
f 610/1021/610 606/826/606 613/825/613
f 607/811/607 604/814/604 615/817/615
f 607/811/607 616/818/616 611/812/611
f 605/822/605 620/821/620 613/825/613
f 609/823/609 608/820/608 617/819/617
f 617/819/617 611/812/611 616/818/616
f 610/1021/610 613/825/613 614/836/614
f 610/816/610 614/827/614 615/817/615
f 615/817/615 622/828/622 623/831/623
f 612/809/612 635/830/635 619/810/619
f 617/819/617 616/818/616 623/831/623
f 617/819/617 624/832/624 625/824/625
f 613/825/613 621/833/621 614/836/614
f 619/810/619 632/837/632 626/834/626
f 621/833/621 620/821/620 626/834/626
f 622/1022/622 614/836/614 627/835/627
f 631/855/631 618/846/618 648/845/648
f 622/1022/622 627/835/627 628/851/628
f 622/1022/622 628/851/628 629/1023/629
f 624/839/624 623/1024/623 629/840/629
f 625/843/625 624/839/624 630/841/630
f 621/833/621 633/842/633 627/835/627
f 625/843/625 641/844/641 648/845/648
f 628/851/628 627/835/627 633/842/633
f 629/840/629 640/848/640 634/860/634
f 630/841/630 629/840/629 634/860/634
f 630/841/630 634/860/634 643/863/643
f 633/842/633 626/834/626 636/849/636
f 641/844/641 630/841/630 643/863/643
f 638/852/638 633/842/633 637/850/637
f 636/849/636 632/837/632 651/858/651
f 640/848/640 646/861/646 642/859/642
f 636/849/636 651/858/651 644/1025/644
f 634/860/634 647/862/647 643/863/643
f 637/850/637 636/849/636 644/1025/644
f 637/850/637 644/1025/644 645/1026/645
f 641/844/641 650/864/650 648/845/648
f 638/852/638 637/850/637 645/1026/645
f 639/1027/639 638/852/638 645/1026/645
f 639/857/639 649/866/649 646/861/646
f 635/830/635 603/829/603 651/858/651
f 650/864/650 643/863/643 655/868/655
f 644/871/644 652/870/652 653/872/653
f 659/854/659 648/845/648 662/874/662
f 649/875/649 645/873/645 653/872/653
f 649/875/649 657/876/657 654/884/654
f 651/869/651 666/879/666 652/870/652
f 655/868/655 654/867/654 661/877/661
f 650/864/650 655/868/655 658/878/658
f 652/870/652 660/880/660 656/882/656
f 650/864/650 669/881/669 662/874/662
f 657/876/657 653/872/653 656/882/656
f 657/876/657 664/887/664 661/883/661
f 669/881/669 658/878/658 665/888/665
f 665/888/665 661/877/661 668/894/668
f 664/887/664 656/882/656 663/890/663
f 664/887/664 663/890/663 672/892/672
f 603/829/603 699/899/699 666/885/666
f 666/879/666 667/904/667 670/889/670
f 669/881/669 665/888/665 674/895/674
f 669/881/669 681/898/681 676/886/676
f 666/879/666 682/911/682 667/904/667
f 674/1028/674 668/891/668 675/901/675
f 673/893/673 672/892/672 678/902/678
f 673/893/673 679/903/679 675/901/675
f 672/892/672 671/896/671 678/902/678
f 675/905/675 680/910/680 681/906/681
f 667/904/667 683/912/683 677/897/677
f 679/909/679 687/918/687 688/913/688
f 680/910/680 688/913/688 681/906/681
f 679/909/679 678/915/678 685/917/685
f 689/928/689 681/906/681 693/921/693
f 682/900/682 700/923/700 702/924/702
f 689/928/689 698/929/698 706/1029/706
f 685/917/685 684/916/684 690/927/690
f 689/908/689 706/1030/706 720/919/720
f 686/920/686 685/917/685 691/930/691
f 698/929/698 693/921/693 697/935/697
f 690/927/690 683/926/683 694/933/694
f 693/921/693 692/922/692 701/934/701
f 690/927/690 694/933/694 695/940/695
f 691/930/691 690/927/690 695/940/695
f 696/931/696 691/930/691 695/940/695
f 696/931/696 695/940/695 704/936/704
f 696/931/696 705/937/705 701/934/701
f 698/929/698 697/935/697 708/938/708
f 694/933/694 703/939/703 704/936/704
f 708/938/708 701/934/701 707/944/707
f 698/941/698 714/943/714 706/1031/706
f 699/899/699 612/809/612 700/923/700
f 706/1031/706 714/943/714 720/1032/720
f 705/937/705 704/936/704 711/946/711
f 705/1033/705 712/954/712 707/949/707
f 702/924/702 700/923/700 721/808/721
f 714/943/714 708/942/708 719/953/719
f 712/954/712 711/955/711 717/957/717
f 712/954/712 717/957/717 718/958/718
f 712/954/712 718/958/718 713/950/713
f 709/948/709 721/808/721 715/959/715
f 710/952/710 709/948/709 715/959/715
f 710/952/710 715/959/715 716/960/716
f 711/955/711 710/1034/710 716/956/716
f 719/953/719 713/950/713 722/813/722
f 717/957/717 604/814/604 607/811/607
f 718/958/718 607/811/607 722/813/722
f 609/823/609 719/953/719 608/820/608
f 716/960/716 715/959/715 605/822/605
f 717/957/717 716/956/716 606/815/606
f 720/1032/720 714/943/714 618/961/618
