# Blender 5.2.0 LTS
# www.blender.org
mtllib enemyFoxMask.mtl
o FoxMask
v -0.000000 0.028043 0.201965
v -0.000000 0.472437 0.176643
v 0.035932 0.105167 0.307520
v 0.000000 0.171846 0.360797
v -0.000000 0.055855 0.280181
v 0.000000 0.369913 0.232351
v -0.164381 0.083059 0.128686
v -0.220867 0.259828 0.150637
v -0.215487 0.190935 0.143173
v -0.200807 0.142356 0.146838
v -0.180559 0.105391 0.144792
v -0.062338 0.042695 0.191662
v -0.107268 0.058878 0.174775
v -0.143766 0.075538 0.152021
v -0.218602 0.423708 0.139275
v -0.222107 0.382281 0.149099
v -0.222653 0.332875 0.153667
v -0.172681 0.329113 0.172783
v 0.121822 0.359743 0.186641
v 0.038194 0.141859 0.315235
v 0.072108 0.157303 0.267881
v -0.173050 0.396373 0.174181
v -0.173159 0.445270 0.175571
v -0.112719 0.430741 0.200365
v -0.060271 0.419901 0.213838
v -0.159296 0.101413 0.184705
v -0.178783 0.140182 0.181553
v -0.190689 0.194075 0.174223
v -0.098220 0.112656 0.234263
v -0.114175 0.146927 0.226558
v -0.104441 0.173612 0.237380
v -0.066756 0.071169 0.245798
v -0.077164 0.198777 0.261702
v -0.190124 0.292140 0.173130
v -0.137806 0.272649 0.196368
v -0.074681 0.263787 0.217957
v -0.202975 0.355055 0.168467
v -0.186467 0.412204 0.173521
v -0.112468 0.407684 0.198553
v -0.057260 0.380167 0.214384
v -0.045500 0.298491 0.218190
v -0.029365 0.032773 0.199520
v -0.030477 0.477258 0.176194
v -0.030336 0.229118 0.301052
v 0.142275 0.390354 0.182729
v 0.158946 0.311368 0.180654
v -0.027314 0.364204 0.225589
v -0.023414 0.267685 0.241423
v -0.023137 0.175757 0.342751
v -0.030650 0.060956 0.272918
v 0.000000 0.308306 0.234572
v -0.023149 0.295367 0.229120
v -0.037673 0.171958 0.316555
v -0.046824 0.244772 0.253993
v -0.000000 0.248443 0.315458
v -0.016064 0.248049 0.300974
v -0.013067 0.188528 0.369237
v -0.013164 0.217485 0.369333
v -0.120760 0.092269 0.212128
v -0.142605 0.139709 0.210508
v -0.140973 0.195297 0.211857
v -0.054957 0.090519 0.280061
v -0.058824 0.164520 0.287664
v -0.028071 0.148767 0.329188
v -0.024365 0.084084 0.308060
v -0.000000 0.081064 0.315163
v -0.084714 0.336275 0.200885
v -0.119150 0.381047 0.189339
v -0.171884 0.368807 0.170201
v -0.127932 0.332279 0.184025
v -0.099940 0.327983 0.195279
v -0.084715 0.360978 0.199727
v -0.152069 0.382627 0.176183
v -0.158087 0.343174 0.173885
v 0.164381 0.083059 0.128686
v 0.220867 0.259828 0.150637
v 0.215487 0.190935 0.143173
v 0.200807 0.142356 0.146838
v 0.180559 0.105391 0.144792
v 0.062338 0.042695 0.191662
v 0.107268 0.058878 0.174775
v 0.143766 0.075538 0.152021
v 0.218602 0.423708 0.139275
v 0.222107 0.382281 0.149099
v 0.222653 0.332875 0.153667
v 0.172681 0.329113 0.172783
v 0.173050 0.396373 0.174181
v 0.173159 0.445270 0.175571
v 0.112719 0.430741 0.200365
v 0.060271 0.419901 0.213838
v 0.159296 0.101413 0.184705
v 0.178783 0.140182 0.181553
v 0.190689 0.194075 0.174223
v 0.098220 0.112656 0.234263
v 0.114175 0.146927 0.226558
v 0.104441 0.173612 0.237380
v 0.066756 0.071169 0.245798
v 0.077164 0.198777 0.261702
v 0.190124 0.292140 0.173130
v 0.137806 0.272649 0.196368
v 0.074681 0.263787 0.217957
v 0.202975 0.355055 0.168467
v 0.085762 0.088389 0.241870
v 0.186467 0.412204 0.173521
v 0.112468 0.407684 0.198553
v 0.057260 0.380167 0.214384
v 0.045500 0.298491 0.218190
v 0.029365 0.032773 0.199520
v 0.030477 0.477258 0.176194
v 0.030336 0.229118 0.301052
v 0.027314 0.364204 0.225589
v 0.023414 0.267685 0.241423
v 0.023137 0.175757 0.342751
v 0.030650 0.060956 0.272918
v 0.023149 0.295367 0.229120
v 0.037673 0.171958 0.316555
v 0.046824 0.244772 0.253993
v 0.016064 0.248049 0.300974
v 0.013067 0.188528 0.369237
v 0.013164 0.217485 0.369333
v 0.120760 0.092269 0.212128
v 0.142605 0.139709 0.210508
v 0.129087 0.166418 0.221120
v 0.140973 0.195297 0.211857
v 0.054957 0.090519 0.280061
v 0.058824 0.164520 0.287664
v 0.028071 0.148767 0.329188
v 0.024365 0.084084 0.308060
v 0.121008 0.122008 0.219147
v -0.000000 0.040213 0.242861
v 0.000000 0.440244 0.202834
v 0.000000 0.394880 0.228936
v 0.000000 0.330420 0.235459
v -0.218315 0.221362 0.145517
v -0.209549 0.165200 0.143952
v -0.190746 0.122335 0.148740
v -0.171300 0.091918 0.136450
v -0.044497 0.037059 0.196466
v -0.084356 0.050147 0.184282
v -0.127319 0.067911 0.163943
v -0.156528 0.080424 0.139346
v -0.015321 0.473651 0.176530
v -0.220656 0.403414 0.144626
v -0.221739 0.358458 0.152508
v -0.222637 0.298539 0.153045
v -0.208817 0.274574 0.165174
v -0.165432 0.280896 0.184274
v -0.106903 0.266699 0.206458
v 0.069489 0.339616 0.206734
v 0.176572 0.351372 0.169014
v 0.180457 0.381367 0.170043
v 0.071999 0.113575 0.262960
v 0.100535 0.156361 0.236606
v -0.200387 0.377325 0.169902
v -0.177258 0.422223 0.175303
v -0.148012 0.415670 0.185363
v -0.142553 0.442324 0.189176
v -0.112298 0.416596 0.202084
v -0.082145 0.392402 0.207982
v -0.083700 0.422580 0.208791
v -0.046961 0.325002 0.216495
v -0.058540 0.393862 0.216812
v -0.200748 0.435857 0.159676
v -0.172123 0.487826 0.168531
v -0.116010 0.482338 0.191266
v -0.063886 0.445807 0.199115
v -0.042794 0.420157 0.216787
v -0.040047 0.364221 0.220362
v -0.035005 0.295787 0.224342
v -0.055146 0.280680 0.216230
v -0.199858 0.327907 0.169863
v -0.169032 0.118948 0.185272
v -0.186954 0.164755 0.175729
v -0.142997 0.096768 0.198016
v -0.161053 0.138584 0.196649
v -0.170049 0.195555 0.188233
v -0.171969 0.104751 0.168476
v -0.192212 0.141838 0.166269
v -0.205660 0.192315 0.161431
v -0.190817 0.237429 0.175486
v -0.141555 0.236151 0.207482
v -0.079932 0.231419 0.244046
v -0.066121 0.057191 0.221211
v -0.114095 0.073307 0.198107
v -0.150701 0.087670 0.174012
v -0.152032 0.322256 0.181221
v -0.182469 0.352642 0.170486
v -0.014699 0.029445 0.201352
v -0.055981 0.252798 0.237187
v 0.013497 0.140313 0.337372
v -0.014856 0.366816 0.230255
v -0.030849 0.045644 0.238155
v -0.027700 0.198478 0.331620
v -0.030721 0.252953 0.260450
v -0.023499 0.323923 0.228173
v -0.028393 0.390265 0.224645
v -0.029612 0.439751 0.202277
v -0.011274 0.305211 0.233331
v -0.045598 0.210371 0.293451
v 0.000000 0.290274 0.234045
v -0.029428 0.173532 0.330444
v -0.038998 0.236615 0.276746
v -0.013451 0.199517 0.374233
v -0.012883 0.234711 0.337554
v -0.000000 0.179309 0.368845
v -0.017339 0.182231 0.356931
v -0.020656 0.222520 0.333099
v -0.000000 0.265067 0.264820
v -0.022658 0.258576 0.266944
v -0.135095 0.116281 0.211397
v -0.146990 0.165089 0.207383
v -0.091663 0.079062 0.226750
v -0.106656 0.202602 0.236933
v -0.055686 0.189153 0.289108
v -0.047008 0.065691 0.262463
v -0.015219 0.057325 0.278554
v -0.126990 0.144407 0.220114
v -0.108270 0.102563 0.224609
v -0.120634 0.183187 0.227845
v -0.061558 0.080204 0.265128
v -0.068450 0.179083 0.275304
v -0.032824 0.157630 0.324107
v -0.027671 0.071482 0.294017
v 0.000000 0.067229 0.301226
v -0.109759 0.129593 0.226217
v -0.113843 0.163402 0.229023
v -0.077576 0.098149 0.254795
v -0.082997 0.172582 0.259229
v -0.041354 0.153661 0.313162
v -0.037665 0.086823 0.298097
v -0.012081 0.081941 0.313492
v -0.014444 0.148757 0.340663
v -0.103603 0.146631 0.233549
v -0.090294 0.125141 0.240615
v -0.090144 0.160687 0.246465
v -0.051838 0.107270 0.288844
v -0.052792 0.148492 0.294781
v -0.026211 0.139441 0.327910
v -0.023298 0.103755 0.318617
v -0.000000 0.143519 0.342014
v -0.178664 0.324596 0.173804
v -0.133726 0.301457 0.190595
v -0.082382 0.293666 0.206380
v -0.178132 0.401648 0.175386
v -0.112608 0.399961 0.197231
v -0.065933 0.362392 0.211404
v -0.054490 0.311004 0.214644
v -0.068789 0.321703 0.206493
v -0.117435 0.389850 0.192669
v -0.182539 0.367522 0.167389
v -0.076446 0.360052 0.204707
v -0.167216 0.389158 0.175062
v -0.165969 0.335806 0.172476
v -0.088884 0.328980 0.197188
v -0.101474 0.371388 0.194572
v -0.164304 0.377273 0.173865
v -0.141877 0.338510 0.179417
v -0.167004 0.353314 0.172821
v -0.083165 0.347130 0.199410
v -0.139200 0.382537 0.182651
v -0.111785 0.328514 0.189462
v 0.084714 0.336275 0.200885
v 0.119150 0.381047 0.189339
v 0.171884 0.368807 0.170201
v 0.127932 0.332279 0.184025
v 0.099940 0.327983 0.195279
v 0.084715 0.360978 0.199727
v 0.152069 0.382627 0.176183
v 0.158087 0.343174 0.173885
v 0.218315 0.221362 0.145517
v 0.209549 0.165200 0.143952
v 0.190746 0.122335 0.148740
v 0.171300 0.091918 0.136450
v 0.044497 0.037059 0.196466
v 0.084356 0.050147 0.184282
v 0.127319 0.067911 0.163943
v 0.156528 0.080424 0.139346
v 0.015321 0.473651 0.176530
v 0.220656 0.403414 0.144626
v 0.221739 0.358458 0.152508
v 0.222637 0.298539 0.153045
v 0.208817 0.274574 0.165174
v 0.165432 0.280896 0.184274
v 0.106903 0.266699 0.206458
v 0.200387 0.377325 0.169902
v 0.177258 0.422223 0.175303
v 0.148012 0.415670 0.185363
v 0.142553 0.442324 0.189176
v 0.112298 0.416596 0.202084
v 0.082145 0.392402 0.207982
v 0.083700 0.422580 0.208791
v 0.046961 0.325002 0.216495
v 0.058540 0.393862 0.216812
v 0.200748 0.435857 0.159676
v 0.172123 0.487826 0.168531
v 0.116010 0.482338 0.191266
v 0.063886 0.445807 0.199115
v 0.042794 0.420157 0.216787
v 0.040047 0.364221 0.220362
v 0.035005 0.295787 0.224342
v 0.055146 0.280680 0.216230
v 0.199858 0.327907 0.169863
v 0.169032 0.118948 0.185272
v 0.186954 0.164755 0.175729
v 0.142997 0.096768 0.198016
v 0.161053 0.138584 0.196649
v 0.170049 0.195555 0.188233
v 0.023633 0.243971 0.292118
v 0.171969 0.104751 0.168476
v 0.192212 0.141838 0.166269
v 0.205660 0.192315 0.161431
v 0.190817 0.237429 0.175486
v 0.141555 0.236151 0.207482
v 0.079932 0.231419 0.244046
v 0.066121 0.057191 0.221211
v 0.190268 0.345516 0.170668
v 0.114095 0.073307 0.198107
v 0.150701 0.087670 0.174012
v 0.152032 0.322256 0.181221
v 0.063953 0.298022 0.211445
v 0.182469 0.352642 0.170486
v 0.014699 0.029445 0.201352
v 0.055981 0.252798 0.237187
v 0.014856 0.366816 0.230255
v 0.030849 0.045644 0.238155
v 0.027700 0.198478 0.331620
v 0.030721 0.252953 0.260450
v 0.023499 0.323923 0.228173
v 0.028393 0.390265 0.224645
v 0.029612 0.439751 0.202277
v 0.056009 0.334942 0.214439
v 0.011274 0.305211 0.233331
v 0.045598 0.210371 0.293451
v 0.029428 0.173532 0.330444
v 0.038998 0.236615 0.276746
v 0.013451 0.199517 0.374233
v 0.012883 0.234711 0.337554
v 0.017339 0.182231 0.356931
v 0.020656 0.222520 0.333099
v 0.022658 0.258576 0.266944
v 0.135095 0.116281 0.211397
v 0.146990 0.165089 0.207383
v 0.091663 0.079062 0.226750
v 0.106656 0.202602 0.236933
v 0.093289 0.378938 0.200136
v 0.055686 0.189153 0.289108
v 0.047008 0.065691 0.262463
v 0.013719 0.068433 0.299581
v 0.015219 0.057325 0.278554
v 0.126990 0.144407 0.220114
v 0.083039 0.385699 0.206297
v 0.108270 0.102563 0.224609
v 0.120634 0.183187 0.227845
v 0.061558 0.080204 0.265128
v 0.068450 0.179083 0.275304
v 0.032824 0.157630 0.324107
v 0.027671 0.071482 0.294017
v 0.020360 0.198746 0.353086
v 0.109759 0.129593 0.226217
v 0.113843 0.163402 0.229023
v 0.077576 0.098149 0.254795
v 0.082997 0.172582 0.259229
v 0.041354 0.153661 0.313162
v 0.037665 0.086823 0.298097
v 0.012081 0.081941 0.313492
v 0.014444 0.148757 0.340663
v 0.103603 0.146631 0.233549
v 0.076295 0.313560 0.203632
v 0.042664 0.075493 0.283504
v -0.145229 0.424864 0.188831
v -0.082143 0.405144 0.211347
v -0.203986 0.412416 0.162737
v -0.201657 0.462915 0.151450
v -0.141560 0.501939 0.183596
v -0.088914 0.454238 0.194951
v -0.014928 0.439700 0.202674
v -0.015006 0.392313 0.227606
v -0.012394 0.327614 0.233520
v -0.152403 0.115982 0.200453
v -0.167807 0.164634 0.190084
v -0.163190 0.091572 0.157641
v -0.182054 0.121578 0.169985
v -0.200888 0.165199 0.162226
v -0.207037 0.229432 0.162045
v -0.169405 0.238768 0.189216
v -0.108687 0.233398 0.224433
v -0.015380 0.041788 0.241814
v -0.089689 0.064802 0.208408
v -0.134507 0.081213 0.186980
v -0.047004 0.050760 0.231547
v -0.060322 0.224894 0.264555
v -0.044225 0.273820 0.225725
v -0.035055 0.322498 0.221304
v -0.041894 0.390219 0.221044
v -0.044883 0.441344 0.201409
v 0.048327 0.167984 0.302308
v -0.035396 0.201007 0.314123
v -0.020360 0.198746 0.353086
v -0.023633 0.243971 0.292118
v -0.121008 0.122008 0.219147
v -0.129087 0.166418 0.221120
v -0.085762 0.088389 0.241870
v -0.096167 0.185573 0.247615
v -0.048327 0.167984 0.302308
v -0.042664 0.075493 0.283504
v -0.013719 0.068433 0.299581
v -0.100535 0.156361 0.236606
v -0.071999 0.113575 0.262960
v -0.072108 0.157303 0.267881
v -0.038194 0.141859 0.315235
v -0.035932 0.105167 0.307520
v -0.013497 0.140313 0.337372
v -0.158946 0.311368 0.180654
v -0.106626 0.295501 0.199418
v -0.192217 0.387006 0.171000
v -0.147746 0.409505 0.184811
v -0.083039 0.385699 0.206297
v -0.056009 0.334942 0.214439
v -0.063953 0.298022 0.211445
v -0.190268 0.345516 0.170668
v -0.076295 0.313560 0.203632
v -0.093289 0.378938 0.200136
v -0.180457 0.381367 0.170043
v -0.176572 0.351372 0.169014
v -0.069489 0.339616 0.206734
v -0.142275 0.390354 0.182729
v -0.121822 0.359743 0.186641
v 0.090294 0.125141 0.240615
v 0.090144 0.160687 0.246465
v 0.051838 0.107270 0.288844
v 0.052792 0.148492 0.294781
v 0.026211 0.139441 0.327910
v 0.023298 0.103755 0.318617
v 0.178664 0.324596 0.173804
v 0.133726 0.301457 0.190595
v 0.035396 0.201007 0.314123
v 0.082382 0.293666 0.206380
v 0.178132 0.401648 0.175386
v 0.112608 0.399961 0.197231
v 0.065933 0.362392 0.211404
v 0.054490 0.311004 0.214644
v 0.068789 0.321703 0.206493
v 0.117435 0.389850 0.192669
v 0.182539 0.367522 0.167389
v 0.076446 0.360052 0.204707
v 0.167216 0.389158 0.175062
v 0.165969 0.335806 0.172476
v 0.088884 0.328980 0.197188
v 0.101474 0.371388 0.194572
v 0.164304 0.377273 0.173865
v 0.141877 0.338510 0.179417
v 0.167004 0.353314 0.172821
v 0.083165 0.347130 0.199410
v 0.139200 0.382537 0.182651
v 0.111785 0.328514 0.189462
v 0.147746 0.409505 0.184811
v 0.145229 0.424864 0.188831
v 0.082143 0.405144 0.211347
v 0.203986 0.412416 0.162737
v 0.201657 0.462915 0.151450
v 0.141560 0.501939 0.183596
v 0.088914 0.454238 0.194951
v 0.014928 0.439700 0.202674
v 0.192217 0.387006 0.171000
v 0.106626 0.295501 0.199418
v 0.015006 0.392313 0.227606
v 0.012394 0.327614 0.233520
v 0.152403 0.115982 0.200453
v 0.167807 0.164634 0.190084
v 0.163190 0.091572 0.157641
v 0.182054 0.121578 0.169985
v 0.200888 0.165199 0.162226
v 0.207037 0.229432 0.162045
v 0.169405 0.238768 0.189216
v 0.108687 0.233398 0.224433
v 0.015380 0.041788 0.241814
v 0.089689 0.064802 0.208408
v 0.134507 0.081213 0.186980
v 0.047004 0.050760 0.231547
v 0.060322 0.224894 0.264555
v 0.044225 0.273820 0.225725
v 0.035055 0.322498 0.221304
v 0.041894 0.390219 0.221044
v 0.044883 0.441344 0.201409
v 0.096167 0.185573 0.247615
v 0.097081 0.135504 0.220857
v 0.013900 0.140019 0.304953
v 0.036094 0.109838 0.284420
v 0.064319 0.156412 0.254105
v -0.000000 0.500226 0.137285
v 0.000000 0.030697 0.161627
v -0.207565 0.446409 0.103872
v -0.220629 0.248411 0.122951
v -0.215558 0.417105 0.110837
v -0.219053 0.369861 0.119180
v -0.220703 0.313931 0.122891
v -0.134229 0.068569 0.119858
v -0.098396 0.053487 0.139389
v -0.056406 0.040237 0.153867
v -0.070061 0.539932 0.136818
v -0.119900 0.594297 0.124178
v -0.213949 0.190984 0.119406
v -0.198541 0.143829 0.120043
v -0.179101 0.107031 0.112260
v -0.032905 0.502076 0.137282
v -0.026096 0.033531 0.159841
v -0.023482 0.108861 0.296594
v -0.000000 0.107181 0.306480
v -0.086605 0.125835 0.226176
v -0.051546 0.111856 0.265834
v -0.025050 0.139511 0.297777
v -0.047894 0.149114 0.274197
v -0.081115 0.160791 0.236415
v -0.100147 0.147846 0.222423
v 0.207565 0.446409 0.103872
v 0.220629 0.248411 0.122951
v 0.215558 0.417105 0.110837
v 0.219053 0.369861 0.119180
v 0.220703 0.313931 0.122891
v 0.134229 0.068569 0.119858
v 0.098396 0.053487 0.139389
v 0.056406 0.040237 0.153867
v 0.070061 0.539932 0.136818
v 0.119900 0.594297 0.124178
v 0.035253 0.142284 0.288689
v 0.070036 0.117183 0.242771
v 0.011750 0.107825 0.303845
v 0.213949 0.190984 0.119406
v 0.198541 0.143828 0.120043
v 0.179101 0.107031 0.112260
v 0.032905 0.502076 0.137282
v 0.026096 0.033531 0.159841
v -0.210991 0.424780 0.106336
v -0.217805 0.395067 0.115411
v -0.219089 0.341395 0.121504
v -0.221607 0.281938 0.123901
v -0.147934 0.074821 0.110771
v -0.117695 0.061272 0.129835
v -0.076888 0.046190 0.147632
v -0.039952 0.036227 0.157686
v 0.093835 0.157729 0.227374
v -0.015789 0.500338 0.137246
v -0.094207 0.557923 0.134156
v -0.140397 0.616974 0.114322
v -0.218387 0.501096 0.109893
v -0.218287 0.218126 0.121022
v -0.207126 0.166136 0.119687
v -0.188980 0.124111 0.117184
v -0.169358 0.092842 0.107311
v -0.050637 0.516315 0.137572
v -0.012863 0.031523 0.161153
v -0.011750 0.107825 0.303845
v -0.070036 0.117183 0.242771
v -0.035253 0.142284 0.288689
v -0.064319 0.156412 0.254105
v -0.036094 0.109838 0.284420
v -0.013900 0.140019 0.304953
v -0.097081 0.135504 0.220857
v -0.093835 0.157729 0.227374
v 0.023482 0.108861 0.296594
v 0.086605 0.125835 0.226176
v 0.051546 0.111856 0.265834
v 0.025050 0.139511 0.297777
v 0.047894 0.149114 0.274197
v 0.081115 0.160791 0.236415
v 0.100147 0.147846 0.222423
v 0.210991 0.424780 0.106336
v 0.217805 0.395067 0.115411
v 0.219089 0.341395 0.121504
v 0.221607 0.281938 0.123901
v 0.147934 0.074821 0.110771
v 0.117695 0.061272 0.129835
v 0.076888 0.046190 0.147632
v 0.039952 0.036227 0.157686
v 0.015789 0.500338 0.137246
v 0.094207 0.557923 0.134156
v 0.140397 0.616974 0.114322
v 0.218387 0.501096 0.109893
v 0.218287 0.218126 0.121022
v 0.207126 0.166136 0.119687
v 0.188980 0.124111 0.117184
v 0.169358 0.092842 0.107311
v 0.050637 0.516315 0.137572
v 0.012863 0.031523 0.161153
v 0.000000 0.421785 0.221126
v 0.000000 0.426569 0.218123
v -0.000000 0.275903 0.243015
v -0.000000 0.279304 0.239600
v -0.218969 0.458935 0.122994
v -0.218187 0.466105 0.126194
v -0.163080 0.600669 0.141890
v -0.163184 0.604703 0.137609
v -0.116328 0.587875 0.162525
v -0.115866 0.592605 0.158126
v -0.065057 0.520924 0.175046
v -0.064787 0.526593 0.170609
v -0.131449 0.308391 0.190113
v -0.130082 0.313322 0.188564
v -0.132789 0.312185 0.189001
v -0.083206 0.302834 0.206595
v -0.085697 0.307959 0.203881
v 0.107138 0.311837 0.195887
v 0.108639 0.316449 0.192688
v -0.191308 0.372403 0.167049
v -0.189356 0.369422 0.164600
v -0.114872 0.393683 0.198677
v -0.113342 0.397349 0.199181
v -0.061426 0.314399 0.212996
v -0.054987 0.311076 0.214729
v -0.074035 0.359907 0.208920
v -0.069460 0.361044 0.211561
v -0.028517 0.418227 0.219187
v -0.028583 0.423372 0.216670
v -0.031177 0.420931 0.218254
v -0.002793 0.161942 0.351162
v 0.002793 0.161942 0.351162
v 0.002837 0.187911 0.378464
v -0.002837 0.187911 0.378464
v -0.000000 0.186679 0.377963
v 0.002513 0.213070 0.392326
v 0.002803 0.218263 0.389746
v -0.002803 0.218263 0.389746
v -0.002513 0.213070 0.392326
v 0.002930 0.151351 0.345220
v -0.002930 0.151351 0.345220
v -0.000000 0.149630 0.345109
v -0.086749 0.131115 0.240288
v -0.084224 0.133364 0.236404
v -0.094114 0.143425 0.232095
v -0.093399 0.147280 0.234119
v -0.100546 0.146184 0.234613
v -0.081246 0.151721 0.246200
v -0.083790 0.153619 0.249660
v -0.051473 0.117394 0.286628
v -0.050759 0.120481 0.281848
v -0.050627 0.139511 0.288106
v -0.051231 0.141252 0.293165
v -0.025980 0.131999 0.317309
v -0.026159 0.134117 0.323239
v -0.023552 0.115527 0.317090
v -0.023257 0.118390 0.312614
v 0.000000 0.114290 0.326783
v 0.000000 0.117045 0.322583
v -0.000000 0.136554 0.331912
v -0.000000 0.138774 0.337768
v 0.218187 0.466105 0.126194
v 0.218969 0.458935 0.122994
v 0.163184 0.604703 0.137609
v 0.163080 0.600669 0.141890
v 0.115866 0.592605 0.158126
v 0.116328 0.587875 0.162525
v 0.094236 0.137631 0.222108
v 0.090308 0.138201 0.227685
v 0.092805 0.142463 0.227583
v 0.013133 0.133150 0.312391
v 0.013381 0.136057 0.307045
v 0.035600 0.113552 0.284768
v 0.035426 0.117477 0.288905
v 0.064787 0.526593 0.170609
v 0.065057 0.520924 0.175046
v 0.130082 0.313322 0.188564
v 0.131449 0.308391 0.190113
v 0.132789 0.312185 0.189001
v 0.085697 0.307959 0.203881
v 0.083206 0.302834 0.206595
v 0.189356 0.369422 0.164600
v 0.191308 0.372403 0.167049
v 0.114872 0.393683 0.198677
v 0.113342 0.397349 0.199181
v 0.054987 0.311076 0.214729
v 0.061426 0.314399 0.212996
v 0.069460 0.361044 0.211561
v 0.074035 0.359907 0.208920
v 0.028583 0.423372 0.216670
v 0.028517 0.418227 0.219187
v 0.031177 0.420931 0.218254
v 0.084224 0.133364 0.236404
v 0.086749 0.131115 0.240288
v 0.065185 0.152549 0.253491
v 0.066071 0.148605 0.257365
v 0.004029 0.197478 0.387378
v 0.008592 0.199658 0.384207
v 0.004604 0.202932 0.389551
v 0.000000 0.503132 0.140216
v 0.000000 0.502950 0.145146
v 0.000000 0.023788 0.166120
v 0.000000 0.026739 0.162245
v -0.159491 0.077657 0.107490
v -0.164029 0.077623 0.110532
v -0.163835 0.081284 0.106723
v -0.215392 0.448188 0.107424
v -0.211312 0.446409 0.104153
v -0.205247 0.526624 0.130328
v -0.204036 0.522619 0.134328
v -0.141642 0.608229 0.153582
v -0.138813 0.611351 0.150072
v -0.144330 0.612231 0.148185
v -0.089438 0.557594 0.171338
v -0.089087 0.561887 0.167117
v -0.215467 0.439324 0.134098
v -0.217076 0.435835 0.129436
v -0.217184 0.434697 0.133448
v -0.224652 0.248897 0.124501
v -0.226923 0.250400 0.128925
v -0.219447 0.417754 0.111364
v -0.222306 0.418995 0.115251
v -0.223336 0.370781 0.120308
v -0.226071 0.372597 0.124429
v -0.225203 0.315695 0.124380
v -0.227735 0.318445 0.128634
v 0.147985 0.328125 0.178540
v 0.150568 0.324265 0.179695
v 0.151576 0.327253 0.177529
v -0.136389 0.065408 0.120918
v -0.138894 0.064030 0.124870
v -0.100204 0.050087 0.140405
v -0.102333 0.048295 0.144411
v -0.057748 0.036597 0.154782
v -0.059260 0.034325 0.158821
v 0.101351 0.138468 0.232732
v 0.098909 0.134079 0.233804
v 0.102720 0.134381 0.231015
v 0.011583 0.105640 0.324947
v 0.011572 0.100073 0.323687
v 0.014073 0.102916 0.323715
v -0.064783 0.542970 0.142054
v -0.067163 0.542445 0.137988
v -0.117253 0.597222 0.124992
v -0.115285 0.599024 0.128945
v -0.162021 0.603617 0.101502
v -0.166146 0.599670 0.100666
v -0.166794 0.604275 0.104434
v -0.210191 0.348282 0.166923
v -0.214992 0.343213 0.163880
v -0.210892 0.391269 0.162851
v -0.206157 0.395024 0.166234
v -0.208352 0.395349 0.164780
v -0.091031 0.138763 0.231729
v -0.093763 0.142484 0.231595
v -0.098682 0.140022 0.233992
v -0.094766 0.136894 0.234842
v -0.092713 0.148667 0.235085
v -0.088760 0.150672 0.238068
v -0.094850 0.152271 0.238860
v -0.069962 0.122643 0.261480
v -0.068486 0.125487 0.257028
v -0.066319 0.147034 0.265562
v -0.067795 0.148986 0.269677
v -0.037933 0.135814 0.311116
v -0.037724 0.133887 0.305387
v -0.035854 0.119048 0.300550
v -0.036219 0.116072 0.305283
v -0.217715 0.190244 0.120548
v -0.220088 0.189803 0.124720
v -0.202138 0.142258 0.120874
v -0.204598 0.141099 0.124850
v -0.182250 0.104706 0.113031
v -0.184401 0.102907 0.116957
v -0.106444 0.306381 0.199310
v -0.106882 0.311058 0.196883
v -0.186816 0.386403 0.170706
v -0.182288 0.383849 0.170331
v -0.182140 0.388032 0.171225
v -0.145910 0.397401 0.185273
v -0.147070 0.402179 0.185672
v -0.149306 0.399001 0.184837
v -0.091352 0.380536 0.201287
v -0.087079 0.383538 0.203846
v -0.058936 0.336358 0.214371
v -0.065317 0.338576 0.211739
v -0.069384 0.306025 0.211017
v -0.073081 0.310519 0.207946
v -0.045861 0.495108 0.172560
v -0.046170 0.489469 0.177251
v -0.044225 0.491035 0.175511
v -0.014616 0.424886 0.217708
v -0.014638 0.419977 0.220519
v -0.013535 0.273940 0.243439
v -0.012781 0.277232 0.239780
v -0.018577 0.272380 0.241182
v -0.009860 0.169257 0.355520
v -0.014952 0.169791 0.351852
v -0.011477 0.117562 0.319984
v -0.011679 0.114778 0.324265
v -0.031420 0.504775 0.139740
v -0.030281 0.504819 0.144762
v -0.027012 0.029713 0.160560
v -0.027966 0.027011 0.164505
v -0.013405 0.135392 0.332721
v -0.013222 0.133230 0.326771
v -0.037767 0.265025 0.235639
v -0.034867 0.271060 0.232350
v -0.038173 0.269580 0.231005
v -0.022481 0.282455 0.231381
v -0.022651 0.275935 0.234333
v -0.002781 0.165845 0.354271
v 0.002781 0.165845 0.354271
v 0.000000 0.168412 0.357605
v -0.006840 0.248278 0.312557
v -0.013182 0.248104 0.305814
v -0.004531 0.187716 0.377552
v -0.009732 0.187768 0.373288
v 0.002823 0.197632 0.388000
v 0.002615 0.203026 0.391063
v -0.002615 0.203026 0.391063
v -0.002823 0.197632 0.388000
v -0.002652 0.232211 0.371345
v 0.002652 0.232211 0.371345
v 0.000000 0.233050 0.371137
v -0.004631 0.212887 0.390757
v -0.007043 0.217293 0.385597
v -0.020178 0.160476 0.340282
v -0.015418 0.159740 0.344223
v 0.002863 0.157401 0.348367
v -0.002863 0.157401 0.348367
v -0.000000 0.099562 0.325815
v -0.000000 0.105042 0.327187
v -0.023090 0.112576 0.297065
v -0.022965 0.116523 0.301219
v -0.000000 0.110923 0.307215
v -0.000000 0.114857 0.311522
v -0.084614 0.128946 0.226710
v -0.083260 0.132405 0.230732
v -0.050117 0.119277 0.270509
v -0.050640 0.115478 0.266260
v -0.025426 0.135529 0.298941
v -0.025917 0.132327 0.303764
v -0.050527 0.141582 0.277156
v -0.049225 0.145384 0.273426
v -0.080681 0.152875 0.240290
v -0.080735 0.156855 0.236250
v 0.002276 0.138576 0.310493
v 0.000000 0.136483 0.316978
v -0.002276 0.138576 0.310493
v -0.092664 0.148193 0.229921
v -0.093276 0.143913 0.228115
v -0.096485 0.147191 0.224149
v -0.194306 0.365496 0.168730
v -0.194211 0.371295 0.168810
v -0.196442 0.365929 0.168454
v -0.129557 0.316187 0.186857
v -0.128944 0.321011 0.185252
v -0.091359 0.314404 0.198865
v -0.086793 0.309274 0.202414
v -0.086748 0.311917 0.200411
v 0.093399 0.147280 0.234119
v 0.094114 0.143425 0.232095
v 0.100546 0.146184 0.234613
v 0.083790 0.153619 0.249660
v 0.081246 0.151721 0.246200
v 0.050759 0.120481 0.281848
v 0.051473 0.117394 0.286628
v 0.051231 0.141252 0.293165
v 0.050627 0.139511 0.288106
v 0.026159 0.134117 0.323239
v 0.025980 0.131999 0.317309
v 0.023257 0.118390 0.312614
v 0.023552 0.115527 0.317090
v 0.159491 0.077657 0.107490
v 0.163835 0.081284 0.106723
v 0.164029 0.077623 0.110532
v 0.211312 0.446409 0.104153
v 0.215392 0.448188 0.107424
v 0.204036 0.522619 0.134328
v 0.205247 0.526624 0.130328
v 0.141642 0.608229 0.153582
v 0.144330 0.612231 0.148185
v 0.138813 0.611351 0.150072
v 0.089438 0.557594 0.171338
v 0.089087 0.561887 0.167117
v 0.217076 0.435835 0.129436
v 0.215467 0.439324 0.134098
v 0.217184 0.434697 0.133448
v 0.226923 0.250400 0.128925
v 0.224652 0.248897 0.124501
v 0.222306 0.418995 0.115251
v 0.219447 0.417754 0.111364
v 0.226071 0.372597 0.124429
v 0.223336 0.370781 0.120308
v 0.227735 0.318445 0.128634
v 0.225203 0.315695 0.124380
v 0.138894 0.064030 0.124870
v 0.136389 0.065408 0.120918
v 0.102333 0.048295 0.144411
v 0.100204 0.050087 0.140405
v 0.059260 0.034325 0.158821
v 0.057748 0.036597 0.154782
v 0.067163 0.542445 0.137988
v 0.064783 0.542970 0.142054
v 0.115285 0.599024 0.128945
v 0.117253 0.597222 0.124992
v 0.036475 0.138470 0.288769
v 0.037706 0.135056 0.292942
v 0.162021 0.603617 0.101502
v 0.166794 0.604275 0.104434
v 0.166146 0.599670 0.100666
v 0.019271 0.261729 0.265978
v 0.014019 0.264108 0.265258
v 0.214992 0.343213 0.163880
v 0.210191 0.348282 0.166923
v 0.206157 0.395024 0.166234
v 0.210892 0.391269 0.162851
v 0.208352 0.395349 0.164780
v 0.068568 0.120599 0.243187
v 0.067577 0.124275 0.247301
v 0.011300 0.115480 0.308858
v 0.011433 0.111552 0.304561
v 0.091031 0.138763 0.231729
v 0.094766 0.136894 0.234842
v 0.098682 0.140022 0.233992
v 0.093763 0.142484 0.231595
v 0.094850 0.152271 0.238860
v 0.088760 0.150672 0.238068
v 0.092713 0.148667 0.235085
v 0.068486 0.125487 0.257028
v 0.069962 0.122643 0.261480
v 0.067795 0.148986 0.269677
v 0.066319 0.147034 0.265562
v 0.037933 0.135814 0.311116
v 0.037724 0.133887 0.305387
v 0.035854 0.119048 0.300550
v 0.036219 0.116072 0.305283
v 0.220088 0.189803 0.124720
v 0.217715 0.190244 0.120548
v 0.204598 0.141099 0.124850
v 0.202138 0.142258 0.120874
v 0.184401 0.102907 0.116957
v 0.182250 0.104706 0.113031
v 0.106882 0.311058 0.196883
v 0.106444 0.306381 0.199310
v 0.182288 0.383849 0.170331
v 0.186816 0.386403 0.170706
v 0.182140 0.388032 0.171225
v 0.147070 0.402179 0.185672
v 0.145910 0.397401 0.185273
v 0.149306 0.399001 0.184837
v 0.087079 0.383538 0.203846
v 0.091352 0.380536 0.201287
v 0.065317 0.338576 0.211739
v 0.058936 0.336358 0.214371
v 0.069384 0.306025 0.211017
v 0.073081 0.310519 0.207946
v 0.046170 0.489469 0.177251
v 0.045861 0.495108 0.172560
v 0.044225 0.491035 0.175511
v 0.014638 0.419977 0.220519
v 0.014616 0.424886 0.217708
v 0.013535 0.273940 0.243439
v 0.018577 0.272380 0.241182
v 0.012781 0.277232 0.239780
v 0.014952 0.169791 0.351852
v 0.009860 0.169257 0.355520
v 0.011679 0.114778 0.324265
v 0.011477 0.117562 0.319984
v 0.030281 0.504819 0.144762
v 0.031420 0.504775 0.139740
v 0.027966 0.027011 0.164505
v 0.027012 0.029713 0.160560
v 0.013222 0.133230 0.326771
v 0.013405 0.135392 0.332721
v 0.034867 0.271060 0.232350
v 0.037767 0.265025 0.235639
v 0.038173 0.269580 0.231005
v 0.022651 0.275935 0.234333
v 0.022481 0.282455 0.231381
v 0.013182 0.248104 0.305814
v 0.006840 0.248278 0.312557
v 0.009732 0.187768 0.373288
v 0.004531 0.187716 0.377552
v 0.004631 0.212887 0.390757
v 0.007043 0.217293 0.385597
v 0.006719 0.177916 0.365466
v 0.011825 0.178540 0.362109
v 0.018830 0.155147 0.339570
v 0.013758 0.155247 0.343174
v 0.015848 0.152229 0.341252
v 0.015418 0.159740 0.344223
v 0.020178 0.160476 0.340282
v 0.009315 0.233199 0.354100
v 0.003322 0.232187 0.370696
v 0.006518 0.230123 0.370005
v -0.218093 0.426937 0.109628
v -0.214812 0.425168 0.106432
v -0.224596 0.396986 0.120328
v -0.221793 0.395656 0.116272
v -0.226230 0.345261 0.127012
v -0.223570 0.342846 0.122832
v -0.228317 0.285713 0.129847
v -0.225925 0.283285 0.125478
v -0.152725 0.070428 0.115778
v -0.150219 0.071743 0.111809
v -0.122128 0.056474 0.134832
v -0.119737 0.058018 0.130868
v -0.080241 0.040608 0.152655
v -0.078438 0.042653 0.148614
v -0.042327 0.029999 0.162512
v -0.041091 0.032494 0.158508
v 0.091626 0.154609 0.227994
v 0.091485 0.149224 0.230673
v 0.087972 0.151596 0.234459
v -0.015300 0.503151 0.145083
v -0.015510 0.503273 0.140129
v -0.088884 0.562655 0.138642
v -0.091265 0.560516 0.134799
v -0.144127 0.621535 0.117902
v -0.139102 0.620888 0.120404
v -0.140922 0.620039 0.115169
v -0.223002 0.500188 0.114194
v -0.220305 0.508915 0.115364
v -0.222051 0.501569 0.111390
v -0.209016 0.316916 0.167116
v -0.213848 0.311050 0.163884
v -0.211680 0.310893 0.166134
v -0.208875 0.371387 0.167249
v -0.213505 0.367568 0.163928
v -0.224192 0.217840 0.126720
v -0.222029 0.217703 0.122401
v -0.213349 0.164210 0.124677
v -0.210849 0.164995 0.120629
v -0.194716 0.120590 0.121876
v -0.192374 0.122134 0.117950
v -0.174212 0.088354 0.112137
v -0.172222 0.090201 0.108144
v -0.045760 0.518420 0.143865
v -0.047930 0.518558 0.139365
v -0.014010 0.024744 0.165690
v -0.013435 0.027616 0.161796
v -0.016292 0.281857 0.235330
v -0.010878 0.292108 0.233852
v -0.013288 0.163658 0.348441
v -0.018160 0.164458 0.344654
v -0.031959 0.265335 0.237853
v -0.034055 0.257666 0.244818
v -0.003322 0.232187 0.370696
v -0.009315 0.233199 0.354100
v -0.006518 0.230123 0.370005
v -0.006719 0.177916 0.365466
v -0.011825 0.178540 0.362109
v -0.019271 0.261729 0.265978
v -0.014019 0.264108 0.265258
v -0.004029 0.197478 0.387378
v -0.004604 0.202932 0.389551
v -0.008592 0.199658 0.384207
v -0.013758 0.155247 0.343174
v -0.018830 0.155147 0.339570
v -0.015848 0.152229 0.341252
v -0.098909 0.134079 0.233804
v -0.101351 0.138468 0.232732
v -0.102720 0.134381 0.231015
v -0.011572 0.100073 0.323687
v -0.011583 0.105640 0.324947
v -0.014073 0.102916 0.323715
v -0.011433 0.111552 0.304561
v -0.011300 0.115480 0.308858
v -0.068568 0.120599 0.243187
v -0.067577 0.124275 0.247301
v -0.036475 0.138470 0.288769
v -0.037706 0.135056 0.292942
v -0.065185 0.152549 0.253491
v -0.066071 0.148605 0.257365
v -0.035600 0.113552 0.284768
v -0.035426 0.117477 0.288905
v -0.013381 0.136057 0.307045
v -0.013133 0.133150 0.312391
v -0.092805 0.142463 0.227583
v -0.090308 0.138201 0.227685
v -0.094236 0.137631 0.222108
v -0.087972 0.151596 0.234459
v -0.091485 0.149224 0.230673
v -0.091626 0.154609 0.227994
v -0.150568 0.324265 0.179695
v -0.147985 0.328125 0.178540
v -0.151576 0.327253 0.177529
v -0.107138 0.311837 0.195887
v -0.108639 0.316449 0.192688
v 0.031959 0.265335 0.237853
v 0.034055 0.257666 0.244818
v 0.023090 0.112576 0.297065
v 0.022965 0.116523 0.301219
v 0.083260 0.132405 0.230732
v 0.084614 0.128946 0.226710
v 0.050117 0.119277 0.270509
v 0.050640 0.115478 0.266260
v 0.025426 0.135529 0.298941
v 0.025917 0.132327 0.303764
v 0.050527 0.141582 0.277156
v 0.049225 0.145384 0.273426
v 0.080735 0.156855 0.236250
v 0.080681 0.152875 0.240290
v 0.093276 0.143913 0.228115
v 0.092664 0.148193 0.229921
v 0.096485 0.147191 0.224149
v 0.194211 0.371295 0.168810
v 0.194306 0.365496 0.168730
v 0.196442 0.365929 0.168454
v 0.128944 0.321011 0.185252
v 0.129557 0.316187 0.186857
v 0.086793 0.309274 0.202414
v 0.091359 0.314404 0.198865
v 0.086748 0.311917 0.200411
v 0.218093 0.426937 0.109628
v 0.214812 0.425168 0.106432
v 0.221793 0.395656 0.116272
v 0.224596 0.396986 0.120328
v 0.223570 0.342846 0.122832
v 0.226230 0.345261 0.127012
v 0.228317 0.285713 0.129847
v 0.225925 0.283285 0.125478
v 0.152725 0.070428 0.115778
v 0.150219 0.071743 0.111809
v 0.119737 0.058018 0.130868
v 0.122128 0.056474 0.134832
v 0.078438 0.042653 0.148614
v 0.080241 0.040608 0.152655
v 0.042327 0.029999 0.162512
v 0.041091 0.032494 0.158508
v 0.015300 0.503151 0.145083
v 0.015510 0.503273 0.140129
v 0.091265 0.560516 0.134799
v 0.088884 0.562655 0.138642
v 0.139102 0.620888 0.120404
v 0.144127 0.621535 0.117902
v 0.140922 0.620039 0.115169
v 0.220305 0.508915 0.115364
v 0.223002 0.500188 0.114194
v 0.222051 0.501569 0.111390
v 0.213848 0.311050 0.163884
v 0.209016 0.316916 0.167116
v 0.211680 0.310893 0.166134
v 0.208875 0.371387 0.167249
v 0.213505 0.367568 0.163928
v 0.224192 0.217840 0.126720
v 0.222029 0.217703 0.122401
v 0.213349 0.164210 0.124677
v 0.210849 0.164995 0.120629
v 0.192374 0.122134 0.117950
v 0.194716 0.120590 0.121876
v 0.172222 0.090201 0.108144
v 0.174212 0.088354 0.112137
v 0.047930 0.518558 0.139365
v 0.045760 0.518420 0.143865
v 0.013435 0.027616 0.161796
v 0.014010 0.024744 0.165690
v 0.016292 0.281857 0.235330
v 0.010878 0.292108 0.233852
v 0.018160 0.164458 0.344654
v 0.013288 0.163658 0.348441
v -0.156992 0.080565 0.106560
v -0.161283 0.084166 0.105846
v -0.163101 0.597261 0.099864
v -0.159485 0.601430 0.100984
v 0.002393 0.142716 0.307920
v -0.002393 0.142716 0.307920
v 0.161283 0.084166 0.105846
v 0.156992 0.080565 0.106560
v 0.159485 0.601430 0.100984
v 0.163101 0.597261 0.099864
v 0.000000 0.030488 0.201444
v 0.000000 0.470760 0.174789
v 0.034173 0.105387 0.305757
v -0.000000 0.173651 0.359067
v 0.000000 0.058108 0.279098
v 0.000000 0.369663 0.229863
v -0.162786 0.084902 0.128132
v -0.218694 0.260041 0.149420
v -0.213199 0.191319 0.142240
v -0.198580 0.143248 0.146135
v -0.178610 0.106854 0.144235
v -0.061383 0.044897 0.190963
v -0.106107 0.060967 0.174041
v -0.142394 0.077528 0.151382
v -0.216310 0.423184 0.138423
v -0.219798 0.382024 0.148177
v -0.220372 0.332824 0.152644
v -0.172423 0.328554 0.170360
v 0.121014 0.359841 0.184277
v 0.036269 0.142540 0.313793
v 0.070149 0.157907 0.266451
v -0.172489 0.396903 0.171803
v -0.171965 0.444969 0.173395
v -0.112174 0.430372 0.197954
v -0.059941 0.419146 0.211478
v -0.157643 0.102787 0.183428
v -0.177043 0.140500 0.179786
v -0.189159 0.194159 0.172247
v -0.096569 0.112818 0.232392
v -0.112965 0.147251 0.224394
v -0.102879 0.174043 0.235476
v -0.065333 0.072880 0.244658
v -0.075536 0.198156 0.259910
v -0.189224 0.292026 0.170801
v -0.136963 0.272006 0.194104
v -0.073856 0.262615 0.215908
v -0.202524 0.355037 0.166008
v -0.185486 0.411946 0.171237
v -0.111509 0.408221 0.196307
v -0.056442 0.380400 0.212033
v -0.044470 0.298222 0.215928
v -0.028675 0.035109 0.198959
v -0.031035 0.475713 0.174309
v -0.028307 0.227994 0.300117
v 0.141435 0.391354 0.180597
v 0.158212 0.310926 0.178305
v -0.026391 0.364161 0.223266
v -0.021953 0.265959 0.240357
v -0.020952 0.176172 0.341610
v -0.029615 0.062980 0.271878
v -0.000000 0.308346 0.232073
v -0.022189 0.295049 0.226834
v -0.035603 0.171794 0.315162
v -0.045663 0.243060 0.252590
v 0.000000 0.246050 0.314734
v -0.014413 0.246353 0.300169
v -0.010947 0.189273 0.368142
v -0.010871 0.216796 0.368613
v -0.119384 0.093434 0.210396
v -0.141219 0.139893 0.208436
v -0.139486 0.195152 0.209853
v -0.053114 0.091228 0.278528
v -0.056810 0.164676 0.286191
v -0.026303 0.149176 0.327467
v -0.023081 0.085299 0.306293
v 0.000000 0.082576 0.313172
v -0.083759 0.336262 0.198575
v -0.118275 0.381464 0.187034
v -0.171159 0.368954 0.167813
v -0.127168 0.332131 0.181650
v -0.099121 0.327807 0.192924
v -0.083646 0.361333 0.197495
v -0.151287 0.383052 0.173846
v -0.157371 0.343191 0.171490
v 0.162786 0.084902 0.128132
v 0.218694 0.260041 0.149420
v 0.213199 0.191319 0.142240
v 0.198580 0.143248 0.146135
v 0.178610 0.106854 0.144235
v 0.061383 0.044897 0.190963
v 0.106107 0.060967 0.174041
v 0.142394 0.077528 0.151382
v 0.216310 0.423184 0.138423
v 0.219798 0.382024 0.148177
v 0.220372 0.332824 0.152644
v 0.172423 0.328554 0.170360
v 0.172489 0.396903 0.171803
v 0.171965 0.444969 0.173395
v 0.112174 0.430372 0.197954
v 0.059941 0.419146 0.211478
v 0.157643 0.102787 0.183428
v 0.177043 0.140500 0.179786
v 0.189159 0.194159 0.172247
v 0.096569 0.112818 0.232392
v 0.112965 0.147251 0.224394
v 0.102879 0.174043 0.235476
v 0.065333 0.072880 0.244658
v 0.075536 0.198156 0.259910
v 0.189224 0.292026 0.170801
v 0.136963 0.272006 0.194104
v 0.073856 0.262615 0.215908
v 0.202524 0.355037 0.166008
v 0.084057 0.089320 0.240298
v 0.185486 0.411946 0.171237
v 0.111509 0.408221 0.196307
v 0.056442 0.380400 0.212033
v 0.044470 0.298222 0.215928
v 0.028675 0.035109 0.198959
v 0.031035 0.475713 0.174309
v 0.028307 0.227994 0.300117
v 0.026391 0.364161 0.223266
v 0.021953 0.265959 0.240357
v 0.020952 0.176172 0.341610
v 0.029615 0.062980 0.271878
v 0.022189 0.295049 0.226834
v 0.035603 0.171794 0.315162
v 0.045663 0.243060 0.252590
v 0.014413 0.246353 0.300169
v 0.010947 0.189273 0.368142
v 0.010871 0.216796 0.368613
v 0.119384 0.093434 0.210396
v 0.141219 0.139893 0.208436
v 0.127706 0.166557 0.219041
v 0.139486 0.195152 0.209853
v 0.053114 0.091228 0.278528
v 0.056810 0.164676 0.286191
v 0.026303 0.149176 0.327467
v 0.023081 0.085299 0.306293
v 0.119758 0.122368 0.217012
v 0.000000 0.042564 0.242013
v -0.000000 0.438555 0.200992
v 0.000000 0.394383 0.226486
v -0.000000 0.330342 0.232960
v -0.216086 0.221618 0.144414
v -0.207263 0.165832 0.143162
v -0.188627 0.123503 0.148108
v -0.169542 0.093613 0.135911
v -0.043650 0.039328 0.195843
v -0.083316 0.052293 0.183530
v -0.126024 0.069942 0.163272
v -0.155073 0.082360 0.138727
v -0.015446 0.471986 0.174670
v -0.218369 0.402992 0.143709
v -0.219427 0.358335 0.151564
v -0.220429 0.298632 0.151875
v -0.207299 0.274700 0.163192
v -0.164469 0.280502 0.182001
v -0.106145 0.265808 0.204248
v 0.067903 0.339837 0.204814
v 0.176258 0.351121 0.166547
v 0.179778 0.381760 0.167669
v 0.070119 0.113361 0.261327
v 0.099152 0.156794 0.234569
v -0.199975 0.377380 0.167436
v -0.176213 0.422079 0.173036
v -0.147147 0.415973 0.183037
v -0.141669 0.442093 0.186849
v -0.111430 0.416807 0.199749
v -0.081272 0.392855 0.205684
v -0.083331 0.421979 0.206393
v -0.046127 0.324970 0.214139
v -0.057861 0.393962 0.214408
v -0.199056 0.435405 0.157892
v -0.170797 0.487363 0.166463
v -0.115757 0.481825 0.188832
v -0.064012 0.444801 0.196830
v -0.042467 0.419242 0.214483
v -0.039127 0.364293 0.218038
v -0.033874 0.295366 0.222152
v -0.054229 0.279905 0.214038
v -0.199291 0.327856 0.167428
v -0.167265 0.119725 0.183684
v -0.185313 0.164889 0.173848
v -0.141548 0.098052 0.196434
v -0.159486 0.138751 0.194708
v -0.168579 0.195551 0.186211
v -0.170149 0.106195 0.167552
v -0.190175 0.142477 0.164968
v -0.203727 0.192534 0.159860
v -0.189478 0.237410 0.173375
v -0.140369 0.235634 0.205343
v -0.078736 0.230195 0.242224
v -0.064941 0.059172 0.220243
v -0.112832 0.075138 0.196967
v -0.149224 0.089501 0.173167
v -0.151550 0.321385 0.178928
v -0.182538 0.352161 0.168033
v -0.014277 0.031852 0.200823
v -0.054997 0.251208 0.235528
v 0.012643 0.141594 0.335403
v -0.014233 0.366637 0.227840
v -0.029967 0.047827 0.237313
v -0.025410 0.198132 0.330678
v -0.029114 0.251265 0.259544
v -0.022453 0.323871 0.225903
v -0.027765 0.390010 0.222239
v -0.029697 0.438239 0.200288
v -0.010690 0.305190 0.230900
v -0.043726 0.209438 0.292082
v -0.000000 0.289697 0.231613
v -0.027258 0.173719 0.329217
v -0.037342 0.235125 0.275610
v -0.011147 0.199675 0.373277
v -0.010871 0.233388 0.336880
v 0.000000 0.181197 0.367205
v -0.015172 0.182837 0.355841
v -0.018426 0.221661 0.332367
v 0.000000 0.262751 0.263878
v -0.021018 0.256857 0.266167
v -0.133796 0.116799 0.209325
v -0.145461 0.165098 0.205405
v -0.090212 0.080531 0.225340
v -0.105197 0.202140 0.234957
v -0.053781 0.188671 0.287563
v -0.045714 0.067557 0.261416
v -0.014620 0.059505 0.277487
v -0.125777 0.144666 0.217943
v -0.106755 0.103123 0.222701
v -0.119144 0.183235 0.225838
v -0.059881 0.081465 0.263769
v -0.066580 0.178947 0.273651
v -0.030870 0.157666 0.322548
v -0.026500 0.073199 0.292628
v -0.000000 0.069231 0.299728
v -0.108440 0.129846 0.224109
v -0.112539 0.163714 0.226913
v -0.075714 0.098547 0.253175
v -0.081155 0.172914 0.257573
v -0.039340 0.153789 0.311686
v -0.036019 0.087797 0.296487
v -0.011353 0.083362 0.311569
v -0.013320 0.149555 0.338578
v -0.102413 0.147020 0.231385
v -0.088725 0.124786 0.238702
v -0.088446 0.161350 0.244755
v -0.049919 0.107311 0.287243
v -0.050728 0.149007 0.293468
v -0.024678 0.140449 0.326212
v -0.021883 0.104131 0.316592
v 0.000000 0.144833 0.339887
v -0.178209 0.324301 0.171363
v -0.132973 0.301041 0.188248
v -0.081712 0.293371 0.203990
v -0.177630 0.401982 0.172959
v -0.111818 0.399929 0.194860
v -0.065392 0.362333 0.208964
v -0.053943 0.310997 0.212205
v -0.067363 0.321567 0.204444
v -0.116479 0.390959 0.190643
v -0.181988 0.367516 0.164951
v -0.074857 0.360662 0.202876
v -0.166570 0.389729 0.172716
v -0.165590 0.335342 0.170049
v -0.088035 0.328876 0.194839
v -0.100537 0.371782 0.192288
v -0.163648 0.377493 0.171462
v -0.141135 0.338459 0.177030
v -0.166265 0.353366 0.170433
v -0.082141 0.347208 0.197131
v -0.138361 0.382913 0.180326
v -0.110974 0.328328 0.187104
v 0.083759 0.336262 0.198575
v 0.118275 0.381464 0.187034
v 0.171159 0.368954 0.167813
v 0.127168 0.332131 0.181650
v 0.099121 0.327807 0.192924
v 0.083646 0.361333 0.197495
v 0.151287 0.383052 0.173846
v 0.157371 0.343191 0.171490
v 0.216086 0.221618 0.144414
v 0.207263 0.165832 0.143162
v 0.188627 0.123503 0.148108
v 0.169542 0.093613 0.135911
v 0.043650 0.039328 0.195843
v 0.083316 0.052293 0.183530
v 0.126024 0.069942 0.163272
v 0.155073 0.082360 0.138727
v 0.015446 0.471986 0.174670
v 0.218369 0.402992 0.143709
v 0.219427 0.358335 0.151564
v 0.220429 0.298632 0.151875
v 0.207299 0.274700 0.163192
v 0.164469 0.280502 0.182001
v 0.106145 0.265808 0.204248
v 0.199975 0.377380 0.167436
v 0.176213 0.422079 0.173036
v 0.147147 0.415973 0.183037
v 0.141669 0.442093 0.186849
v 0.111430 0.416807 0.199749
v 0.081272 0.392855 0.205684
v 0.083331 0.421979 0.206393
v 0.046127 0.324970 0.214139
v 0.057861 0.393962 0.214408
v 0.199056 0.435405 0.157892
v 0.170797 0.487363 0.166463
v 0.115757 0.481825 0.188832
v 0.064012 0.444801 0.196830
v 0.042467 0.419242 0.214483
v 0.039127 0.364293 0.218038
v 0.033874 0.295366 0.222152
v 0.054229 0.279905 0.214038
v 0.199291 0.327856 0.167428
v 0.167265 0.119725 0.183684
v 0.185313 0.164889 0.173848
v 0.141548 0.098052 0.196434
v 0.159486 0.138751 0.194708
v 0.168579 0.195551 0.186211
v 0.021776 0.242502 0.291315
v 0.170149 0.106195 0.167552
v 0.190175 0.142477 0.164968
v 0.203727 0.192534 0.159860
v 0.189478 0.237410 0.173375
v 0.140369 0.235634 0.205343
v 0.078736 0.230195 0.242224
v 0.064941 0.059172 0.220243
v 0.190107 0.345265 0.168186
v 0.112832 0.075138 0.196967
v 0.149224 0.089501 0.173167
v 0.151550 0.321385 0.178928
v 0.063285 0.297883 0.209040
v 0.182538 0.352161 0.168033
v 0.014277 0.031852 0.200823
v 0.054997 0.251208 0.235528
v 0.014233 0.366637 0.227840
v 0.029967 0.047827 0.237313
v 0.025410 0.198132 0.330678
v 0.029114 0.251265 0.259544
v 0.022453 0.323871 0.225903
v 0.027765 0.390010 0.222239
v 0.029697 0.438239 0.200288
v 0.055649 0.334896 0.211966
v 0.010690 0.305190 0.230900
v 0.043726 0.209438 0.292082
v 0.027258 0.173719 0.329217
v 0.037342 0.235125 0.275610
v 0.011147 0.199675 0.373277
v 0.010871 0.233388 0.336880
v 0.015172 0.182837 0.355841
v 0.018426 0.221661 0.332367
v 0.021018 0.256857 0.266167
v 0.133796 0.116799 0.209325
v 0.145461 0.165098 0.205405
v 0.090212 0.080531 0.225340
v 0.105197 0.202140 0.234957
v 0.092048 0.379918 0.198200
v 0.053781 0.188671 0.287563
v 0.045714 0.067557 0.261416
v 0.013057 0.070347 0.298116
v 0.014620 0.059505 0.277487
v 0.125777 0.144666 0.217943
v 0.082275 0.385784 0.203918
v 0.106755 0.103123 0.222701
v 0.119144 0.183235 0.225838
v 0.059881 0.081465 0.263769
v 0.066580 0.178947 0.273651
v 0.030870 0.157666 0.322548
v 0.026500 0.073199 0.292628
v 0.017988 0.198625 0.352304
v 0.108440 0.129846 0.224109
v 0.112539 0.163714 0.226913
v 0.075714 0.098547 0.253175
v 0.081155 0.172914 0.257573
v 0.039340 0.153789 0.311686
v 0.036019 0.087797 0.296487
v 0.011353 0.083362 0.311569
v 0.013320 0.149555 0.338578
v 0.102413 0.147020 0.231385
v 0.075276 0.312787 0.201483
v 0.041160 0.076984 0.282175
v -0.144284 0.424996 0.186520
v -0.081413 0.405312 0.208962
v -0.202356 0.411875 0.160921
v -0.199867 0.462490 0.149757
v -0.140757 0.501414 0.181288
v -0.088920 0.453516 0.192557
v -0.014876 0.438054 0.200793
v -0.014561 0.391903 0.225181
v -0.011721 0.327563 0.231113
v -0.150882 0.116614 0.198573
v -0.166267 0.164624 0.188115
v -0.161591 0.093367 0.156954
v -0.180070 0.122569 0.168831
v -0.198874 0.165609 0.160803
v -0.205286 0.229580 0.160267
v -0.168132 0.238556 0.187075
v -0.107581 0.232485 0.222385
v -0.014855 0.044083 0.240972
v -0.088478 0.066699 0.207319
v -0.133146 0.083033 0.185939
v -0.045919 0.052834 0.230668
v -0.058887 0.223615 0.262957
v -0.043158 0.272728 0.223746
v -0.033995 0.322429 0.219040
v -0.041221 0.390137 0.218638
v -0.045088 0.440060 0.199273
v 0.046313 0.167885 0.300830
v -0.033242 0.200449 0.312982
v -0.017988 0.198625 0.352304
v -0.021776 0.242502 0.291315
v -0.119758 0.122368 0.217012
v -0.127706 0.166557 0.219041
v -0.084057 0.089320 0.240298
v -0.094509 0.185571 0.245744
v -0.046313 0.167885 0.300830
v -0.041160 0.076984 0.282175
v -0.013057 0.070347 0.298116
v -0.099152 0.156794 0.234569
v -0.070119 0.113361 0.261327
v -0.070149 0.157907 0.266451
v -0.036269 0.142540 0.313793
v -0.034173 0.105387 0.305757
v -0.012643 0.141594 0.335403
v -0.158212 0.310926 0.178305
v -0.105911 0.295153 0.197048
v -0.192179 0.387383 0.168529
v -0.146940 0.409602 0.182446
v -0.082275 0.385784 0.203918
v -0.055649 0.334896 0.211966
v -0.063285 0.297883 0.209040
v -0.190107 0.345265 0.168186
v -0.075276 0.312787 0.201483
v -0.092048 0.379918 0.198200
v -0.179778 0.381760 0.167669
v -0.176258 0.351121 0.166547
v -0.067903 0.339837 0.204814
v -0.141435 0.391354 0.180597
v -0.121014 0.359841 0.184277
v 0.088725 0.124786 0.238702
v 0.088446 0.161350 0.244755
v 0.049919 0.107311 0.287243
v 0.050728 0.149007 0.293468
v 0.024678 0.140449 0.326212
v 0.021883 0.104131 0.316592
v 0.178209 0.324301 0.171363
v 0.132973 0.301041 0.188248
v 0.033242 0.200449 0.312982
v 0.081712 0.293371 0.203990
v 0.177630 0.401982 0.172959
v 0.111818 0.399929 0.194860
v 0.065392 0.362333 0.208964
v 0.053943 0.310997 0.212205
v 0.067363 0.321567 0.204444
v 0.116479 0.390959 0.190643
v 0.181988 0.367516 0.164951
v 0.074857 0.360662 0.202876
v 0.166570 0.389729 0.172716
v 0.165590 0.335342 0.170049
v 0.088035 0.328876 0.194839
v 0.100537 0.371782 0.192288
v 0.163648 0.377493 0.171462
v 0.141135 0.338459 0.177030
v 0.166265 0.353366 0.170433
v 0.082141 0.347208 0.197131
v 0.138361 0.382913 0.180326
v 0.110974 0.328328 0.187104
v 0.146940 0.409602 0.182446
v 0.144284 0.424996 0.186520
v 0.081413 0.405312 0.208962
v 0.202356 0.411875 0.160921
v 0.199867 0.462490 0.149757
v 0.140757 0.501414 0.181288
v 0.088920 0.453516 0.192557
v 0.014876 0.438054 0.200793
v 0.192179 0.387383 0.168529
v 0.105911 0.295153 0.197048
v 0.014561 0.391903 0.225181
v 0.011721 0.327563 0.231113
v 0.150882 0.116614 0.198573
v 0.166267 0.164624 0.188115
v 0.161591 0.093367 0.156954
v 0.180070 0.122569 0.168831
v 0.198874 0.165609 0.160803
v 0.205286 0.229580 0.160267
v 0.168132 0.238556 0.187075
v 0.107581 0.232485 0.222385
v 0.014855 0.044083 0.240972
v 0.088478 0.066699 0.207319
v 0.133146 0.083033 0.185939
v 0.045919 0.052834 0.230668
v 0.058887 0.223615 0.262957
v 0.043158 0.272728 0.223746
v 0.033995 0.322429 0.219040
v 0.041221 0.390137 0.218638
v 0.045088 0.440060 0.199273
v 0.094509 0.185571 0.245744
v 0.098021 0.135313 0.223165
v 0.015022 0.140927 0.306994
v 0.037927 0.109984 0.286113
v 0.066195 0.156473 0.255757
v 0.000000 0.498509 0.139102
v -0.000000 0.031031 0.164105
v -0.207272 0.446445 0.106354
v -0.219803 0.248344 0.125310
v -0.215217 0.417993 0.113150
v -0.218415 0.370126 0.121582
v -0.219931 0.313998 0.125268
v -0.135019 0.069720 0.121932
v -0.099021 0.054413 0.141625
v -0.056845 0.040922 0.156231
v -0.070652 0.539577 0.139221
v -0.120788 0.594344 0.126515
v -0.213294 0.191055 0.121818
v -0.198051 0.143882 0.122494
v -0.178375 0.106747 0.114635
v -0.033444 0.500733 0.139320
v -0.026317 0.033982 0.162290
v -0.025043 0.108810 0.298547
v 0.000000 0.106770 0.308946
v -0.087886 0.126228 0.228287
v -0.053437 0.112220 0.267428
v -0.026506 0.140154 0.299706
v -0.049735 0.149420 0.275861
v -0.082740 0.160525 0.238296
v -0.101135 0.147345 0.224664
v 0.207272 0.446445 0.106354
v 0.219803 0.248344 0.125310
v 0.215217 0.417993 0.113150
v 0.218415 0.370126 0.121582
v 0.219931 0.313998 0.125268
v 0.135019 0.069720 0.121932
v 0.099021 0.054413 0.141625
v 0.056845 0.040922 0.156231
v 0.070652 0.539577 0.139221
v 0.120788 0.594344 0.126515
v 0.036928 0.142762 0.290483
v 0.071749 0.117734 0.244506
v 0.012737 0.107545 0.306125
v 0.213294 0.191055 0.121818
v 0.198051 0.143882 0.122494
v 0.178375 0.106747 0.114635
v 0.033444 0.500733 0.139320
v 0.026317 0.033982 0.162290
v -0.210828 0.425441 0.108741
v -0.217290 0.395473 0.117823
v -0.218377 0.341527 0.123896
v -0.220795 0.281937 0.126265
v -0.148549 0.075920 0.112930
v -0.118418 0.062325 0.131984
v -0.077419 0.046992 0.149939
v -0.040281 0.036791 0.160099
v 0.095080 0.157317 0.229502
v -0.015890 0.498657 0.139093
v -0.094791 0.557902 0.136586
v -0.141344 0.616475 0.116582
v -0.217796 0.500933 0.112317
v -0.217501 0.218066 0.123395
v -0.206620 0.166325 0.122128
v -0.188376 0.123917 0.119602
v -0.168685 0.092764 0.109717
v -0.051425 0.515564 0.139822
v -0.012982 0.031890 0.163623
v -0.012737 0.107545 0.306125
v -0.071749 0.117734 0.244506
v -0.036928 0.142762 0.290483
v -0.066195 0.156473 0.255757
v -0.037927 0.109984 0.286113
v -0.015022 0.140927 0.306994
v -0.098021 0.135313 0.223165
v -0.095080 0.157317 0.229502
v 0.025043 0.108810 0.298547
v 0.087886 0.126228 0.228287
v 0.053437 0.112220 0.267428
v 0.026506 0.140154 0.299706
v 0.049735 0.149420 0.275861
v 0.082740 0.160525 0.238296
v 0.101135 0.147345 0.224664
v 0.210828 0.425441 0.108741
v 0.217290 0.395473 0.117823
v 0.218377 0.341527 0.123896
v 0.220795 0.281937 0.126265
v 0.148549 0.075920 0.112930
v 0.118418 0.062325 0.131984
v 0.077419 0.046992 0.149939
v 0.040281 0.036791 0.160099
v 0.015890 0.498657 0.139093
v 0.094791 0.557902 0.136586
v 0.141344 0.616475 0.116582
v 0.217796 0.500933 0.112317
v 0.217501 0.218066 0.123395
v 0.206620 0.166325 0.122128
v 0.188376 0.123917 0.119602
v 0.168685 0.092764 0.109717
v 0.051425 0.515564 0.139822
v 0.012982 0.031890 0.163623
v 0.000000 0.420783 0.218835
v -0.000000 0.424987 0.216186
v 0.000000 0.273851 0.241587
v 0.000000 0.277892 0.237537
v -0.216551 0.458920 0.122359
v -0.215944 0.465970 0.125097
v -0.161467 0.599723 0.140231
v -0.161426 0.603136 0.136771
v -0.116788 0.586712 0.160361
v -0.117232 0.590845 0.156992
v -0.066103 0.519942 0.172998
v -0.066553 0.525251 0.169457
v -0.130763 0.307880 0.187764
v -0.129719 0.312094 0.186417
v -0.132438 0.311332 0.186678
v -0.082461 0.302519 0.204229
v -0.084990 0.306722 0.201827
v 0.106610 0.310469 0.193862
v 0.107890 0.315760 0.190404
v -0.192128 0.372979 0.164759
v -0.189651 0.369509 0.162119
v -0.113941 0.394537 0.196520
v -0.112644 0.397295 0.196781
v -0.060360 0.314206 0.210743
v -0.054544 0.311145 0.212270
v -0.072493 0.360347 0.207001
v -0.068713 0.361030 0.209175
v -0.028171 0.417508 0.216818
v -0.028444 0.421925 0.214636
v -0.031014 0.419895 0.215985
v -0.002393 0.163356 0.349140
v 0.002393 0.163356 0.349140
v 0.002444 0.189655 0.376717
v -0.002444 0.189655 0.376717
v 0.000000 0.188318 0.376075
v 0.001690 0.212683 0.389997
v 0.001957 0.216787 0.387913
v -0.001957 0.216787 0.387913
v -0.001690 0.212683 0.389997
v 0.002485 0.152316 0.342957
v -0.002485 0.152316 0.342957
v 0.000000 0.150425 0.342738
v -0.085980 0.129544 0.238502
v -0.085119 0.131115 0.235778
v -0.095975 0.143749 0.230458
v -0.094858 0.148838 0.232816
v -0.100089 0.146847 0.232247
v -0.080862 0.154190 0.246115
v -0.082302 0.155259 0.248500
v -0.049842 0.116162 0.285188
v -0.050551 0.118039 0.281357
v -0.049487 0.141735 0.288042
v -0.049368 0.142654 0.292262
v -0.025556 0.134434 0.316937
v -0.025066 0.136004 0.322017
v -0.022313 0.114309 0.315293
v -0.022980 0.115955 0.312123
v -0.000000 0.113114 0.324577
v -0.000000 0.114613 0.322004
v 0.000000 0.138994 0.331365
v 0.000000 0.140764 0.336254
v 0.215944 0.465970 0.125097
v 0.216551 0.458920 0.122359
v 0.161426 0.603136 0.136771
v 0.161467 0.599723 0.140231
v 0.117232 0.590845 0.156992
v 0.116788 0.586712 0.160361
v 0.095592 0.137079 0.224135
v 0.092198 0.136750 0.228443
v 0.095045 0.141478 0.228094
v 0.013746 0.135515 0.312920
v 0.014389 0.137670 0.308668
v 0.037434 0.112950 0.286356
v 0.036574 0.115438 0.289788
v 0.066553 0.525251 0.169457
v 0.066103 0.519942 0.172998
v 0.129719 0.312094 0.186417
v 0.130763 0.307880 0.187764
v 0.132438 0.311332 0.186678
v 0.084990 0.306722 0.201827
v 0.082461 0.302519 0.204229
v 0.189651 0.369509 0.162119
v 0.192128 0.372979 0.164759
v 0.113941 0.394537 0.196520
v 0.112644 0.397295 0.196781
v 0.054544 0.311145 0.212270
v 0.060360 0.314206 0.210743
v 0.068713 0.361030 0.209175
v 0.072493 0.360347 0.207001
v 0.028444 0.421925 0.214636
v 0.028171 0.417508 0.216818
v 0.031014 0.419895 0.215985
v 0.085119 0.131115 0.235778
v 0.085980 0.129544 0.238502
v 0.066824 0.153430 0.255162
v 0.066552 0.150824 0.258409
v 0.002819 0.198784 0.385622
v 0.006589 0.200236 0.382828
v 0.002883 0.203411 0.387801
v -0.000000 0.500818 0.141161
v -0.000000 0.500650 0.144167
v -0.000000 0.026211 0.166738
v -0.000000 0.028038 0.164381
v -0.159117 0.079131 0.109475
v -0.162546 0.079539 0.111145
v -0.162892 0.082242 0.108830
v -0.213095 0.448213 0.108411
v -0.210341 0.446435 0.106457
v -0.203137 0.525658 0.129397
v -0.202165 0.522064 0.132766
v -0.141160 0.606882 0.151532
v -0.139458 0.609260 0.148863
v -0.143488 0.610171 0.147047
v -0.090300 0.556568 0.169227
v -0.090707 0.560303 0.166060
v -0.213210 0.438963 0.133086
v -0.214613 0.435432 0.129299
v -0.214846 0.434032 0.132867
v -0.222991 0.248915 0.126369
v -0.224436 0.250556 0.129120
v -0.218060 0.418155 0.113405
v -0.219900 0.418711 0.115865
v -0.221848 0.370985 0.122306
v -0.223622 0.372588 0.124931
v -0.223637 0.315726 0.126329
v -0.225273 0.318396 0.129065
v 0.147311 0.327560 0.176200
v 0.150157 0.323145 0.177498
v 0.150937 0.326473 0.175242
v -0.136608 0.067252 0.122591
v -0.137956 0.066337 0.125087
v -0.100351 0.051793 0.142226
v -0.101534 0.050646 0.144703
v -0.057844 0.038136 0.156750
v -0.058663 0.036719 0.159225
v 0.100220 0.138809 0.230528
v 0.097658 0.134003 0.231641
v 0.101308 0.134624 0.228966
v 0.010789 0.105754 0.322579
v 0.010852 0.100997 0.321478
v 0.013020 0.103388 0.321497
v -0.066679 0.541360 0.142306
v -0.068370 0.541402 0.139913
v -0.118724 0.596567 0.126904
v -0.117152 0.597432 0.129422
v -0.161853 0.602308 0.103625
v -0.165038 0.598860 0.102755
v -0.165158 0.602568 0.105247
v -0.209139 0.348260 0.164655
v -0.213260 0.343178 0.162077
v -0.209047 0.390903 0.161204
v -0.204936 0.394696 0.164077
v -0.206708 0.394985 0.162932
v -0.092449 0.136972 0.230713
v -0.095589 0.141684 0.230086
v -0.098556 0.139965 0.231496
v -0.094597 0.135854 0.232575
v -0.093674 0.150716 0.234022
v -0.089071 0.153126 0.237702
v -0.093931 0.153596 0.236950
v -0.068574 0.121189 0.259993
v -0.068757 0.123057 0.256509
v -0.065413 0.149364 0.265576
v -0.065982 0.150450 0.268773
v -0.036315 0.137412 0.310077
v -0.036763 0.136184 0.305165
v -0.035469 0.116623 0.300077
v -0.034667 0.114885 0.303724
v -0.216198 0.190503 0.122518
v -0.217655 0.190265 0.125060
v -0.200796 0.142702 0.122936
v -0.202326 0.142030 0.125322
v -0.180813 0.104996 0.115057
v -0.182281 0.104126 0.117478
v -0.105743 0.305826 0.196976
v -0.106361 0.309677 0.194865
v -0.186976 0.387113 0.168315
v -0.181957 0.384392 0.167913
v -0.181887 0.388593 0.168802
v -0.145081 0.398106 0.183022
v -0.146286 0.402195 0.183298
v -0.148574 0.399534 0.182506
v -0.090188 0.381304 0.199212
v -0.086301 0.383584 0.201471
v -0.058535 0.336280 0.211904
v -0.063849 0.338807 0.209728
v -0.068643 0.305926 0.208631
v -0.072045 0.309717 0.205817
v -0.047421 0.493720 0.171187
v -0.046891 0.488324 0.175149
v -0.045139 0.489532 0.173735
v -0.014390 0.423382 0.215724
v -0.014323 0.419060 0.218215
v -0.012863 0.271884 0.242185
v -0.012150 0.275800 0.237831
v -0.017260 0.270708 0.239871
v -0.008951 0.170853 0.353823
v -0.013263 0.170891 0.350373
v -0.011353 0.115124 0.319443
v -0.010954 0.113569 0.322201
v -0.032261 0.502855 0.141103
v -0.031269 0.502653 0.144001
v -0.027018 0.031077 0.162656
v -0.027536 0.029410 0.165060
v -0.012992 0.137440 0.331347
v -0.013362 0.135683 0.326311
v -0.036854 0.263374 0.233998
v -0.033941 0.270060 0.230254
v -0.037068 0.268276 0.229181
v -0.021606 0.281630 0.229190
v -0.021476 0.274563 0.232605
v -0.002427 0.167553 0.352479
v 0.002427 0.167553 0.352479
v -0.000000 0.170220 0.355879
v -0.006130 0.246003 0.311804
v -0.011767 0.246197 0.305034
v -0.003567 0.189378 0.375952
v -0.008060 0.188995 0.371892
v 0.002272 0.199047 0.386015
v 0.001889 0.203737 0.388779
v -0.001889 0.203737 0.388779
v -0.002272 0.199047 0.386015
v -0.001947 0.230162 0.370098
v 0.001947 0.230162 0.370098
v -0.000000 0.231048 0.369641
v -0.002777 0.212629 0.389101
v -0.005048 0.216414 0.384372
v -0.018318 0.160990 0.338692
v -0.014146 0.160786 0.342341
v 0.002435 0.158537 0.346181
v -0.002435 0.158537 0.346181
v 0.000000 0.100473 0.323487
v 0.000000 0.105285 0.324699
v -0.024619 0.111743 0.298859
v -0.023874 0.114403 0.302182
v 0.000000 0.109700 0.309395
v 0.000000 0.112591 0.312578
v -0.086217 0.128664 0.228608
v -0.085023 0.130859 0.231599
v -0.051559 0.117404 0.271322
v -0.052610 0.115125 0.267758
v -0.026571 0.136991 0.300615
v -0.026239 0.134714 0.304434
v -0.050701 0.143861 0.278171
v -0.050742 0.146472 0.275089
v -0.081679 0.154912 0.241341
v -0.082361 0.157425 0.238061
v 0.002798 0.140403 0.312118
v -0.000000 0.138946 0.317404
v -0.002798 0.140403 0.312118
v -0.094955 0.148961 0.230564
v -0.095699 0.143529 0.228596
v -0.097983 0.146798 0.226112
v -0.194483 0.365294 0.166244
v -0.194905 0.371591 0.166427
v -0.196361 0.366035 0.165958
v -0.129131 0.314961 0.184721
v -0.128315 0.320344 0.182926
v -0.090738 0.313692 0.196551
v -0.086280 0.307665 0.200571
v -0.086333 0.310827 0.198200
v 0.094858 0.148838 0.232816
v 0.095975 0.143749 0.230458
v 0.100089 0.146847 0.232247
v 0.082302 0.155259 0.248500
v 0.080862 0.154190 0.246115
v 0.050551 0.118039 0.281357
v 0.049842 0.116162 0.285188
v 0.049368 0.142654 0.292262
v 0.049487 0.141735 0.288042
v 0.025066 0.136004 0.322017
v 0.025556 0.134434 0.316937
v 0.022980 0.115955 0.312123
v 0.022313 0.114309 0.315293
v 0.159117 0.079131 0.109475
v 0.162892 0.082242 0.108830
v 0.162546 0.079539 0.111145
v 0.210341 0.446435 0.106457
v 0.213095 0.448213 0.108411
v 0.202165 0.522064 0.132766
v 0.203137 0.525658 0.129397
v 0.141160 0.606882 0.151532
v 0.143488 0.610171 0.147047
v 0.139458 0.609260 0.148863
v 0.090300 0.556568 0.169227
v 0.090707 0.560303 0.166060
v 0.214613 0.435432 0.129299
v 0.213210 0.438963 0.133086
v 0.214846 0.434032 0.132867
v 0.224436 0.250556 0.129120
v 0.222991 0.248915 0.126369
v 0.219900 0.418711 0.115865
v 0.218060 0.418155 0.113405
v 0.223622 0.372588 0.124931
v 0.221848 0.370985 0.122306
v 0.225273 0.318396 0.129065
v 0.223637 0.315726 0.126329
v 0.137956 0.066337 0.125087
v 0.136608 0.067252 0.122591
v 0.101534 0.050646 0.144703
v 0.100351 0.051793 0.142226
v 0.058663 0.036719 0.159225
v 0.057844 0.038136 0.156750
v 0.068370 0.541402 0.139913
v 0.066679 0.541360 0.142306
v 0.117152 0.597432 0.129422
v 0.118724 0.596567 0.126904
v 0.037748 0.139785 0.290472
v 0.037736 0.137407 0.293792
v 0.161853 0.602308 0.103625
v 0.165158 0.602568 0.105247
v 0.165038 0.598860 0.102755
v 0.017996 0.259744 0.265150
v 0.013419 0.261864 0.264335
v 0.213260 0.343178 0.162077
v 0.209139 0.348260 0.164655
v 0.204936 0.394696 0.164077
v 0.209047 0.390903 0.161204
v 0.206708 0.394985 0.162932
v 0.070473 0.120430 0.244797
v 0.069263 0.122618 0.248115
v 0.011872 0.113273 0.309884
v 0.012393 0.110468 0.306600
v 0.092449 0.136972 0.230713
v 0.094597 0.135854 0.232575
v 0.098556 0.139965 0.231496
v 0.095589 0.141684 0.230086
v 0.093931 0.153596 0.236950
v 0.089071 0.153126 0.237702
v 0.093674 0.150716 0.234022
v 0.068757 0.123057 0.256509
v 0.068574 0.121189 0.259993
v 0.065982 0.150450 0.268773
v 0.065413 0.149364 0.265576
v 0.036315 0.137412 0.310077
v 0.036763 0.136184 0.305165
v 0.035469 0.116623 0.300077
v 0.034667 0.114885 0.303724
v 0.217655 0.190265 0.125060
v 0.216198 0.190503 0.122518
v 0.202326 0.142030 0.125322
v 0.200796 0.142702 0.122936
v 0.182281 0.104126 0.117478
v 0.180813 0.104996 0.115057
v 0.106361 0.309677 0.194865
v 0.105743 0.305826 0.196976
v 0.181957 0.384392 0.167913
v 0.186976 0.387113 0.168315
v 0.181887 0.388593 0.168802
v 0.146286 0.402195 0.183298
v 0.145081 0.398106 0.183022
v 0.148574 0.399534 0.182506
v 0.086301 0.383584 0.201471
v 0.090188 0.381304 0.199212
v 0.063849 0.338807 0.209728
v 0.058535 0.336280 0.211904
v 0.068643 0.305926 0.208631
v 0.072045 0.309717 0.205817
v 0.046891 0.488324 0.175149
v 0.047421 0.493720 0.171187
v 0.045139 0.489532 0.173735
v 0.014323 0.419060 0.218215
v 0.014390 0.423382 0.215724
v 0.012863 0.271884 0.242185
v 0.017260 0.270708 0.239871
v 0.012150 0.275800 0.237831
v 0.013263 0.170891 0.350373
v 0.008951 0.170853 0.353823
v 0.010954 0.113569 0.322201
v 0.011353 0.115124 0.319443
v 0.031269 0.502653 0.144001
v 0.032261 0.502855 0.141103
v 0.027536 0.029410 0.165060
v 0.027018 0.031077 0.162656
v 0.013362 0.135683 0.326311
v 0.012992 0.137440 0.331347
v 0.033941 0.270060 0.230254
v 0.036854 0.263374 0.233998
v 0.037068 0.268276 0.229181
v 0.021476 0.274563 0.232605
v 0.021606 0.281630 0.229190
v 0.011767 0.246197 0.305034
v 0.006130 0.246003 0.311804
v 0.008060 0.188995 0.371892
v 0.003567 0.189378 0.375952
v 0.002777 0.212629 0.389101
v 0.005048 0.216414 0.384372
v 0.005870 0.179616 0.363842
v 0.010230 0.179814 0.360665
v 0.017124 0.155548 0.337787
v 0.012692 0.156105 0.341082
v 0.014492 0.152792 0.339228
v 0.014146 0.160786 0.342341
v 0.018318 0.160990 0.338692
v 0.007569 0.231551 0.353402
v 0.002228 0.230131 0.369787
v 0.004733 0.228585 0.369169
v -0.215869 0.426761 0.110755
v -0.213874 0.425654 0.108698
v -0.222162 0.396892 0.120889
v -0.220384 0.395930 0.118319
v -0.223779 0.345236 0.127501
v -0.222067 0.342934 0.124828
v -0.225835 0.285766 0.130135
v -0.224291 0.283315 0.127370
v -0.151669 0.072674 0.116078
v -0.150232 0.073513 0.113574
v -0.121231 0.058794 0.135083
v -0.119921 0.059803 0.132609
v -0.079557 0.042988 0.152998
v -0.078563 0.044274 0.150513
v -0.041808 0.032398 0.162987
v -0.041142 0.033946 0.160542
v 0.093203 0.154716 0.229931
v 0.093490 0.150510 0.231432
v 0.089409 0.153436 0.235352
v -0.015477 0.500847 0.144129
v -0.015648 0.500982 0.141121
v -0.090754 0.561101 0.139224
v -0.092418 0.559892 0.136927
v -0.143585 0.619118 0.118240
v -0.140190 0.618639 0.120493
v -0.141649 0.618340 0.116853
v -0.220513 0.499989 0.114310
v -0.217984 0.507990 0.115270
v -0.220296 0.501148 0.113120
v -0.207965 0.316933 0.164848
v -0.212038 0.311074 0.162160
v -0.210262 0.310829 0.164076
v -0.207723 0.371271 0.165034
v -0.211712 0.367403 0.162193
v -0.221715 0.218097 0.126930
v -0.220396 0.217775 0.124292
v -0.211002 0.164947 0.125119
v -0.209474 0.165455 0.122666
v -0.192514 0.121656 0.122388
v -0.190984 0.122437 0.120006
v -0.172262 0.089823 0.112674
v -0.170905 0.090771 0.110191
v -0.047604 0.516744 0.143657
v -0.049285 0.517312 0.141057
v -0.013736 0.027154 0.166294
v -0.013422 0.028927 0.163924
v -0.015138 0.280779 0.233391
v -0.010364 0.291635 0.231452
v -0.012209 0.165069 0.346681
v -0.016354 0.165324 0.343158
v -0.031141 0.263909 0.235969
v -0.032928 0.255855 0.243512
v -0.002228 0.230131 0.369787
v -0.007569 0.231551 0.353402
v -0.004733 0.228585 0.369169
v -0.005870 0.179616 0.363842
v -0.010230 0.179814 0.360665
v -0.017996 0.259744 0.265150
v -0.013419 0.261864 0.264335
v -0.002819 0.198784 0.385622
v -0.002883 0.203411 0.387801
v -0.006589 0.200236 0.382828
v -0.012692 0.156105 0.341082
v -0.017124 0.155548 0.337787
v -0.014492 0.152792 0.339228
v -0.097658 0.134003 0.231641
v -0.100220 0.138809 0.230528
v -0.101308 0.134624 0.228966
v -0.010852 0.100997 0.321478
v -0.010789 0.105754 0.322579
v -0.013020 0.103388 0.321497
v -0.012393 0.110468 0.306600
v -0.011872 0.113273 0.309884
v -0.070473 0.120430 0.244797
v -0.069263 0.122618 0.248115
v -0.037748 0.139785 0.290472
v -0.037736 0.137407 0.293792
v -0.066824 0.153430 0.255162
v -0.066552 0.150824 0.258409
v -0.037434 0.112950 0.286356
v -0.036574 0.115438 0.289788
v -0.014389 0.137670 0.308668
v -0.013746 0.135515 0.312920
v -0.095045 0.141478 0.228094
v -0.092198 0.136750 0.228443
v -0.095592 0.137079 0.224135
v -0.089409 0.153436 0.235352
v -0.093490 0.150510 0.231432
v -0.093203 0.154716 0.229931
v -0.150157 0.323145 0.177498
v -0.147311 0.327560 0.176200
v -0.150937 0.326473 0.175242
v -0.106610 0.310469 0.193862
v -0.107890 0.315760 0.190404
v 0.031141 0.263909 0.235969
v 0.032928 0.255855 0.243512
v 0.024619 0.111743 0.298859
v 0.023874 0.114403 0.302182
v 0.085023 0.130859 0.231599
v 0.086217 0.128664 0.228608
v 0.051559 0.117404 0.271322
v 0.052610 0.115125 0.267758
v 0.026571 0.136991 0.300615
v 0.026239 0.134714 0.304434
v 0.050701 0.143861 0.278171
v 0.050742 0.146472 0.275089
v 0.082361 0.157425 0.238061
v 0.081679 0.154912 0.241341
v 0.095699 0.143529 0.228596
v 0.094955 0.148961 0.230564
v 0.097983 0.146798 0.226112
v 0.194905 0.371591 0.166427
v 0.194483 0.365294 0.166244
v 0.196361 0.366035 0.165958
v 0.128315 0.320344 0.182926
v 0.129131 0.314961 0.184721
v 0.086280 0.307665 0.200571
v 0.090738 0.313692 0.196551
v 0.086333 0.310827 0.198200
v 0.215869 0.426761 0.110755
v 0.213874 0.425654 0.108698
v 0.220384 0.395930 0.118319
v 0.222162 0.396892 0.120889
v 0.222067 0.342934 0.124828
v 0.223779 0.345236 0.127501
v 0.225835 0.285766 0.130135
v 0.224291 0.283315 0.127370
v 0.151669 0.072674 0.116078
v 0.150232 0.073513 0.113574
v 0.119921 0.059803 0.132609
v 0.121231 0.058794 0.135083
v 0.078563 0.044274 0.150513
v 0.079557 0.042988 0.152998
v 0.041808 0.032398 0.162987
v 0.041142 0.033946 0.160542
v 0.015477 0.500847 0.144129
v 0.015648 0.500982 0.141121
v 0.092418 0.559892 0.136927
v 0.090754 0.561101 0.139224
v 0.140190 0.618639 0.120493
v 0.143585 0.619118 0.118240
v 0.141649 0.618340 0.116853
v 0.217984 0.507990 0.115270
v 0.220513 0.499989 0.114310
v 0.220296 0.501148 0.113120
v 0.212038 0.311074 0.162160
v 0.207965 0.316933 0.164848
v 0.210262 0.310829 0.164076
v 0.207723 0.371271 0.165034
v 0.211712 0.367403 0.162193
v 0.221715 0.218097 0.126930
v 0.220396 0.217775 0.124292
v 0.211002 0.164947 0.125119
v 0.209474 0.165455 0.122666
v 0.190984 0.122437 0.120006
v 0.192514 0.121656 0.122388
v 0.170905 0.090771 0.110191
v 0.172262 0.089823 0.112674
v 0.049285 0.517312 0.141057
v 0.047604 0.516744 0.143657
v 0.013422 0.028927 0.163924
v 0.013736 0.027154 0.166294
v 0.015138 0.280779 0.233391
v 0.010364 0.291635 0.231452
v 0.016354 0.165324 0.343158
v 0.012209 0.165069 0.346681
v -0.157159 0.081375 0.108919
v -0.160948 0.084527 0.108297
v -0.162737 0.596898 0.102311
v -0.159862 0.600646 0.103327
v 0.002814 0.143932 0.310063
v -0.002814 0.143932 0.310063
v 0.160948 0.084527 0.108297
v 0.157159 0.081375 0.108919
v 0.159862 0.600646 0.103327
v 0.162737 0.596898 0.102311
vn 0.4452 0.0111 0.8954
vn 0.2376 0.1261 0.9631
vn 0.3264 -0.0133 0.9451
vn 0.8165 0.1906 0.5449
vn -0.3015 0.1087 0.9473
vn -0.3827 -0.2224 0.8967
vn -0.3396 0.0335 0.9400
vn -0.3926 0.0591 0.9178
vn -0.3901 -0.3327 0.8586
vn -0.3269 -0.2413 0.9137
vn -0.1952 0.1252 0.9727
vn -0.2486 0.1095 0.9624
vn -0.4714 0.1779 0.8638
vn -0.7706 0.2343 0.5928
vn -0.5432 0.2275 0.8082
vn -0.3881 0.1596 0.9077
vn -0.2190 0.0945 0.9711
vn 0.0494 0.1765 0.9831
vn -0.0186 0.3979 0.9172
vn 0.0425 0.6099 0.7914
vn 0.1173 0.5688 0.8141
vn -0.3542 0.0192 0.9350
vn -0.1596 0.1010 0.9820
vn -0.3537 0.0267 0.9350
vn -0.1057 -0.0137 0.9943
vn -0.1698 0.0712 0.9829
vn -0.4381 0.0162 0.8988
vn -0.6585 -0.3865 0.6458
vn -0.4974 -0.3445 0.7962
vn -0.5944 -0.0930 0.7987
vn -0.6478 -0.1673 0.7432
vn -0.5999 -0.0099 0.8000
vn -0.6392 0.0279 0.7685
vn -0.6391 -0.0003 0.7691
vn -0.5600 -0.0288 0.8280
vn -0.6232 -0.7308 0.2785
vn -0.5656 -0.7795 0.2690
vn -0.6422 -0.6945 0.3244
vn -0.7120 -0.6515 0.2618
vn -0.7845 -0.5419 0.3016
vn -0.7095 -0.4722 0.5231
vn -0.7397 -0.2568 0.6221
vn -0.8457 -0.3905 0.3637
vn -0.8675 -0.2800 0.4111
vn -0.6918 -0.1341 0.7095
vn -0.6408 -0.0904 0.7624
vn -0.8597 -0.1839 0.4766
vn -0.8707 -0.1177 0.4775
vn -0.6467 -0.0366 0.7619
vn -0.6128 -0.0787 0.7863
vn -0.7875 -0.1324 0.6020
vn -0.5602 -0.0258 0.8280
vn -0.5491 -0.0108 0.8357
vn -0.3610 0.1422 0.9217
vn -0.3940 0.0445 0.9180
vn -0.4507 0.0887 0.8883
vn -0.5256 0.2900 0.7998
vn -0.2588 0.4695 0.8441
vn -0.2419 0.3053 0.9210
vn -0.2465 -0.9223 0.2978
vn -0.1029 -0.9519 0.2886
vn -0.1200 -0.9142 0.3871
vn -0.3079 -0.8700 0.3850
vn -0.4421 -0.8150 0.3746
vn -0.4120 -0.8163 0.4048
vn -0.4994 -0.7092 0.4976
vn -0.5590 -0.6110 0.5606
vn -0.5552 -0.7898 0.2606
vn -0.4879 -0.8132 0.3173
vn -0.4910 -0.6662 0.5613
vn -0.5619 -0.6975 0.4447
vn -0.3690 -0.8522 0.3709
vn -0.3179 -0.8906 0.3251
vn -0.4202 -0.8172 0.3946
vn -0.4858 -0.7652 0.4225
vn -0.6284 0.3282 0.7053
vn -0.7971 0.2683 0.5410
vn -0.4975 0.6456 0.5794
vn -0.3541 0.6210 0.6992
vn -0.3654 0.5026 0.7835
vn -0.5602 0.2154 0.7999
vn -0.3671 0.0392 0.9294
vn -0.5173 0.0958 0.8504
vn -0.3797 -0.0245 0.9248
vn -0.3527 -0.0300 0.9353
vn -0.2813 -0.1930 0.9400
vn -0.2573 -0.0436 0.9653
vn -0.1669 0.1009 0.9808
vn 0.0115 0.4953 0.8687
vn 0.3207 -0.0793 0.9438
vn 0.3228 -0.0183 0.9463
vn 0.3263 -0.0581 0.9435
vn -0.7697 0.4692 0.4330
vn -0.8711 0.1084 0.4790
vn -0.9121 0.0440 0.4076
vn -0.8469 0.3418 0.4073
vn -0.9123 0.2472 0.3264
vn -0.9456 -0.0313 0.3237
vn -0.9341 -0.1743 0.3115
vn -0.9590 0.1752 0.2227
vn -0.6853 0.6792 0.2627
vn -0.7717 0.5452 0.3274
vn -0.8514 0.4368 0.2904
vn -0.7165 0.6151 0.3291
vn -0.4801 -0.1654 0.8615
vn -0.4029 -0.2134 0.8900
vn -0.4919 -0.0787 0.8671
vn -0.4257 -0.1261 0.8960
vn -0.6191 -0.0029 0.7853
vn -0.6017 -0.0936 0.7932
vn -0.4756 -0.1208 0.8713
vn -0.5644 -0.1454 0.8126
vn -0.5347 -0.3061 0.7876
vn -0.6116 -0.5441 0.5743
vn -0.7133 -0.2624 0.6499
vn -0.6413 -0.0903 0.7620
vn -0.6690 0.1987 0.7162
vn -0.6313 0.0941 0.7698
vn -0.7124 -0.1014 0.6944
vn -0.7521 0.0599 0.6564
vn -0.8054 0.0392 0.5914
vn -0.7714 0.1214 0.6247
vn -0.8165 0.0390 0.5760
vn -0.7772 -0.0576 0.6266
vn -0.5798 -0.6672 0.4677
vn -0.5009 -0.7404 0.4483
vn -0.5756 -0.5386 0.6153
vn -0.6837 -0.4232 0.5945
vn -0.3584 -0.8142 0.4568
vn -0.1345 -0.8722 0.4703
vn -0.1452 -0.7012 0.6980
vn -0.4022 -0.6323 0.6621
vn -0.6373 -0.1779 0.7498
vn -0.5310 -0.0970 0.8418
vn -0.6817 0.0618 0.7290
vn -0.7539 -0.0730 0.6529
vn -0.8195 -0.0551 0.5704
vn -0.7649 -0.1981 0.6129
vn -0.7284 -0.2335 0.6441
vn -0.8263 -0.1247 0.5493
vn -0.7270 -0.2078 0.6545
vn -0.6097 -0.3158 0.7270
vn -0.6042 -0.3472 0.7172
vn -0.3276 0.1595 0.9313
vn -0.2795 0.0789 0.9569
vn -0.3006 0.1754 0.9375
vn -0.2567 0.2247 0.9400
vn -0.2522 0.2320 0.9394
vn -0.2621 -0.0367 0.9643
vn -0.3656 -0.1505 0.9185
vn -0.2718 -0.0975 0.9574
vn -0.3017 -0.0126 0.9533
vn -0.3669 -0.1805 0.9126
vn -0.2280 -0.0061 0.9736
vn -0.3112 -0.0074 0.9503
vn -0.2886 0.1157 0.9504
vn -0.3437 0.0191 0.9389
vn -0.1750 0.0503 0.9833
vn -0.0475 0.0775 0.9959
vn -0.4042 0.0516 0.9132
vn -0.5190 -0.2663 0.8122
vn -0.3843 -0.2403 0.8914
vn -0.2657 -0.1609 0.9505
vn -0.2355 -0.1486 0.9604
vn 0.2787 0.2075 0.9377
vn -0.2555 0.0029 0.9668
vn -0.3624 -0.0397 0.9312
vn -0.3534 -0.0264 0.9351
vn -0.5073 -0.0877 0.8573
vn -0.3698 -0.1546 0.9162
vn -0.2474 -0.4244 0.8710
vn -0.4422 -0.0613 0.8948
vn -0.3212 -0.0187 0.9468
vn -0.2715 -0.1388 0.9524
vn -0.4452 0.0111 0.8954
vn -0.4425 -0.1837 0.8778
vn -0.3225 -0.0790 0.9433
vn -0.3263 -0.0581 0.9435
vn -0.8165 0.1906 0.5449
vn 0.3491 0.1027 0.9315
vn 0.3926 0.0591 0.9178
vn 0.3827 -0.2224 0.8967
vn 0.3015 0.1087 0.9473
vn 0.1789 0.0999 0.9788
vn 0.2502 0.1185 0.9609
vn 0.3331 -0.1947 0.9226
vn 0.3945 -0.2346 0.8884
vn 0.5432 0.2275 0.8082
vn 0.7706 0.2343 0.5928
vn 0.4714 0.1779 0.8638
vn 0.3881 0.1596 0.9077
vn 0.2966 0.1475 0.9435
vn 0.1604 0.3731 0.9138
vn 0.1329 0.4756 0.8695
vn 0.3542 0.0192 0.9350
vn 0.1596 0.1010 0.9820
vn 0.0193 0.6099 0.7923
vn 0.0313 0.6308 0.7753
vn 0.3537 0.0267 0.9350
vn 0.1057 -0.0137 0.9943
vn 0.6456 -0.3987 0.6514
vn 0.5535 -0.3068 0.7743
vn 0.4381 0.0162 0.8988
vn 0.1698 0.0712 0.9829
vn 0.6468 0.0244 0.7623
vn 0.6005 -0.0053 0.7996
vn 0.6811 -0.1396 0.7188
vn 0.5276 -0.1374 0.8383
vn 0.2474 -0.4243 0.8710
vn 0.3698 -0.1546 0.9162
vn 0.1807 0.1403 0.9735
vn 0.5998 0.0044 0.8001
vn 0.6391 -0.0003 0.7691
vn 0.6422 -0.6945 0.3244
vn 0.7120 -0.6515 0.2618
vn 0.5656 -0.7795 0.2690
vn 0.6232 -0.7308 0.2785
vn 0.7587 -0.2425 0.6046
vn 0.8641 -0.3708 0.3403
vn 0.7514 -0.4333 0.4976
vn 0.8120 -0.5118 0.2807
vn 0.6958 -0.0518 0.7163
vn 0.8941 -0.1449 0.4238
vn 0.7529 -0.0960 0.6511
vn 0.8851 -0.2622 0.3845
vn 0.6128 -0.0787 0.7863
vn 0.7875 -0.1324 0.6020
vn 0.6467 -0.0366 0.7619
vn 0.8707 -0.1177 0.4775
vn 0.5036 0.2986 0.8107
vn 0.5404 0.1481 0.8283
vn 0.6285 0.0740 0.7743
vn 0.5602 -0.0258 0.8280
vn 0.4172 0.6104 0.6733
vn 0.3776 0.4554 0.8062
vn 0.5751 0.3509 0.7390
vn 0.6050 0.2649 0.7508
vn 0.1200 -0.9142 0.3871
vn 0.3079 -0.8700 0.3850
vn 0.1029 -0.9519 0.2886
vn 0.2465 -0.9223 0.2978
vn 0.4994 -0.7092 0.4976
vn 0.4671 -0.7217 0.5108
vn 0.4120 -0.8163 0.4048
vn 0.4634 -0.7991 0.3830
vn 0.5478 -0.6133 0.5691
vn 0.6154 -0.6511 0.4443
vn 0.5298 -0.7819 0.3285
vn 0.5552 -0.7898 0.2606
vn 0.4202 -0.8172 0.3946
vn 0.4858 -0.7652 0.4225
vn 0.3179 -0.8906 0.3251
vn 0.3690 -0.8522 0.3709
vn 0.4984 0.6458 0.5785
vn 0.4202 0.6679 0.6143
vn 0.7440 0.2249 0.6292
vn 0.6687 0.3602 0.6505
vn 0.5602 0.2154 0.7999
vn 0.3773 0.5970 0.7080
vn 0.5116 0.0067 0.8592
vn 0.3788 -0.0244 0.9252
vn 0.3729 0.0262 0.9275
vn 0.4843 0.0980 0.8694
vn 0.2173 0.1310 0.9673
vn 0.3797 0.0178 0.9250
vn 0.3692 -0.0506 0.9280
vn 0.1446 0.5719 0.8075
vn 0.9121 0.0440 0.4076
vn 0.8469 0.3418 0.4073
vn 0.8711 0.1084 0.4790
vn 0.7697 0.4692 0.4330
vn 0.9456 -0.0313 0.3237
vn 0.9123 0.2472 0.3264
vn 0.9590 0.1752 0.2227
vn 0.9271 -0.0846 0.3651
vn 0.6853 0.6792 0.2627
vn 0.7717 0.5452 0.3274
vn 0.7165 0.6151 0.3291
vn 0.8514 0.4368 0.2904
vn 0.4919 -0.0787 0.8671
vn 0.4472 -0.1574 0.8805
vn 0.4029 -0.2134 0.8900
vn 0.4448 -0.1089 0.8890
vn 0.4347 -0.0824 0.8968
vn 0.4746 -0.1109 0.8732
vn 0.5269 0.0136 0.8498
vn 0.6089 0.0038 0.7932
vn 0.7133 -0.2624 0.6499
vn 0.6413 -0.0903 0.7620
vn 0.6116 -0.5441 0.5743
vn 0.5347 -0.3061 0.7876
vn 0.5951 -0.2437 0.7658
vn 0.7151 -0.1075 0.6907
vn 0.5967 0.0548 0.8006
vn 0.6334 0.0918 0.7684
vn 0.7658 0.0999 0.6353
vn 0.8090 0.0818 0.5822
vn 0.7984 0.0649 0.5986
vn 0.8083 -0.0354 0.5878
vn 0.5009 -0.7404 0.4483
vn 0.5798 -0.6672 0.4677
vn 0.3584 -0.8142 0.4568
vn 0.1345 -0.8722 0.4703
vn 0.6837 -0.4232 0.5945
vn 0.5756 -0.5386 0.6153
vn 0.4022 -0.6323 0.6621
vn 0.1452 -0.7012 0.6980
vn 0.5503 -0.1127 0.8273
vn 0.5518 -0.1616 0.8182
vn 0.7539 -0.0730 0.6529
vn 0.6817 0.0618 0.7290
vn 0.6886 -0.2965 0.6618
vn 0.7734 -0.2131 0.5971
vn 0.7809 -0.1008 0.6165
vn 0.8371 -0.0744 0.5419
vn 0.7270 -0.2078 0.6545
vn 0.6097 -0.3158 0.7270
vn 0.6042 -0.3472 0.7172
vn 0.0970 0.3398 0.9355
vn 0.2795 0.0789 0.9569
vn 0.2567 0.2247 0.9400
vn 0.3006 0.1754 0.9375
vn 0.2522 0.2320 0.9394
vn 0.2621 -0.0367 0.9643
vn 0.3656 -0.1505 0.9185
vn 0.3017 -0.0126 0.9533
vn 0.2718 -0.0975 0.9574
vn 0.3138 0.0434 0.9485
vn 0.3669 -0.1805 0.9126
vn 0.2269 -0.0051 0.9739
vn 0.3440 0.0834 0.9353
vn 0.1878 0.3124 0.9312
vn 0.1750 0.0503 0.9833
vn 0.0475 0.0775 0.9959
vn 0.4650 -0.1741 0.8680
vn 0.4063 -0.2142 0.8883
vn 0.4000 -0.2551 0.8803
vn 0.2657 -0.1609 0.9505
vn 0.2355 -0.1486 0.9604
vn 0.3867 0.1782 0.9048
vn 0.5207 -0.0778 0.8502
vn 0.1501 -0.0283 0.9883
vn 0.3760 0.0381 0.9258
vn 0.1031 0.1485 0.9835
vn 0.0320 0.2914 0.9561
vn 0.1321 0.4369 0.8897
vn -0.0000 -0.3768 0.9263
vn -0.0000 0.4449 0.8956
vn -0.0000 -0.0645 0.9979
vn 0.1336 -0.4799 0.8671
vn -0.7249 0.4114 -0.5526
vn -0.0320 0.2914 0.9561
vn -0.1321 0.4369 0.8897
vn 0.6409 -0.3415 0.6875
vn -0.4234 -0.6423 -0.6389
vn -0.0883 0.7785 0.6214
vn -0.9384 0.3383 0.0706
vn 0.3432 0.4725 0.8117
vn 0.5921 -0.1354 0.7944
vn 0.2337 -0.2151 0.9482
vn -0.3792 0.5534 -0.7416
vn -0.5564 -0.0459 0.8297
vn 0.4744 0.3770 0.7955
vn -0.1119 -0.7497 0.6523
vn -0.0361 -0.2076 0.9775
vn -0.1846 -0.1262 0.9747
vn 0.1790 0.6234 0.7612
vn -0.4598 0.7051 0.5398
vn -0.5165 0.5876 0.6229
vn -0.0000 -0.7925 0.6099
vn -0.0000 -0.4938 0.8696
vn -0.0000 0.2403 0.9707
vn -0.0000 -0.9517 -0.3072
vn 0.8180 0.1203 -0.5624
vn -0.1303 -0.0116 0.9914
vn 0.0580 0.6024 0.7961
vn -0.1336 -0.4799 0.8671
vn 0.4234 -0.6423 -0.6389
vn 0.0883 0.7785 0.6214
vn 0.9384 0.3383 0.0706
vn 0.3792 0.5534 -0.7416
vn 0.5564 -0.0459 0.8297
vn -0.4744 0.3770 0.7955
vn 0.1119 -0.7497 0.6523
vn 0.0361 -0.2076 0.9775
vn 0.1846 -0.1262 0.9747
vn -0.1790 0.6234 0.7612
vn 0.4598 0.7051 0.5398
vn 0.5165 0.5876 0.6229
vn 0.5735 -0.1190 0.8105
vn 0.5629 0.7874 0.2513
vn -0.7836 -0.2602 -0.5642
vn 0.2387 0.9421 -0.2357
vn -0.9360 0.3113 -0.1641
vn -0.6991 0.1972 0.6873
vn -0.5629 0.7874 0.2513
vn -0.6409 -0.3415 0.6875
vn -0.5735 -0.1190 0.8105
vn -0.5921 -0.1354 0.7944
vn -0.2337 -0.2151 0.9482
vn 0.7249 0.4114 -0.5526
vn 0.7836 -0.2602 -0.5642
vn -0.3432 0.4725 0.8117
vn -0.8180 0.1203 -0.5625
vn 0.1303 -0.0116 0.9914
vn -0.0580 0.6024 0.7961
vn -0.2387 0.9421 -0.2357
vn 0.9360 0.3113 -0.1641
vn 0.6991 0.1972 0.6873
vn -0.7509 0.3391 0.5667
vn -0.5605 0.5959 0.5751
vn 0.2435 0.6189 0.7468
vn 0.4451 0.5862 0.6770
vn 0.6511 0.5044 0.5671
vn -0.9618 -0.0170 0.2732
vn 0.5430 -0.3986 0.7391
vn -0.1958 0.7240 -0.6614
vn 0.0357 -0.7951 -0.6054
vn 0.1808 0.7957 0.5781
vn 0.5200 -0.2413 0.8194
vn 0.1478 -0.6137 0.7756
vn -0.2011 -0.9253 0.3214
vn -0.1242 0.8917 0.4353
vn -0.3503 0.8377 0.4191
vn -0.4600 -0.8764 0.1424
vn -0.6007 -0.7840 0.1565
vn -0.4252 -0.8563 0.2931
vn -0.6182 -0.7515 0.2303
vn -0.4072 0.7814 0.4729
vn -0.4746 0.7612 0.4420
vn -0.2840 0.3582 0.8894
vn -0.2253 0.4321 0.8732
vn 0.3056 -0.4771 0.8240
vn -0.3873 -0.1697 0.9062
vn -0.1500 -0.0727 0.9860
vn -0.4741 -0.0734 0.8774
vn -0.2738 -0.0291 0.9614
vn -0.4002 -0.0666 0.9140
vn -0.3473 0.3014 0.8880
vn -0.4490 0.2220 0.8655
vn 0.6678 0.4387 0.6013
vn -0.0849 0.5298 0.8439
vn -0.1175 0.4939 0.8615
vn -0.1043 0.7046 0.7019
vn -0.0830 0.8334 0.5464
vn -0.2613 0.8149 0.5174
vn 0.1877 0.3316 0.9246
vn 0.1019 -0.9302 0.3526
vn -0.1548 -0.9300 0.3333
vn -0.0000 -0.6230 0.7822
vn -0.0000 -0.1247 0.9922
vn -0.0000 -0.7003 0.7139
vn -0.0000 0.7969 0.6041
vn -0.5789 0.3366 0.7427
vn -0.0000 -0.4615 0.8871
vn -0.0000 -0.5242 0.8516
vn 0.9613 -0.2118 0.1764
vn 0.5719 -0.2638 0.7768
vn -0.3639 -0.7927 -0.4891
vn 0.7509 0.3391 0.5667
vn -0.2435 0.6189 0.7468
vn 0.5605 0.5959 0.5751
vn -0.6511 0.5044 0.5671
vn -0.4451 0.5862 0.6770
vn 0.9618 -0.0170 0.2732
vn -0.1019 -0.9302 0.3526
vn -0.7025 0.4854 -0.5204
vn -0.1808 0.7957 0.5781
vn -0.1478 -0.6137 0.7756
vn -0.5200 -0.2413 0.8194
vn 0.1242 0.8917 0.4353
vn 0.2011 -0.9253 0.3214
vn 0.4600 -0.8764 0.1424
vn 0.3503 0.8377 0.4191
vn 0.6007 -0.7840 0.1565
vn 0.0830 0.8334 0.5464
vn 0.6182 -0.7515 0.2303
vn 0.4252 -0.8563 0.2931
vn 0.4746 0.7612 0.4420
vn 0.4072 0.7814 0.4729
vn 0.1043 0.7046 0.7019
vn 0.0849 0.5298 0.8439
vn 0.2840 0.3582 0.8894
vn -0.3056 -0.4771 0.8240
vn 0.2253 0.4322 0.8732
vn 0.1500 -0.0727 0.9860
vn 0.3873 -0.1697 0.9062
vn -0.5984 0.5717 -0.5613
vn 0.2738 -0.0291 0.9614
vn 0.4741 -0.0734 0.8774
vn 0.4002 -0.0666 0.9140
vn 0.4490 0.2220 0.8655
vn 0.3473 0.3014 0.8880
vn -0.6678 0.4387 0.6013
vn 0.1175 0.4939 0.8615
vn 0.2613 0.8149 0.5174
vn -0.3537 -0.8467 -0.3975
vn 0.1548 -0.9300 0.3333
vn -0.4133 -0.7060 -0.5751
vn -0.9613 -0.2118 0.1764
vn -0.5719 -0.2638 0.7768
vn -0.5058 -0.6111 -0.6088
vn -0.8046 0.0063 -0.5938
vn -0.6259 -0.0013 -0.7799
vn -0.8398 -0.0358 -0.5417
vn -0.8120 -0.0496 -0.5815
vn -0.8529 0.0215 -0.5217
vn -0.8415 -0.0460 -0.5383
vn -0.8922 -0.0202 -0.4512
vn -0.8603 -0.0036 -0.5098
vn -0.0130 0.9992 0.0369
vn -0.1484 -0.9008 -0.4081
vn -0.3086 -0.8272 -0.4696
vn -0.1369 -0.8751 -0.4642
vn -0.1535 -0.8988 -0.4106
vn -0.1027 -0.8500 -0.5166
vn -0.1265 -0.8787 -0.4603
vn -0.0767 -0.8138 -0.5761
vn -0.0948 -0.8521 -0.5148
vn 0.5789 0.3366 0.7427
vn -0.5675 -0.5828 -0.5817
vn 0.0947 0.9950 -0.0302
vn 0.0130 0.9992 0.0369
vn 0.7458 0.3822 -0.5456
vn 0.6047 0.6642 -0.4396
vn -0.2481 0.7771 -0.5784
vn 0.0473 0.9511 0.3053
vn 0.6608 0.5020 -0.5580
vn -0.8219 -0.2817 -0.4952
vn -0.6310 -0.0211 -0.7755
vn -0.8180 0.2635 0.5113
vn -0.7471 0.3548 -0.5621
vn -0.5245 -0.0144 0.8513
vn -0.5594 0.0325 0.8283
vn -0.6322 0.1057 0.7676
vn -0.8601 -0.1014 -0.5000
vn -0.8948 -0.0450 -0.4441
vn -0.7711 -0.2962 -0.5636
vn -0.8378 -0.2197 -0.4998
vn -0.7756 -0.2928 -0.5592
vn -0.7733 -0.2909 -0.5634
vn -0.6474 -0.5328 -0.5451
vn -0.7513 -0.3383 -0.5667
vn 0.6977 0.5343 -0.4772
vn 0.6571 0.7376 -0.1556
vn -0.5124 -0.8522 -0.1062
vn -0.8453 0.4034 -0.3504
vn -0.0357 -0.7951 -0.6054
vn -0.0734 -0.8144 -0.5757
vn -0.4730 0.3735 0.7980
vn -0.2717 0.5523 0.7882
vn -0.6165 -0.4192 0.6664
vn -0.5354 -0.5168 0.6681
vn -0.3196 0.5672 0.7590
vn -0.1277 0.4118 0.9023
vn -0.3455 0.8885 0.3019
vn -0.5205 -0.5648 0.6404
vn -0.4973 -0.6276 0.5990
vn -0.4204 0.8307 0.3650
vn -0.3902 0.8537 0.3449
vn -0.5430 -0.3986 0.7391
vn -0.9204 -0.0495 0.3879
vn -0.5357 -0.5427 0.6469
vn -0.6394 -0.2585 0.7241
vn -0.2290 -0.0220 0.9732
vn -0.1859 -0.2386 0.9532
vn 0.1958 0.7240 -0.6614
vn 0.4551 0.6386 -0.6206
vn 0.7627 0.4327 -0.4806
vn 0.7535 0.3513 -0.5558
vn 0.3444 -0.7150 -0.6084
vn 0.2808 -0.8125 -0.5108
vn 0.5058 -0.6111 -0.6088
vn 0.4133 -0.7060 -0.5751
vn 0.5984 0.5717 -0.5613
vn 0.7025 0.4854 -0.5204
vn 0.3639 -0.7927 -0.4891
vn 0.3537 -0.8467 -0.3975
vn 0.7889 0.5859 0.1853
vn 0.6430 0.4601 -0.6122
vn 0.8453 0.4034 -0.3504
vn 0.5124 -0.8522 -0.1062
vn 0.8219 -0.2817 -0.4952
vn 0.5675 -0.5828 -0.5817
vn -0.1877 0.3316 0.9246
vn -0.2569 0.3344 0.9067
vn -0.2328 0.4046 0.8844
vn -0.2808 -0.8125 -0.5108
vn -0.3444 -0.7150 -0.6084
vn 0.8398 -0.0358 -0.5417
vn 0.6259 -0.0013 -0.7799
vn 0.8046 0.0063 -0.5938
vn 0.8529 0.0215 -0.5217
vn 0.8120 -0.0496 -0.5815
vn 0.8603 -0.0036 -0.5098
vn 0.8922 -0.0202 -0.4512
vn 0.8415 -0.0460 -0.5383
vn 0.1369 -0.8751 -0.4642
vn 0.3086 -0.8272 -0.4696
vn 0.1484 -0.9008 -0.4081
vn 0.1027 -0.8500 -0.5166
vn 0.1535 -0.8988 -0.4106
vn 0.0948 -0.8521 -0.5148
vn 0.0767 -0.8138 -0.5761
vn 0.1265 -0.8787 -0.4603
vn -0.7458 0.3822 -0.5456
vn -0.0947 0.9950 -0.0302
vn -0.0473 0.9511 0.3053
vn 0.2481 0.7771 -0.5784
vn -0.6047 0.6642 -0.4396
vn 0.7471 0.3548 -0.5621
vn 0.8180 0.2635 0.5113
vn 0.6310 -0.0211 -0.7755
vn -0.6608 0.5020 -0.5580
vn -0.7535 0.3513 -0.5558
vn -0.7627 0.4327 -0.4806
vn -0.4551 0.6386 -0.6206
vn 0.5245 -0.0144 0.8513
vn 0.6322 0.1057 0.7676
vn 0.5594 0.0325 0.8283
vn 0.8948 -0.0450 -0.4441
vn 0.8601 -0.1014 -0.5000
vn 0.7756 -0.2928 -0.5592
vn 0.8378 -0.2197 -0.4998
vn 0.7711 -0.2962 -0.5636
vn 0.2328 0.4046 0.8844
vn 0.6474 -0.5328 -0.5451
vn 0.7733 -0.2909 -0.5634
vn 0.7513 -0.3383 -0.5667
vn -0.6977 0.5343 -0.4772
vn -0.6571 0.7376 -0.1556
vn 0.2717 0.5523 0.7882
vn 0.4730 0.3735 0.7980
vn 0.0734 -0.8144 -0.5757
vn 0.6165 -0.4192 0.6664
vn 0.2569 0.3344 0.9067
vn 0.5354 -0.5168 0.6681
vn 0.1277 0.4118 0.9023
vn 0.3196 0.5672 0.7590
vn 0.3455 0.8885 0.3019
vn 0.4973 -0.6276 0.5990
vn 0.5205 -0.5648 0.6404
vn 0.3902 0.8537 0.3449
vn 0.4204 0.8307 0.3650
vn 0.9204 -0.0495 0.3879
vn 0.5357 -0.5427 0.6469
vn 0.6394 -0.2585 0.7241
vn 0.2290 -0.0220 0.9732
vn -0.6430 0.4601 -0.6122
vn -0.7889 0.5859 0.1853
vn 0.1859 -0.2386 0.9532
vn -0.0507 -0.2645 -0.9630
vn -0.0505 0.2572 -0.9650
vn -0.0000 -0.5279 -0.8493
vn 0.0507 -0.2645 -0.9630
vn 0.0505 0.2572 -0.9650
vn 0.1013 0.7076 0.6993
vn -0.1013 0.7076 0.6993
vn 0.1275 0.2478 0.9604
vn -0.1275 0.2478 0.9604
vn -0.1152 0.8896 0.4421
vn 0.0603 0.4509 0.8905
vn 0.1152 0.8896 0.4421
vn -0.0603 0.4509 0.8905
vn -0.7803 0.1067 0.6162
vn -0.8295 0.0790 0.5529
vn -0.9921 0.1255 -0.0055
vn -0.6096 0.1960 0.7681
vn -0.6264 0.7773 0.0581
vn -0.8317 0.4954 0.2506
vn -0.5151 0.2358 0.8241
vn -0.1207 0.2697 0.9554
vn 0.7809 0.6066 0.1490
vn 0.6094 0.7565 0.2373
vn -0.0204 0.2626 0.9647
vn 0.1849 0.2198 0.9579
vn 0.6302 0.7760 0.0254
vn 0.3768 0.2880 0.8804
vn 0.7313 0.5917 0.3394
vn -0.0872 0.5242 0.8471
vn -0.3073 0.1660 0.9370
vn -0.1530 0.7587 0.6332
vn -0.3441 0.0150 0.9388
vn -0.1363 0.6848 0.7158
vn -0.2971 0.0144 0.9547
vn -0.3167 0.5764 0.7533
vn -0.2941 -0.0488 0.9545
vn 0.3323 0.0389 0.9424
vn 0.3047 0.1711 0.9370
vn 0.1530 0.7587 0.6332
vn 0.1363 0.6848 0.7158
vn -0.2151 -0.2677 0.9392
vn 0.0235 -0.2597 0.9654
vn -0.3257 0.1911 0.9260
vn 0.3485 0.4344 0.8306
vn -0.3472 -0.7164 0.6051
vn 0.1519 0.5633 0.8121
vn -0.2127 0.6220 0.7535
vn -0.2776 -0.3166 0.9070
vn -0.7013 -0.0760 0.7088
vn -0.2171 -0.0953 0.9715
vn -0.0178 0.0114 0.9998
vn -0.4595 0.2856 0.8410
vn -0.7653 -0.4865 0.4214
vn 0.0008 0.1134 0.9935
vn -0.4848 -0.0811 0.8709
vn -0.7699 -0.2363 0.5927
vn -0.1406 0.6486 0.7481
vn -0.1359 0.2010 0.9701
vn -0.0180 0.6594 0.7516
vn -0.2392 0.1850 0.9532
vn 0.2902 -0.6237 0.7258
vn -0.2902 -0.6237 0.7258
vn -0.3543 -0.4862 0.7988
vn 0.3543 -0.4862 0.7988
vn -0.2901 -0.6714 0.6819
vn 0.2691 -0.6743 0.6877
vn -0.2304 -0.7718 0.5926
vn 0.2288 -0.7571 0.6119
vn 0.5870 -0.0951 0.8040
vn -0.5382 0.6596 0.5247
vn -0.5994 -0.0979 0.7945
vn 0.5378 0.6551 0.5307
vn 0.3739 -0.3000 0.8776
vn -0.2856 -0.3194 0.9036
vn -0.2204 -0.3755 0.9002
vn 0.2204 -0.3755 0.9002
vn 0.6336 0.7736 0.0058
vn -0.4050 0.2743 0.8722
vn 0.5078 0.8595 -0.0589
vn -0.6285 0.4092 0.6615
vn 0.9458 0.2318 0.2275
vn -0.4662 -0.1695 0.8683
vn -0.3473 -0.1878 0.9188
vn 0.8332 -0.5277 0.1652
vn 0.2993 -0.9415 -0.1551
vn -0.7800 -0.2842 0.5575
vn -0.6555 -0.2706 0.7051
vn -0.0617 -0.9799 -0.1896
vn 0.3718 0.9248 -0.0805
vn -0.7489 0.2673 0.6064
vn 0.2312 0.9688 -0.0898
vn -0.7577 0.1655 0.6313
vn -0.1973 -0.9629 -0.1840
vn -0.8120 -0.3522 0.4654
vn -0.8249 -0.2866 0.4873
vn -0.2944 -0.9515 -0.0899
vn -0.1342 -0.9906 -0.0246
vn -0.4400 -0.6212 0.6485
vn -0.6788 -0.4880 0.5487
vn 0.0916 -0.9958 0.0061
vn 0.1969 0.9726 -0.1240
vn -0.6729 0.1316 0.7280
vn 0.1877 0.9701 -0.1541
vn -0.4941 0.0595 0.8673
vn 0.0967 0.9786 -0.1816
vn -0.0878 0.9772 -0.1932
vn -0.2074 0.0706 0.9757
vn 0.1876 0.0428 0.9813
vn 0.2421 -0.9702 0.0046
vn -0.0974 -0.6637 0.7416
vn -0.2421 -0.9702 0.0046
vn 0.0974 -0.6637 0.7416
vn 0.7803 0.1067 0.6162
vn 0.8295 0.0790 0.5529
vn 0.9921 0.1255 -0.0055
vn 0.6096 0.1960 0.7681
vn 0.8317 0.4954 0.2506
vn 0.5151 0.2358 0.8241
vn 0.6264 0.7773 0.0581
vn 0.0879 0.2615 0.9612
vn -0.6094 0.7565 0.2373
vn -0.0984 0.2221 0.9700
vn -0.7809 0.6066 0.1490
vn -0.4500 0.2865 -0.8458
vn -0.6312 0.7753 -0.0237
vn -0.9458 0.2318 0.2275
vn -0.3714 -0.0788 -0.9251
vn -0.5355 -0.3385 -0.7737
vn -0.0916 -0.9958 0.0061
vn -0.3578 -0.4857 -0.7976
vn -0.7731 -0.0436 -0.6328
vn -0.1976 0.9682 -0.1536
vn -0.2442 0.9622 -0.1208
vn -0.7016 0.0163 -0.7124
vn 0.0559 0.3039 0.9511
vn 0.0025 0.4486 0.8937
vn -0.6302 0.7760 0.0254
vn -0.7313 0.5917 0.3394
vn 0.2746 0.1561 0.9488
vn 0.0872 0.5242 0.8471
vn 0.3045 0.1659 0.9379
vn 0.2971 0.0144 0.9547
vn 0.3221 0.5743 0.7526
vn 0.2941 -0.0488 0.9545
vn 0.4032 -0.1134 0.9080
vn -0.3485 0.4344 0.8306
vn -0.0235 -0.2597 0.9654
vn -0.2771 0.1970 0.9404
vn 0.4754 -0.6356 0.6083
vn 0.2127 0.6220 0.7535
vn 0.3954 -0.2598 0.8810
vn 0.3364 -0.4685 0.8169
vn 0.7715 -0.0387 0.6351
vn -0.1707 0.0193 0.9851
vn 0.4595 0.2856 0.8410
vn 0.2171 -0.0953 0.9715
vn 0.4112 -0.1490 0.8993
vn 0.0301 0.1928 0.9808
vn 0.8459 -0.2408 0.4760
vn -0.0363 0.1228 0.9918
vn 0.1406 0.6486 0.7481
vn 0.2392 0.1850 0.9532
vn 0.1359 0.2010 0.9701
vn 0.1282 0.7051 0.6974
vn 0.6747 0.2641 0.6892
vn 0.4050 0.2743 0.8722
vn -0.5081 0.8592 -0.0596
vn -0.7662 -0.0704 -0.6387
vn 0.0617 -0.9799 -0.1896
vn 0.1973 -0.9629 -0.1840
vn -0.7342 -0.0572 -0.6765
vn 0.8546 -0.3044 0.4207
vn 0.8983 0.0445 0.4370
vn -0.0068 0.7293 0.6842
vn -0.0104 0.7101 -0.7041
vn 0.0068 0.7293 0.6842
vn 0.0104 0.7101 -0.7041
vn 0.0992 -0.9881 0.1173
vn 0.0221 -0.1655 -0.9860
vn -0.0221 -0.1655 -0.9860
vn -0.0714 -0.9891 0.1290
vn -0.6971 -0.6904 0.1932
vn -0.5944 -0.7734 0.2201
vn -0.2452 -0.0766 -0.9664
vn 0.1515 -0.4169 -0.8962
vn -0.3723 0.0491 -0.9268
vn -0.0352 -0.1009 -0.9943
vn -0.8524 0.1257 0.5076
vn -0.9910 0.1338 0.0112
vn -0.9441 -0.1004 0.3140
vn -0.3558 0.0330 -0.9340
vn -0.9570 -0.0453 0.2866
vn -0.3392 0.0142 -0.9406
vn -0.9833 0.1313 0.1259
vn -0.1638 -0.1973 -0.9666
vn -0.1938 -0.4565 -0.8684
vn -0.9864 0.0211 0.1628
vn -0.2708 -0.0844 -0.9589
vn -0.9886 0.0811 0.1270
vn -0.2289 -0.1421 -0.9630
vn -0.9742 0.0256 0.2244
vn -0.3229 -0.0248 -0.9461
vn -0.9846 0.0651 0.1624
vn -0.2950 -0.0367 -0.9548
vn 0.1932 0.2374 0.9520
vn 0.2717 0.1078 0.9563
vn 0.2864 0.1291 0.9494
vn -0.5185 -0.8168 0.2532
vn 0.2866 -0.4747 -0.8322
vn -0.5385 -0.8034 0.2539
vn 0.3050 -0.4998 -0.8107
vn -0.3985 -0.8843 0.2434
vn 0.2097 -0.3806 -0.9007
vn -0.4703 -0.8467 0.2488
vn 0.2485 -0.4311 -0.8674
vn -0.2849 -0.9349 0.2116
vn 0.1404 -0.2897 -0.9468
vn -0.3407 -0.9115 0.2306
vn 0.1778 -0.3350 -0.9253
vn 0.6223 -0.0033 0.7828
vn 0.5194 -0.1772 0.8360
vn 0.3473 -0.1878 0.9188
vn 0.4682 -0.4230 0.7758
vn 0.4941 0.0595 0.8673
vn 0.1543 -0.4809 0.8631
vn 0.2552 0.1504 -0.9551
vn 0.2468 0.1604 -0.9557
vn 0.6018 0.3068 -0.7374
vn 0.3202 -0.0263 -0.9470
vn -0.3642 0.1064 -0.9252
vn 0.3398 0.3042 -0.8900
vn -0.8247 0.0549 0.5630
vn -0.7699 -0.0119 0.6380
vn -0.2074 -0.0020 0.9782
vn -0.2821 -0.0047 0.9594
vn -0.7716 0.2665 0.5777
vn -0.8335 0.0656 0.5486
vn -0.4954 0.3112 0.8110
vn -0.3479 0.0801 0.9341
vn -0.9365 -0.2470 0.2487
vn -0.2752 -0.0779 -0.9582
vn -0.9558 -0.1576 0.2480
vn -0.3465 0.0088 -0.9380
vn -0.8802 -0.4472 0.1591
vn -0.2360 0.0267 -0.9714
vn -0.9171 -0.3458 0.1986
vn -0.2173 -0.0937 -0.9716
vn -0.7764 -0.6036 0.1815
vn -0.3438 0.0776 -0.9358
vn -0.8320 -0.5305 0.1622
vn -0.3011 0.0929 -0.9491
vn 0.0134 -0.3380 0.9410
vn -0.2266 -0.2253 0.9476
vn -0.3248 -0.4649 0.8236
vn -0.1821 -0.3824 0.9059
vn 0.5809 0.6102 0.5387
vn 0.3872 0.4269 0.8172
vn -0.6613 0.6958 0.2804
vn -0.5848 0.5236 0.6196
vn -0.1749 -0.7146 0.6773
vn -0.8313 -0.2859 0.4766
vn -0.2086 -0.6658 0.7164
vn -0.7989 -0.3524 0.4875
vn 0.4157 0.4768 -0.7745
vn 0.0694 0.7499 0.6580
vn 0.0830 0.6944 -0.7148
vn -0.1711 -0.9733 0.1533
vn 0.0584 -0.1983 -0.9784
vn -0.2247 -0.9568 0.1846
vn 0.0932 -0.2411 -0.9660
vn -0.2380 0.7085 0.6643
vn -0.3494 0.2869 0.8920
vn -0.1194 0.7028 0.7013
vn -0.0777 0.1681 0.9827
vn -0.3535 0.0265 0.9350
vn -0.3693 0.6251 0.6876
vn 0.2066 -0.6845 0.6991
vn -0.1534 0.9389 0.3082
vn -0.8266 0.5157 0.2254
vn -0.1383 0.9523 0.2719
vn -0.5867 0.7346 0.3409
vn -0.7533 -0.4416 0.4874
vn -0.7650 -0.2885 0.5758
vn 0.1383 0.9523 0.2719
vn -0.8983 0.0445 0.4370
vn -0.8716 0.4341 0.2276
vn -0.7352 -0.2691 0.6222
vn -0.8323 -0.2003 0.5168
vn -0.1543 -0.4809 0.8631
vn 0.7016 0.0163 -0.7124
vn 0.5444 0.1134 -0.8311
vn -0.2319 0.1873 -0.9545
vn 0.2319 0.1873 -0.9545
vn 0.3714 -0.0788 -0.9251
vn 0.6530 -0.1913 -0.7328
vn 0.7731 -0.0436 -0.6328
vn 0.7710 -0.1192 -0.6256
vn 0.5355 -0.3385 -0.7737
vn 0.6107 -0.2747 -0.7427
vn 0.7662 -0.0704 -0.6387
vn 0.6924 -0.2360 -0.6818
vn 0.5897 0.0905 -0.8025
vn 0.7342 -0.0572 -0.6765
vn 0.3578 -0.4857 -0.7976
vn 0.4601 0.1519 -0.8748
vn 0.4500 0.2865 -0.8458
vn -0.1456 0.0341 0.9887
vn 0.0789 -0.0987 0.9920
vn -0.3047 0.1711 0.9370
vn -0.2864 0.1291 0.9494
vn -0.3323 0.0389 0.9424
vn -0.2400 0.1511 0.9590
vn -0.8332 -0.5277 0.1652
vn 0.3467 -0.1799 0.9206
vn -0.2993 -0.9415 -0.1551
vn 0.5573 -0.3631 0.7467
vn 0.7293 -0.4071 0.5499
vn -0.3698 0.9259 -0.0774
vn 0.7500 0.1139 0.6516
vn 0.7581 0.1654 0.6308
vn 0.8162 -0.3194 0.4815
vn 0.2944 -0.9515 -0.0899
vn 0.8120 -0.3522 0.4654
vn 0.1342 -0.9906 -0.0246
vn 0.6788 -0.4880 0.5487
vn 0.4400 -0.6212 0.6485
vn 0.6524 0.0837 0.7533
vn -0.1795 0.9675 -0.1782
vn 0.6971 -0.6904 0.1932
vn 0.2452 -0.0766 -0.9664
vn 0.5818 -0.7783 0.2362
vn -0.1515 -0.4169 -0.8962
vn 0.3723 0.0491 -0.9268
vn 0.0352 -0.1009 -0.9943
vn 0.8524 0.1257 0.5076
vn 0.9910 0.1338 0.0112
vn 0.9441 -0.1004 0.3140
vn 0.9570 -0.0453 0.2866
vn 0.3558 0.0330 -0.9340
vn 0.3392 0.0142 -0.9406
vn 0.1638 -0.1973 -0.9666
vn 0.1938 -0.4565 -0.8684
vn 0.9834 0.1323 0.1245
vn 0.9864 0.0211 0.1628
vn 0.9886 0.0811 0.1270
vn 0.2708 -0.0844 -0.9589
vn 0.2289 -0.1421 -0.9630
vn 0.9846 0.0651 0.1624
vn 0.3229 -0.0248 -0.9461
vn 0.2950 -0.0367 -0.9548
vn 0.9742 0.0256 0.2244
vn 0.5469 -0.8016 0.2416
vn -0.2866 -0.4747 -0.8322
vn -0.3050 -0.4998 -0.8107
vn 0.5385 -0.8125 0.2232
vn 0.4232 -0.8812 0.2107
vn 0.4947 -0.8425 0.2132
vn -0.2097 -0.3806 -0.9006
vn -0.2485 -0.4311 -0.8674
vn 0.3727 -0.9070 0.1962
vn -0.1404 -0.2897 -0.9468
vn -0.1778 -0.3350 -0.9253
vn 0.3383 -0.9254 0.1708
vn -0.2552 0.1504 -0.9551
vn -0.2467 0.1604 -0.9557
vn -0.6018 0.3069 -0.7374
vn -0.3202 -0.0263 -0.9470
vn -0.6107 -0.2747 -0.7427
vn -0.6924 -0.2360 -0.6818
vn 0.3642 0.1064 -0.9252
vn -0.3398 0.3042 -0.8900
vn 0.0544 0.9444 0.3243
vn 0.5865 0.7347 0.3409
vn 0.6613 0.6958 0.2804
vn 0.7699 -0.0119 0.6380
vn 0.2074 -0.0020 0.9782
vn 0.8247 0.0549 0.5630
vn 0.2821 -0.0047 0.9594
vn 0.8335 0.0656 0.5486
vn 0.4954 0.3112 0.8110
vn 0.7902 0.2219 0.5712
vn 0.3479 0.0801 0.9341
vn -0.6530 -0.1913 -0.7328
vn -0.7710 -0.1192 -0.6256
vn -0.5444 0.1134 -0.8311
vn 0.9558 -0.1576 0.2480
vn 0.2752 -0.0779 -0.9582
vn 0.3465 0.0088 -0.9380
vn 0.9561 -0.2146 0.1995
vn 0.8802 -0.4472 0.1591
vn 0.9262 -0.3319 0.1786
vn 0.2360 0.0267 -0.9714
vn 0.2173 -0.0937 -0.9716
vn 0.8320 -0.5305 0.1622
vn 0.3438 0.0776 -0.9358
vn 0.3011 0.0929 -0.9491
vn 0.7764 -0.6036 0.1815
vn -0.0087 -0.2946 0.9556
vn 0.2266 -0.2253 0.9476
vn 0.1821 -0.3824 0.9059
vn 0.2490 -0.4157 0.8748
vn -0.5907 0.6153 0.5219
vn -0.3872 0.4269 0.8172
vn 0.5848 0.5236 0.6196
vn 0.1749 -0.7146 0.6773
vn 0.7989 -0.3524 0.4875
vn 0.8313 -0.2859 0.4766
vn -0.0694 0.7499 0.6580
vn -0.4157 0.4768 -0.7745
vn -0.0830 0.6944 -0.7148
vn 0.2342 -0.9644 0.1226
vn 0.2964 -0.9442 0.1435
vn -0.0584 -0.1983 -0.9784
vn -0.0932 -0.2411 -0.9660
vn 0.2380 0.7085 0.6643
vn 0.1194 0.7028 0.7013
vn 0.0777 0.1681 0.9827
vn 0.3494 0.2869 0.8920
vn 0.3535 0.0265 0.9350
vn 0.3693 0.6251 0.6876
vn 0.8266 0.5157 0.2254
vn 0.7533 -0.4416 0.4874
vn 0.8649 0.4422 0.2376
vn 0.6151 -0.2973 0.7302
vn 0.7912 0.0534 0.6092
vn 0.8323 -0.2003 0.5168
vn -0.5897 0.0905 -0.8025
vn -0.4601 0.1519 -0.8748
vn -0.3191 -0.0133 0.9476
vn -0.7204 -0.0898 0.6878
vn -0.1015 -0.0291 0.9944
vn -0.6549 0.6736 0.3427
vn -0.6151 -0.2973 0.7302
vn -0.5907 -0.0017 0.8069
vn -0.5194 -0.1772 0.8360
vn -0.4680 -0.4195 0.7778
vn -0.1932 0.2374 0.9520
vn -0.2971 0.0945 0.9502
vn 0.6549 0.6736 0.3427
vn -0.1337 -0.0792 0.9879
vn 0.1456 0.0341 0.9887
vn 0.1809 0.1427 0.9731
vn 0.2950 0.0070 0.9555
vn 0.7284 -0.0754 0.6809
vn 0.1015 -0.0291 0.9944
vn -0.4464 -0.0102 -0.8948
vn -0.4422 0.1821 -0.8782
vn -0.2716 0.1385 -0.9524
vn -0.8129 -0.1927 -0.5496
vn 0.3029 -0.1090 -0.9468
vn 0.3826 0.2246 -0.8962
vn 0.3490 -0.1041 -0.9313
vn 0.3929 -0.0585 -0.9177
vn 0.3959 0.2379 -0.8869
vn 0.3342 0.1964 -0.9218
vn 0.1786 -0.0991 -0.9789
vn 0.2492 -0.1195 -0.9610
vn 0.4699 -0.1772 -0.8647
vn 0.7691 -0.2341 -0.5947
vn 0.5428 -0.2266 -0.8087
vn 0.3880 -0.1591 -0.9078
vn 0.2970 -0.1466 -0.9436
vn 0.1590 -0.3729 -0.9142
vn 0.1315 -0.4757 -0.8697
vn 0.0316 -0.6308 -0.7753
vn 0.0194 -0.6097 -0.7924
vn 0.3553 -0.0182 -0.9346
vn 0.1611 -0.1012 -0.9817
vn 0.3543 -0.0269 -0.9347
vn 0.1048 0.0143 -0.9944
vn 0.1717 -0.0713 -0.9826
vn 0.4410 -0.0156 -0.8974
vn 0.6444 0.3992 -0.6522
vn 0.5523 0.3051 -0.7758
vn 0.5265 0.1370 -0.8391
vn 0.6804 0.1388 -0.7196
vn 0.6459 -0.0251 -0.7630
vn 0.6006 0.0049 -0.7995
vn 0.6391 0.0004 -0.7691
vn 0.5995 -0.0045 -0.8004
vn 0.6228 0.7313 -0.2779
vn 0.5654 0.7798 -0.2687
vn 0.6416 0.6954 -0.3236
vn 0.7119 0.6518 -0.2614
vn 0.8112 0.5134 -0.2799
vn 0.7507 0.4340 -0.4982
vn 0.7573 0.2426 -0.6064
vn 0.8636 0.3724 -0.3398
vn 0.8849 0.2636 -0.3841
vn 0.7513 0.0958 -0.6530
vn 0.6938 0.0519 -0.7183
vn 0.8941 0.1463 -0.4233
vn 0.8713 0.1172 -0.4765
vn 0.6451 0.0355 -0.7633
vn 0.6131 0.0783 -0.7861
vn 0.7871 0.1319 -0.6025
vn 0.5601 0.0257 -0.8280
vn 0.6284 -0.0726 -0.7745
vn 0.5027 -0.2978 -0.8116
vn 0.5398 -0.1474 -0.8288
vn 0.6042 -0.2640 -0.7518
vn 0.5749 -0.3507 -0.7393
vn 0.4155 -0.6101 -0.6746
vn 0.3757 -0.4555 -0.8071
vn 0.2471 0.9222 -0.2974
vn 0.1035 0.9519 -0.2885
vn 0.1205 0.9142 -0.3869
vn 0.3086 0.8700 -0.3845
vn 0.4636 0.7989 -0.3832
vn 0.4124 0.8161 -0.4048
vn 0.4997 0.7097 -0.4966
vn 0.4670 0.7226 -0.5097
vn 0.5551 0.7900 -0.2602
vn 0.5298 0.7821 -0.3280
vn 0.5474 0.6137 -0.5690
vn 0.6144 0.6531 -0.4427
vn 0.3696 0.8521 -0.3705
vn 0.3184 0.8906 -0.3247
vn 0.4207 0.8172 -0.3941
vn 0.4862 0.7653 -0.4219
vn 0.6693 -0.3599 -0.6500
vn 0.7453 -0.2242 -0.6280
vn 0.5003 -0.6470 -0.5754
vn 0.4192 -0.6691 -0.6137
vn 0.3773 -0.5957 -0.7090
vn 0.5607 -0.2163 -0.7993
vn 0.4843 -0.0978 -0.8694
vn 0.3674 -0.1046 -0.9241
vn 0.5116 -0.0062 -0.8592
vn 0.3789 0.0243 -0.9251
vn 0.3697 0.0515 -0.9277
vn 0.3795 -0.0166 -0.9250
vn 0.2164 -0.1289 -0.9678
vn 0.1421 -0.5722 -0.8077
vn -0.3227 0.0794 -0.9432
vn -0.3214 0.0184 -0.9467
vn -0.3274 0.0592 -0.9430
vn 0.7648 -0.4715 -0.4390
vn 0.8691 -0.1083 -0.4825
vn 0.9114 -0.0445 -0.4092
vn 0.8444 -0.3433 -0.4112
vn 0.9118 -0.2471 -0.3279
vn 0.9452 0.0301 -0.3250
vn 0.9280 0.0842 -0.3628
vn 0.9589 -0.1751 -0.2234
vn 0.6850 -0.6789 -0.2642
vn 0.7705 -0.5463 -0.3286
vn 0.8514 -0.4364 -0.2910
vn 0.7171 -0.6144 -0.3291
vn 0.4440 0.1085 -0.8894
vn 0.4047 0.2088 -0.8903
vn 0.4927 0.0767 -0.8668
vn 0.4477 0.1576 -0.8802
vn 0.6093 -0.0038 -0.7929
vn 0.5272 -0.0134 -0.8496
vn 0.4347 0.0833 -0.8967
vn 0.4742 0.1124 -0.8732
vn 0.5369 0.3011 -0.7881
vn 0.6122 0.5454 -0.5724
vn 0.7148 0.2599 -0.6493
vn 0.6426 0.0860 -0.7614
vn 0.6339 -0.0912 -0.7680
vn 0.5971 -0.0544 -0.8003
vn 0.5942 0.2497 -0.7646
vn 0.7155 0.1101 -0.6899
vn 0.8089 -0.0811 -0.5823
vn 0.7656 -0.0979 -0.6359
vn 0.8083 0.0369 -0.5877
vn 0.7982 -0.0663 -0.5987
vn 0.5793 0.6689 -0.4658
vn 0.5010 0.7414 -0.4466
vn 0.5769 0.5385 -0.6141
vn 0.6848 0.4227 -0.5936
vn 0.3591 0.8148 -0.4552
vn 0.1351 0.8728 -0.4690
vn 0.1461 0.7017 -0.6974
vn 0.4040 0.6323 -0.6610
vn 0.5518 0.1622 -0.8181
vn 0.5505 0.1123 -0.8272
vn 0.6824 -0.0633 -0.7282
vn 0.7549 0.0735 -0.6517
vn 0.7736 0.2146 -0.5963
vn 0.6880 0.2991 -0.6612
vn 0.7811 0.0977 -0.6167
vn 0.8370 0.0730 -0.5424
vn 0.7279 0.2092 -0.6530
vn 0.6109 0.3180 -0.7250
vn 0.6060 0.3385 -0.7198
vn 0.0926 -0.3461 -0.9336
vn 0.2795 -0.0787 -0.9569
vn 0.3005 -0.1757 -0.9375
vn 0.2567 -0.2249 -0.9400
vn 0.2523 -0.2325 -0.9393
vn 0.2577 0.0362 -0.9656
vn 0.3653 0.1469 -0.9192
vn 0.2717 0.0976 -0.9574
vn 0.3020 0.0123 -0.9532
vn 0.3648 0.1765 -0.9142
vn 0.3134 -0.0440 -0.9486
vn 0.2279 0.0054 -0.9737
vn 0.1870 -0.3131 -0.9311
vn 0.3439 -0.0867 -0.9350
vn 0.1752 -0.0496 -0.9833
vn 0.0499 -0.0768 -0.9958
vn 0.4642 0.1709 -0.8691
vn 0.4082 0.2182 -0.8864
vn 0.4012 0.2581 -0.8789
vn 0.2661 0.1609 -0.9504
vn 0.2345 0.1470 -0.9609
vn 0.1029 -0.1487 -0.9835
vn 0.3699 -0.0398 -0.9282
vn 0.1479 0.0266 -0.9886
vn 0.3947 -0.1773 -0.9015
vn 0.5249 0.0778 -0.8476
vn 0.3706 0.1643 -0.9142
vn 0.2472 0.4177 -0.8743
vn 0.1816 -0.1387 -0.9735
vn 0.3229 0.0180 -0.9463
vn 0.3264 0.0132 -0.9451
vn 0.4464 -0.0102 -0.8948
vn 0.2398 -0.1201 -0.9634
vn 0.3209 0.0797 -0.9437
vn 0.3274 0.0592 -0.9430
vn 0.8129 -0.1927 -0.5496
vn -0.3403 -0.0340 -0.9397
vn -0.3929 -0.0585 -0.9177
vn -0.3826 0.2246 -0.8962
vn -0.3029 -0.1090 -0.9468
vn -0.1960 -0.1273 -0.9723
vn -0.2484 -0.1137 -0.9620
vn -0.3285 0.2439 -0.9125
vn -0.3923 0.3391 -0.8550
vn -0.5428 -0.2266 -0.8087
vn -0.7691 -0.2341 -0.5947
vn -0.4699 -0.1772 -0.8647
vn -0.3880 -0.1591 -0.9078
vn -0.2191 -0.0944 -0.9711
vn 0.0511 -0.1778 -0.9827
vn -0.0176 -0.3991 -0.9168
vn -0.3553 -0.0182 -0.9346
vn -0.1611 -0.1012 -0.9817
vn 0.1171 -0.5686 -0.8142
vn 0.0423 -0.6099 -0.7913
vn -0.3543 -0.0269 -0.9347
vn -0.1048 0.0143 -0.9944
vn -0.6598 0.3845 -0.6456
vn -0.4978 0.3422 -0.7970
vn -0.4410 -0.0156 -0.8974
vn -0.1717 -0.0713 -0.9826
vn -0.5996 0.0085 -0.8003
vn -0.6393 -0.0283 -0.7685
vn -0.6482 0.1656 -0.7433
vn -0.5946 0.0916 -0.7988
vn -0.2472 0.4177 -0.8743
vn -0.3706 0.1643 -0.9142
vn -0.4421 0.0605 -0.8949
vn -0.5599 0.0283 -0.8281
vn -0.6391 0.0004 -0.7691
vn -0.6416 0.6954 -0.3236
vn -0.7119 0.6518 -0.2614
vn -0.5654 0.7798 -0.2687
vn -0.6228 0.7313 -0.2779
vn -0.7403 0.2551 -0.6220
vn -0.8465 0.3905 -0.3618
vn -0.7106 0.4713 -0.5224
vn -0.7850 0.5421 -0.2998
vn -0.6395 0.0885 -0.7637
vn -0.8605 0.1832 -0.4753
vn -0.6908 0.1318 -0.7109
vn -0.8683 0.2800 -0.4094
vn -0.6131 0.0783 -0.7861
vn -0.7871 0.1319 -0.6025
vn -0.6451 0.0355 -0.7633
vn -0.8713 0.1172 -0.4765
vn -0.3613 -0.1430 -0.9214
vn -0.3943 -0.0451 -0.9179
vn -0.5505 0.0110 -0.8348
vn -0.5601 0.0257 -0.8280
vn -0.2582 -0.4704 -0.8438
vn -0.2413 -0.3071 -0.9206
vn -0.5267 -0.2897 -0.7992
vn -0.4526 -0.0890 -0.8873
vn -0.1205 0.9142 -0.3869
vn -0.3086 0.8700 -0.3845
vn -0.1035 0.9519 -0.2885
vn -0.2471 0.9222 -0.2974
vn -0.4997 0.7097 -0.4966
vn -0.5579 0.6116 -0.5610
vn -0.4124 0.8161 -0.4048
vn -0.4417 0.8153 -0.3744
vn -0.4918 0.6666 -0.5602
vn -0.5628 0.6983 -0.4423
vn -0.4880 0.8135 -0.3165
vn -0.5551 0.7900 -0.2602
vn -0.4207 0.8172 -0.3941
vn -0.4862 0.7653 -0.4219
vn -0.3184 0.8906 -0.3247
vn -0.3696 0.8521 -0.3705
vn -0.4958 -0.6464 -0.5800
vn -0.3524 -0.6212 -0.6999
vn -0.7955 -0.2668 -0.5440
vn -0.6287 -0.3267 -0.7056
vn -0.5607 -0.2163 -0.7993
vn -0.3651 -0.4995 -0.7856
vn -0.3798 0.0244 -0.9247
vn -0.3524 0.0300 -0.9354
vn -0.3674 -0.1046 -0.9241
vn -0.3672 -0.0394 -0.9293
vn -0.1692 -0.1001 -0.9805
vn -0.2586 0.0434 -0.9650
vn -0.2834 0.1941 -0.9392
vn 0.0126 -0.4973 -0.8675
vn -0.9114 -0.0445 -0.4092
vn -0.8444 -0.3433 -0.4112
vn -0.8691 -0.1083 -0.4825
vn -0.7648 -0.4715 -0.4390
vn -0.9452 0.0301 -0.3250
vn -0.9118 -0.2471 -0.3279
vn -0.9589 -0.1751 -0.2234
vn -0.9339 0.1726 -0.3133
vn -0.6850 -0.6789 -0.2642
vn -0.7705 -0.5463 -0.3286
vn -0.7171 -0.6144 -0.3291
vn -0.8514 -0.4364 -0.2910
vn -0.4927 0.0767 -0.8668
vn -0.4259 0.1254 -0.8961
vn -0.4047 0.2088 -0.8903
vn -0.4795 0.1654 -0.8618
vn -0.4750 0.1210 -0.8716
vn -0.5641 0.1462 -0.8126
vn -0.6017 0.0928 -0.7933
vn -0.6188 0.0025 -0.7856
vn -0.7148 0.2599 -0.6493
vn -0.6426 0.0860 -0.7614
vn -0.6122 0.5454 -0.5724
vn -0.5369 0.3011 -0.7881
vn -0.7120 0.1019 -0.6948
vn -0.7511 -0.0633 -0.6572
vn -0.6311 -0.0942 -0.7700
vn -0.6681 -0.2009 -0.7164
vn -0.7714 -0.1216 -0.6247
vn -0.8055 -0.0392 -0.5913
vn -0.7777 0.0555 -0.6262
vn -0.8162 -0.0402 -0.5764
vn -0.5010 0.7414 -0.4466
vn -0.5793 0.6689 -0.4658
vn -0.3591 0.8148 -0.4552
vn -0.1351 0.8728 -0.4690
vn -0.6848 0.4227 -0.5936
vn -0.5769 0.5385 -0.6141
vn -0.4040 0.6323 -0.6610
vn -0.1461 0.7017 -0.6974
vn -0.5314 0.0968 -0.8416
vn -0.6377 0.1772 -0.7496
vn -0.7549 0.0735 -0.6517
vn -0.6824 -0.0633 -0.7282
vn -0.7646 0.1979 -0.6134
vn -0.8190 0.0525 -0.5714
vn -0.7306 0.2287 -0.6434
vn -0.8267 0.1229 -0.5490
vn -0.7279 0.2092 -0.6530
vn -0.6109 0.3180 -0.7250
vn -0.6060 0.3385 -0.7198
vn -0.3293 -0.1543 -0.9315
vn -0.2795 -0.0787 -0.9569
vn -0.2567 -0.2249 -0.9400
vn -0.3005 -0.1757 -0.9375
vn -0.2523 -0.2325 -0.9393
vn -0.2577 0.0362 -0.9656
vn -0.3653 0.1469 -0.9192
vn -0.3020 0.0123 -0.9532
vn -0.2717 0.0976 -0.9574
vn -0.2290 0.0066 -0.9734
vn -0.3648 0.1765 -0.9142
vn -0.3119 0.0068 -0.9501
vn -0.3440 -0.0185 -0.9388
vn -0.2893 -0.1183 -0.9499
vn -0.1752 -0.0496 -0.9833
vn -0.0499 -0.0768 -0.9958
vn -0.4042 -0.0565 -0.9129
vn -0.5181 0.2651 -0.8132
vn -0.3856 0.2442 -0.8898
vn -0.2661 0.1609 -0.9504
vn -0.2345 0.1470 -0.9609
vn -0.3602 0.0295 -0.9324
vn -0.5087 0.0902 -0.8562
vn -0.3558 0.0332 -0.9340
vn -0.2561 -0.0046 -0.9666
vn 0.2573 -0.2034 -0.9447
vn -0.0065 -0.3031 -0.9529
vn -0.1139 -0.4456 -0.8879
vn -0.0000 0.4327 -0.9015
vn -0.0000 -0.4526 -0.8917
vn -0.0000 0.1148 -0.9934
vn -0.0663 0.4315 -0.8997
vn 0.7340 -0.4017 0.5476
vn 0.0065 -0.3031 -0.9529
vn 0.1139 -0.4456 -0.8879
vn -0.6410 0.3343 -0.6909
vn 0.4008 0.6250 0.6699
vn 0.1056 -0.7749 -0.6231
vn 0.9482 -0.3118 -0.0605
vn -0.3541 -0.4665 -0.8106
vn -0.6006 0.1379 -0.7876
vn -0.2303 0.2165 -0.9487
vn 0.3443 -0.5159 0.7844
vn 0.5470 0.0405 -0.8361
vn -0.4640 -0.4135 -0.7834
vn 0.1743 0.7096 -0.6827
vn 0.0336 0.2063 -0.9779
vn 0.1939 0.1228 -0.9733
vn -0.2187 -0.5914 -0.7761
vn 0.4723 -0.6924 -0.5454
vn 0.5399 -0.5779 -0.6120
vn -0.0000 0.7868 -0.6173
vn -0.0000 0.5078 -0.8615
vn -0.0000 -0.4584 -0.8888
vn -0.0000 0.9641 0.2657
vn -0.7976 -0.1058 0.5939
vn 0.1659 0.0397 -0.9853
vn -0.0911 -0.5984 -0.7960
vn 0.0663 0.4315 -0.8997
vn -0.4008 0.6250 0.6699
vn -0.1057 -0.7749 -0.6231
vn -0.9482 -0.3118 -0.0605
vn -0.3443 -0.5159 0.7844
vn -0.5470 0.0405 -0.8361
vn 0.4640 -0.4135 -0.7834
vn -0.1743 0.7096 -0.6827
vn -0.0336 0.2063 -0.9779
vn -0.1939 0.1228 -0.9733
vn 0.2187 -0.5914 -0.7761
vn -0.4723 -0.6924 -0.5454
vn -0.5399 -0.5779 -0.6120
vn -0.5803 0.1341 -0.8033
vn -0.5524 -0.7955 -0.2490
vn 0.7599 0.2640 0.5941
vn -0.2532 -0.9506 0.1795
vn 0.9517 -0.2879 -0.1070
vn 0.7098 -0.1810 -0.6808
vn 0.5524 -0.7955 -0.2490
vn 0.6410 0.3343 -0.6909
vn 0.5803 0.1341 -0.8033
vn 0.6006 0.1379 -0.7876
vn 0.2303 0.2165 -0.9487
vn -0.7340 -0.4017 0.5476
vn -0.7598 0.2640 0.5941
vn 0.3541 -0.4665 -0.8106
vn 0.7976 -0.1058 0.5939
vn -0.1660 0.0397 -0.9853
vn 0.0911 -0.5984 -0.7960
vn 0.2532 -0.9506 0.1795
vn -0.9517 -0.2879 -0.1070
vn -0.7098 -0.1810 -0.6808
vn 0.7467 -0.3361 -0.5740
vn 0.5484 -0.5127 -0.6606
vn -0.2525 -0.6275 -0.7365
vn -0.4669 -0.6010 -0.6487
vn -0.6169 -0.4723 -0.6296
vn 0.9435 -0.0199 -0.3309
vn -0.4024 0.3946 -0.8261
vn 0.1915 -0.7264 0.6600
vn -0.0324 0.7982 0.6015
vn -0.1611 -0.7532 -0.6378
vn -0.4619 0.0726 -0.8840
vn -0.3496 0.6523 -0.6725
vn 0.1901 0.9337 -0.3036
vn 0.1681 -0.8651 -0.4725
vn 0.4093 -0.7872 -0.4614
vn 0.4420 0.8874 -0.1308
vn 0.6004 0.7836 -0.1595
vn 0.4293 0.8504 -0.3042
vn 0.6277 0.7398 -0.2423
vn 0.4059 -0.7870 -0.4646
vn 0.4946 -0.7409 -0.4545
vn 0.2816 -0.4261 -0.8598
vn 0.2262 -0.3772 -0.8981
vn -0.2562 0.4628 -0.8486
vn 0.3867 -0.0952 -0.9173
vn 0.1303 0.0324 -0.9909
vn 0.4703 0.0701 -0.8797
vn 0.2678 0.0285 -0.9631
vn 0.4049 0.0659 -0.9120
vn 0.3591 -0.3268 -0.8742
vn 0.2515 -0.0047 -0.9678
vn -0.7037 -0.4642 -0.5380
vn 0.0864 -0.5311 -0.8429
vn 0.1179 -0.4945 -0.8611
vn 0.1042 -0.7040 -0.7025
vn 0.0734 -0.8641 -0.4980
vn 0.2467 -0.8379 -0.4869
vn -0.1863 -0.3360 -0.9232
vn -0.1113 0.9344 -0.3383
vn 0.1486 0.9303 -0.3354
vn -0.0000 0.6227 -0.7825
vn -0.0000 0.1349 -0.9909
vn -0.0000 0.7035 -0.7107
vn -0.0000 -0.7997 -0.6004
vn 0.7309 -0.3167 -0.6046
vn -0.0000 0.4602 -0.8878
vn -0.0000 0.5231 -0.8523
vn -0.9802 0.1908 0.0525
vn -0.5747 0.1946 -0.7949
vn 0.3669 0.8062 0.4641
vn -0.8252 -0.4070 -0.3916
vn 0.2583 -0.6336 -0.7292
vn -0.5627 -0.5919 -0.5770
vn 0.6773 -0.5174 -0.5230
vn 0.4537 -0.5918 -0.6662
vn -0.9643 0.0195 -0.2640
vn 0.1121 0.9408 -0.3199
vn 0.7043 -0.4855 0.5179
vn 0.2239 -0.8120 -0.5390
vn 0.1740 0.6649 -0.7264
vn 0.3902 0.0136 -0.9206
vn -0.1489 -0.8763 -0.4582
vn -0.1343 0.9528 -0.2724
vn -0.4962 0.8451 -0.1990
vn -0.3936 -0.8015 -0.4502
vn -0.6184 0.7641 -0.1837
vn -0.0731 -0.8619 -0.5019
vn -0.5934 0.7829 -0.1871
vn -0.4062 0.8771 -0.2564
vn -0.5000 -0.7338 -0.4599
vn -0.4196 -0.7665 -0.4862
vn -0.0837 -0.7477 -0.6587
vn -0.0970 -0.4959 -0.8630
vn -0.2852 -0.3553 -0.8902
vn -0.0458 0.2280 -0.9726
vn -0.2223 -0.4409 -0.8696
vn -0.3265 0.3235 -0.8881
vn -0.3881 0.1754 -0.9048
vn 0.6063 -0.5489 0.5754
vn -0.3857 0.0166 -0.9225
vn -0.4857 0.0815 -0.8703
vn -0.4852 0.0845 -0.8703
vn -0.4524 -0.2330 -0.8608
vn -0.3438 -0.3014 -0.8893
vn 0.6814 -0.4453 -0.5808
vn -0.1383 -0.4317 -0.8914
vn -0.2519 -0.8268 -0.5029
vn 0.3320 0.8202 0.4659
vn -0.1376 0.9425 -0.3045
vn 0.4299 0.6864 0.5866
vn 0.9671 0.1927 -0.1661
vn 0.6388 -0.0205 -0.7691
vn 0.4693 0.6692 0.5761
vn 0.7987 -0.0182 0.6014
vn 0.7054 -0.0436 0.7075
vn 0.8291 0.0429 0.5575
vn 0.8050 0.0466 0.5915
vn 0.8363 -0.0146 0.5481
vn 0.8566 0.0395 0.5145
vn 0.8809 0.0214 0.4729
vn 0.8724 -0.0019 0.4888
vn 0.0126 -0.9984 -0.0558
vn 0.1470 0.9004 0.4095
vn 0.3138 0.8312 0.4589
vn 0.1328 0.8736 0.4682
vn 0.1535 0.8981 0.4122
vn 0.1000 0.8488 0.5191
vn 0.1252 0.8760 0.4657
vn 0.0854 0.8101 0.5800
vn 0.0955 0.8499 0.5183
vn -0.6111 -0.3263 -0.7212
vn 0.5621 0.6256 0.5410
vn -0.1132 -0.9928 -0.0380
vn -0.0104 -0.9990 -0.0441
vn -0.6811 -0.3167 0.6602
vn -0.5078 -0.5540 0.6597
vn 0.2316 -0.7693 0.5954
vn -0.0738 -0.9474 -0.3113
vn -0.7218 -0.6035 0.3389
vn 0.6931 0.2839 0.6626
vn 0.9552 0.1053 0.2766
vn 0.8118 -0.2671 -0.5192
vn 0.8029 -0.4079 0.4347
vn 0.5325 0.0181 -0.8462
vn 0.5948 -0.0234 -0.8035
vn 0.6422 -0.1048 -0.7593
vn 0.8947 0.1013 0.4350
vn 0.8957 0.0451 0.4423
vn 0.7645 0.2945 0.5734
vn 0.8069 0.2199 0.5482
vn 0.7626 0.2821 0.5820
vn 0.7616 0.2846 0.5822
vn 0.6538 0.5387 0.5313
vn 0.7626 0.3438 0.5479
vn -0.7467 -0.5589 0.3606
vn -0.6280 -0.7388 0.2446
vn 0.5692 0.8005 0.1877
vn 0.8428 -0.2985 0.4479
vn 0.0345 0.7899 0.6123
vn 0.0743 0.8120 0.5789
vn 0.4691 -0.3772 -0.7985
vn 0.5258 -0.3682 -0.7668
vn 0.6037 0.4160 -0.6800
vn 0.5752 0.5097 -0.6398
vn 0.2936 -0.6873 -0.6644
vn 0.1609 -0.4270 -0.8898
vn 0.3291 -0.8955 -0.2997
vn 0.5009 0.5693 -0.6519
vn 0.4737 0.6347 -0.6106
vn 0.3365 -0.8675 -0.3664
vn 0.3851 -0.8559 -0.3451
vn 0.5839 0.3763 -0.7194
vn 0.8080 -0.0207 -0.5888
vn 0.6266 0.5339 -0.5677
vn 0.6428 0.2608 -0.7203
vn 0.4756 0.0503 -0.8782
vn 0.1972 0.2394 -0.9507
vn -0.1930 -0.7308 0.6547
vn -0.4570 -0.6393 0.6184
vn -0.7749 -0.3596 0.5198
vn -0.7561 -0.3847 0.5295
vn -0.3531 0.7115 0.6075
vn -0.2809 0.8134 0.5093
vn -0.4875 0.6411 0.5927
vn -0.4303 0.6859 0.5869
vn -0.6019 -0.5672 0.5622
vn -0.7067 -0.4766 0.5228
vn -0.3733 0.7822 0.4988
vn -0.3454 0.8418 0.4148
vn -0.8544 -0.5178 -0.0439
vn -0.6965 -0.5047 0.5101
vn -0.8730 -0.3592 0.3298
vn -0.5116 0.8529 -0.1041
vn -0.8497 0.3059 0.4294
vn -0.5592 0.5978 0.5744
vn 0.1767 -0.3808 -0.9076
vn 0.2426 -0.4890 -0.8379
vn 0.2413 -0.4893 -0.8380
vn 0.3100 0.7724 0.5544
vn 0.2857 0.7786 0.5588
vn -0.8384 0.0377 0.5438
vn -0.5843 0.0131 0.8114
vn -0.7249 0.0273 0.6883
vn -0.8494 -0.0199 0.5274
vn -0.8290 0.0424 0.5576
vn -0.8591 0.0020 0.5118
vn -0.8901 0.0204 0.4554
vn -0.8403 0.0459 0.5401
vn -0.1471 0.8864 0.4390
vn -0.3198 0.8322 0.4530
vn -0.1560 0.9060 0.3934
vn -0.1083 0.8644 0.4909
vn -0.1401 0.8888 0.4363
vn -0.0900 0.8302 0.5501
vn -0.0865 0.8309 0.5496
vn -0.1147 0.8627 0.4926
vn 0.7287 -0.3641 0.5800
vn 0.1120 -0.9932 -0.0312
vn -0.0621 -0.9531 -0.2962
vn -0.1657 -0.7434 0.6480
vn 0.6076 -0.6758 0.4173
vn -0.7442 -0.3558 0.5653
vn -0.7980 -0.1833 -0.5741
vn -0.5816 0.0068 0.8134
vn 0.6627 -0.4767 0.5776
vn 0.7544 -0.3481 0.5566
vn 0.7659 -0.4150 0.4911
vn 0.4569 -0.6416 0.6161
vn -0.5177 0.0141 -0.8554
vn -0.6339 -0.1067 -0.7660
vn -0.5579 -0.0317 -0.8293
vn -0.8952 0.0451 0.4433
vn -0.8591 0.0996 0.5019
vn -0.7699 0.2873 0.5698
vn -0.8370 0.2211 0.5006
vn -0.7792 0.3037 0.5483
vn -0.2332 -0.4144 -0.8797
vn -0.6491 0.5215 0.5538
vn -0.7675 0.2871 0.5732
vn -0.7490 0.3321 0.5733
vn 0.6972 -0.5294 0.4833
vn 0.6459 -0.7446 0.1688
vn -0.2425 -0.5605 -0.7918
vn -0.4765 -0.3533 -0.8051
vn -0.0757 0.7935 0.6038
vn -0.6096 0.4178 -0.6736
vn -0.2550 -0.3404 -0.9051
vn -0.5368 0.5189 -0.6652
vn -0.5132 -0.6446 -0.5667
vn -0.3160 -0.5646 -0.7625
vn -0.5669 -0.7840 -0.2528
vn -0.4899 0.6308 -0.6017
vn -0.5188 0.5644 -0.6421
vn -0.3417 -0.8723 -0.3497
vn -0.4155 -0.8326 -0.3662
vn -0.9143 0.0461 -0.4024
vn -0.5318 0.5537 -0.6408
vn -0.5241 0.3693 -0.7674
vn -0.2813 0.0190 -0.9594
vn 0.6481 -0.4671 0.6015
vn 0.8109 -0.5620 -0.1631
vn -0.1878 0.2191 -0.9574
vn 0.0171 0.2132 0.9768
vn -0.0336 -0.2152 0.9760
vn -0.0000 0.5031 0.8642
vn -0.0189 0.2246 0.9743
vn 0.0223 -0.2457 0.9691
vn -0.1015 -0.7079 -0.6990
vn 0.1015 -0.7079 -0.6990
vn -0.1282 -0.2475 -0.9604
vn 0.1282 -0.2475 -0.9604
vn 0.1154 -0.8892 -0.4428
vn -0.0698 -0.4474 -0.8916
vn -0.1154 -0.8892 -0.4428
vn 0.0698 -0.4474 -0.8916
vn 0.7629 -0.1001 -0.6387
vn 0.8299 -0.0793 -0.5522
vn 0.9916 -0.1290 -0.0069
vn 0.6091 -0.1957 -0.7686
vn 0.6303 -0.7740 -0.0607
vn 0.8314 -0.4918 -0.2587
vn 0.5164 -0.2351 -0.8235
vn 0.0863 -0.2602 -0.9617
vn -0.7808 -0.6071 -0.1473
vn -0.6073 -0.7588 -0.2352
vn -0.0984 -0.2210 -0.9703
vn 0.0582 -0.3003 -0.9521
vn -0.6322 -0.7745 -0.0219
vn 0.0035 -0.4470 -0.8945
vn -0.7327 -0.5867 -0.3447
vn 0.0832 -0.5307 -0.8435
vn 0.3073 -0.1591 -0.9382
vn 0.1515 -0.7570 -0.6356
vn 0.2746 -0.1558 -0.9488
vn 0.1171 -0.7327 -0.6704
vn 0.2960 -0.0111 -0.9551
vn 0.3254 -0.5641 -0.7589
vn 0.2922 0.0489 -0.9551
vn -0.3322 -0.0448 -0.9421
vn -0.3046 -0.1713 -0.9370
vn -0.1515 -0.7570 -0.6356
vn -0.1171 -0.7327 -0.6704
vn 0.3711 0.1182 -0.9210
vn -0.0267 0.2530 -0.9671
vn -0.2549 -0.1815 -0.9498
vn -0.3431 -0.4261 -0.8371
vn 0.3353 0.4736 -0.8144
vn 0.3944 0.2590 -0.8817
vn 0.2131 -0.6184 -0.7564
vn 0.4763 0.6446 -0.5980
vn 0.7746 0.0357 -0.6315
vn 0.2159 0.0944 -0.9718
vn -0.1116 -0.0179 -0.9936
vn 0.4623 -0.2801 -0.8413
vn 0.3956 0.1325 -0.9088
vn -0.0373 -0.1218 -0.9919
vn 0.0159 -0.1994 -0.9798
vn 0.8500 0.2402 -0.4688
vn 0.1323 -0.6489 -0.7493
vn 0.1378 -0.1761 -0.9747
vn 0.1271 -0.7054 -0.6973
vn 0.2389 -0.1844 -0.9534
vn -0.2909 0.6129 -0.7347
vn 0.2909 0.6129 -0.7347
vn 0.3551 0.4868 -0.7981
vn -0.3551 0.4868 -0.7981
vn 0.1704 0.6917 -0.7018
vn -0.2955 0.6733 -0.6778
vn 0.2456 0.7559 -0.6069
vn -0.2422 0.7424 -0.6246
vn -0.6821 0.0943 -0.7252
vn 0.5493 -0.7201 -0.4239
vn 0.6310 0.0909 -0.7705
vn -0.5457 -0.6596 -0.5168
vn -0.2843 0.3185 -0.9043
vn 0.3505 0.3050 -0.8855
vn 0.2397 0.4355 -0.8677
vn -0.2222 0.3774 -0.8990
vn -0.6375 -0.7698 0.0325
vn 0.4213 -0.2578 -0.8695
vn -0.5161 -0.8532 0.0757
vn 0.6813 -0.2516 -0.6874
vn -0.9790 -0.1605 -0.1261
vn 0.3535 0.1810 -0.9177
vn 0.3867 0.1973 -0.9009
vn -0.8101 0.5772 -0.1033
vn -0.3200 0.9272 0.1949
vn 0.7316 0.3974 -0.5539
vn 0.5597 0.3569 -0.7479
vn 0.0683 0.9796 0.1888
vn -0.3851 -0.9178 0.0968
vn 0.7619 -0.1527 -0.6295
vn -0.2610 -0.9554 0.1380
vn 0.7528 -0.1001 -0.6506
vn 0.2039 0.9619 0.1821
vn 0.8148 0.3354 -0.4729
vn 0.8180 0.3054 -0.4874
vn 0.3121 0.9471 0.0751
vn 0.1393 0.9901 0.0146
vn 0.4456 0.6059 -0.6590
vn 0.6839 0.4683 -0.5594
vn -0.0944 0.9955 -0.0098
vn -0.2149 -0.9618 0.1695
vn 0.6558 -0.0682 -0.7518
vn -0.1925 -0.9614 0.1966
vn 0.4642 -0.0330 -0.8851
vn -0.0910 -0.9737 0.2088
vn 0.1002 -0.9758 0.1944
vn 0.1921 -0.0153 -0.9812
vn -0.2101 -0.0428 -0.9767
vn -0.2393 0.9709 -0.0033
vn 0.0935 0.6631 -0.7427
vn 0.2393 0.9709 -0.0033
vn -0.0935 0.6631 -0.7427
vn -0.7629 -0.1001 -0.6387
vn -0.8299 -0.0793 -0.5522
vn -0.9916 -0.1290 -0.0069
vn -0.6091 -0.1957 -0.7686
vn -0.8314 -0.4918 -0.2587
vn -0.5164 -0.2351 -0.8235
vn -0.6303 -0.7740 -0.0607
vn -0.1234 -0.2690 -0.9552
vn 0.6073 -0.7588 -0.2352
vn -0.0252 -0.2617 -0.9648
vn 0.7808 -0.6071 -0.1473
vn 0.4404 -0.2818 0.8524
vn 0.6359 -0.7718 0.0050
vn 0.9790 -0.1605 -0.1261
vn 0.4070 0.0597 0.9115
vn 0.5376 0.3005 0.7879
vn 0.0944 0.9955 -0.0098
vn 0.3518 0.4698 0.8096
vn 0.7533 0.1415 0.6422
vn 0.2098 -0.9685 0.1340
vn 0.2313 -0.9692 0.0846
vn 0.6907 0.0558 0.7210
vn 0.1828 -0.2194 -0.9584
vn 0.3779 -0.2894 -0.8794
vn 0.6322 -0.7745 -0.0219
vn 0.7327 -0.5867 -0.3447
vn -0.3446 -0.0118 -0.9387
vn 0.0121 -0.6248 -0.7807
vn -0.2853 -0.1590 -0.9452
vn -0.2960 -0.0111 -0.9551
vn -0.3267 -0.5636 -0.7587
vn -0.2922 0.0489 -0.9551
vn -0.2079 0.2597 -0.9430
vn 0.3431 -0.4261 -0.8371
vn 0.0267 0.2530 -0.9671
vn -0.2941 -0.1982 -0.9350
vn -0.2719 0.3021 -0.9137
vn -0.2131 -0.6184 -0.7564
vn 0.1421 -0.5538 -0.8204
vn -0.3403 0.7308 -0.5917
vn -0.7074 0.0713 -0.7032
vn -0.0154 -0.0121 -0.9998
vn -0.4623 -0.2801 -0.8413
vn -0.2159 0.0944 -0.9718
vn -0.7678 0.4989 -0.4019
vn -0.4851 0.0808 -0.8707
vn -0.7733 0.2358 -0.5885
vn 0.0174 -0.1167 -0.9930
vn -0.1323 -0.6489 -0.7493
vn -0.2389 -0.1844 -0.9534
vn -0.1378 -0.1761 -0.9747
vn -0.0174 -0.6596 -0.7514
vn -0.6336 -0.3934 -0.6661
vn -0.4213 -0.2578 -0.8695
vn 0.4969 -0.8668 0.0417
vn 0.7554 0.0880 0.6493
vn -0.0683 0.9796 0.1888
vn -0.2039 0.9619 0.1821
vn 0.7376 0.0206 0.6749
vn -0.7674 0.2956 -0.5689
vn -0.9026 -0.0451 -0.4281
vn 0.0076 -0.7268 -0.6868
vn 0.0065 -0.6568 0.7540
vn -0.0076 -0.7268 -0.6868
vn -0.0089 -0.6656 0.7462
vn -0.0722 0.9884 -0.1333
vn -0.0268 0.1052 0.9941
vn 0.0309 0.0918 0.9953
vn 0.0996 0.9876 -0.1217
vn 0.6955 0.6880 -0.2074
vn 0.5872 0.7724 -0.2421
vn 0.1958 0.0149 0.9805
vn -0.1784 0.3802 0.9075
vn 0.3005 -0.0612 0.9518
vn 0.0328 0.1074 0.9937
vn 0.8537 -0.1262 -0.5052
vn 0.9919 -0.1261 0.0152
vn 0.9410 0.1007 -0.3232
vn 0.3091 -0.0376 0.9503
vn 0.9553 0.0464 -0.2919
vn 0.2953 -0.0166 0.9553
vn 0.9830 -0.1314 -0.1283
vn 0.0988 0.1935 0.9761
vn 0.0224 0.4994 0.8661
vn 0.9858 -0.0213 -0.1667
vn 0.2261 0.0855 0.9703
vn 0.9882 -0.0810 -0.1297
vn 0.1773 0.1452 0.9734
vn 0.9734 -0.0242 -0.2277
vn 0.2859 0.0250 0.9579
vn 0.9842 -0.0644 -0.1651
vn 0.2584 0.0383 0.9653
vn -0.1932 -0.2381 -0.9518
vn -0.2723 -0.1097 -0.9559
vn -0.2864 -0.1307 -0.9491
vn 0.5409 0.8096 -0.2282
vn -0.3162 0.4293 0.8460
vn 0.5502 0.7978 -0.2466
vn -0.3361 0.4556 0.8243
vn 0.4245 0.8794 -0.2157
vn -0.2345 0.3288 0.9148
vn 0.4965 0.8401 -0.2182
vn -0.2765 0.3829 0.8815
vn 0.3387 0.9243 -0.1759
vn -0.1587 0.2354 0.9589
vn 0.3736 0.9055 -0.2013
vn -0.1990 0.2820 0.9386
vn -0.6228 0.0043 -0.7824
vn -0.5196 0.1770 -0.8359
vn -0.3535 0.1789 -0.9182
vn -0.4649 0.4279 -0.7751
vn -0.4642 -0.0330 -0.8851
vn -0.1552 0.4806 -0.8631
vn -0.3410 -0.2268 0.9123
vn -0.2060 -0.1110 0.9722
vn -0.3158 0.1286 0.9401
vn -0.2274 0.1053 0.9681
vn 0.1861 -0.0043 0.9825
vn -0.4222 -0.1979 0.8847
vn 0.8251 -0.0544 -0.5624
vn 0.7669 0.0131 -0.6416
vn 0.1964 0.0040 -0.9805
vn 0.2798 0.0046 -0.9600
vn 0.7934 -0.2133 -0.5701
vn 0.8333 -0.0655 -0.5490
vn 0.5085 -0.2289 -0.8301
vn 0.3522 -0.0800 -0.9325
vn 0.9542 0.2147 -0.2083
vn 0.2222 0.0654 0.9728
vn 0.9537 0.1564 -0.2569
vn 0.2976 -0.0163 0.9546
vn 0.8791 0.4472 -0.1649
vn 0.1814 -0.0542 0.9819
vn 0.9251 0.3312 -0.1859
vn 0.1630 0.0739 0.9839
vn 0.7733 0.6052 -0.1892
vn 0.2703 -0.1473 0.9514
vn 0.8301 0.5316 -0.1681
vn 0.2306 -0.1441 0.9623
vn -0.0230 0.3112 -0.9501
vn 0.2253 0.2266 -0.9476
vn 0.2468 0.4194 -0.8736
vn 0.1822 0.3900 -0.9026
vn -0.5575 -0.6316 -0.5388
vn -0.3773 -0.4194 -0.8257
vn 0.6685 -0.6892 -0.2795
vn 0.5883 -0.5215 -0.6180
vn 0.1740 0.7141 -0.6781
vn 0.8307 0.2838 -0.4789
vn 0.2077 0.6921 -0.6913
vn 0.7985 0.3514 -0.4888
vn -0.3891 -0.4557 0.8006
vn -0.0798 -0.7453 -0.6619
vn -0.0742 -0.6510 0.7555
vn 0.2345 0.9637 -0.1274
vn -0.0698 0.1411 0.9875
vn 0.2967 0.9433 -0.1486
vn -0.1086 0.1850 0.9767
vn 0.2422 -0.7101 -0.6611
vn 0.3496 -0.2865 -0.8920
vn 0.1276 -0.6924 -0.7102
vn 0.0740 -0.1693 -0.9828
vn 0.3562 -0.0294 -0.9339
vn 0.3854 -0.6294 -0.6748
vn -0.2115 0.6653 -0.7160
vn 0.0515 -0.9448 -0.3236
vn 0.8395 -0.4955 -0.2229
vn 0.3550 -0.9018 -0.2464
vn 0.5869 -0.7344 -0.3409
vn 0.7500 0.4442 -0.4901
vn 0.8534 0.3018 -0.4250
vn -0.1365 -0.9531 -0.2701
vn 0.9026 -0.0451 -0.4281
vn 0.8660 -0.4396 -0.2385
vn 0.7935 -0.0512 -0.6064
vn 0.8311 0.1964 -0.5203
vn 0.1552 0.4806 -0.8631
vn -0.6970 0.0243 0.7167
vn -0.5389 -0.0728 0.8392
vn 0.2220 -0.1307 0.9663
vn -0.2263 -0.1475 0.9628
vn -0.3438 0.1126 0.9323
vn -0.6396 0.2233 0.7356
vn -0.7682 0.0757 0.6357
vn -0.7642 0.1462 0.6283
vn -0.5313 0.2441 0.8113
vn -0.6287 0.1703 0.7587
vn -0.7716 0.0354 0.6351
vn -0.7334 0.0736 0.6758
vn -0.5209 -0.2410 0.8189
vn -0.7348 -0.1400 0.6637
vn -0.3131 0.3853 0.8681
vn -0.4352 -0.1651 0.8851
vn -0.2470 -0.1825 0.9517
vn 0.1464 -0.0342 -0.9886
vn -0.1512 0.0802 -0.9852
vn 0.3046 -0.1713 -0.9370
vn 0.2864 -0.1307 -0.9491
vn 0.3322 -0.0448 -0.9421
vn 0.1818 -0.1421 -0.9730
vn 0.8101 0.5772 -0.1032
vn -0.4868 0.1549 -0.8596
vn 0.3200 0.9272 0.1949
vn -0.6669 0.2387 -0.7059
vn -0.7814 0.2600 -0.5673
vn 0.3658 -0.9280 0.0705
vn -0.7594 -0.1533 -0.6323
vn -0.7518 -0.2522 -0.6093
vn -0.8260 0.2706 -0.4944
vn -0.3121 0.9471 0.0751
vn -0.8148 0.3354 -0.4729
vn -0.1393 0.9901 0.0146
vn -0.6839 0.4683 -0.5594
vn -0.4456 0.6059 -0.6590
vn -0.6756 -0.1206 -0.7274
vn 0.1991 -0.9654 0.1686
vn -0.6955 0.6880 -0.2074
vn -0.2141 0.0455 0.9758
vn -0.5928 0.7704 -0.2348
vn 0.1866 0.3736 0.9086
vn -0.0335 -0.1023 0.9942
vn 0.0068 0.1083 0.9941
vn -0.8248 -0.2511 -0.5066
vn -0.9919 -0.1261 0.0152
vn -0.9410 0.1007 -0.3232
vn -0.9553 0.0464 -0.2919
vn -0.2994 -0.0375 0.9534
vn -0.3125 -0.0178 0.9498
vn -0.1830 0.1940 0.9638
vn -0.1057 0.4857 0.8677
vn -0.9830 -0.1314 -0.1283
vn -0.9858 -0.0213 -0.1667
vn -0.9882 -0.0810 -0.1297
vn -0.2719 0.0780 0.9592
vn -0.2362 0.1323 0.9627
vn -0.9842 -0.0644 -0.1651
vn -0.3089 0.0213 0.9509
vn -0.2886 0.0314 0.9569
vn -0.9734 -0.0242 -0.2277
vn -0.5408 0.7997 -0.2607
vn 0.3326 0.4086 0.8500
vn 0.3466 0.4437 0.8265
vn -0.5212 0.8135 -0.2582
vn -0.4009 0.8820 -0.2478
vn -0.4729 0.8439 -0.2533
vn 0.2511 0.3001 0.9203
vn 0.2965 0.3539 0.8870
vn -0.3429 0.9095 -0.2350
vn 0.1744 0.2029 0.9636
vn 0.2141 0.2524 0.9436
vn -0.2874 0.9332 -0.2158
vn 0.1917 -0.1291 0.9729
vn 0.1246 -0.0215 0.9920
vn 0.5516 -0.2079 0.8078
vn 0.2621 0.0749 0.9621
vn 0.6224 0.2280 0.7487
vn 0.7069 0.1922 0.6807
vn -0.2997 -0.0686 0.9516
vn 0.2401 -0.4426 0.8640
vn -0.1547 -0.9387 -0.3082
vn -0.5841 -0.7364 -0.3414
vn -0.6685 -0.6892 -0.2795
vn -0.7669 0.0131 -0.6416
vn -0.1964 0.0040 -0.9805
vn -0.8251 -0.0544 -0.5624
vn -0.2798 0.0046 -0.9600
vn -0.8333 -0.0655 -0.5490
vn -0.4968 -0.3107 -0.8103
vn -0.7704 -0.2674 -0.5787
vn -0.3522 -0.0800 -0.9325
vn 0.5901 0.3057 0.7472
vn 0.7191 0.2713 0.6398
vn 0.5254 -0.0148 0.8507
vn -0.9537 0.1564 -0.2569
vn -0.1680 0.0577 0.9841
vn -0.2380 -0.0196 0.9711
vn -0.9347 0.2450 -0.2574
vn -0.8791 0.4472 -0.1649
vn -0.9156 0.3448 -0.2066
vn -0.1824 -0.0538 0.9818
vn -0.1309 0.0661 0.9892
vn -0.8301 0.5316 -0.1681
vn -0.3030 -0.1127 0.9463
vn -0.2546 -0.1237 0.9591
vn -0.7733 0.6052 -0.1892
vn -0.0057 0.2949 -0.9555
vn -0.2415 0.0762 -0.9674
vn -0.4141 -0.0726 -0.9073
vn -0.3127 0.4661 -0.8276
vn 0.5779 -0.6122 -0.5397
vn 0.3773 -0.4194 -0.8257
vn -0.5883 -0.5215 -0.6180
vn -0.1740 0.7141 -0.6781
vn -0.7985 0.3514 -0.4888
vn -0.8307 0.2838 -0.4789
vn 0.0798 -0.7453 -0.6619
vn 0.2506 -0.3346 0.9084
vn 0.0634 -0.6211 0.7812
vn -0.1730 0.9722 -0.1576
vn -0.2274 0.9553 -0.1887
vn 0.0813 0.1128 0.9903
vn 0.1231 0.1531 0.9805
vn -0.2422 -0.7101 -0.6611
vn -0.1276 -0.6924 -0.7102
vn -0.0740 -0.1693 -0.9828
vn -0.3496 -0.2865 -0.8920
vn -0.3562 -0.0294 -0.9339
vn -0.3854 -0.6294 -0.6748
vn -0.8395 -0.4955 -0.2229
vn -0.7500 0.4442 -0.4901
vn -0.8770 -0.4258 -0.2226
vn -0.6163 0.2949 -0.7302
vn -0.7340 0.2651 -0.6253
vn -0.8311 0.1964 -0.5203
vn 0.5736 -0.1313 0.8086
vn 0.4326 -0.1662 0.8861
vn 0.2937 -0.0074 -0.9559
vn 0.7271 0.0763 -0.6822
vn 0.1018 0.0245 -0.9945
vn 0.6484 -0.6770 -0.3481
vn 0.7433 0.0123 -0.6688
vn 0.6228 0.0043 -0.7824
vn 0.5196 0.1770 -0.8359
vn 0.4648 0.4237 -0.7775
vn 0.1932 -0.2381 -0.9518
vn 0.2964 -0.0956 -0.9503
vn -0.6484 -0.6770 -0.3481
vn 0.0784 0.1043 -0.9915
vn -0.1185 -0.0701 -0.9905
vn -0.2574 -0.1534 -0.9541
vn -0.3080 0.0044 -0.9514
vn -0.7360 0.0609 -0.6742
vn -0.1018 0.0245 -0.9945
vn 0.0236 -0.9861 -0.1642
vn -0.0687 0.9873 -0.1435
vn -0.1098 0.9648 -0.2390
vn 0.1069 -0.9938 -0.0302
vn 0.0372 -0.9978 -0.0557
vn -0.1971 0.9621 0.1884
vn -0.0574 0.9805 0.1882
vn 0.8743 -0.4821 0.0560
vn 0.9870 -0.1590 -0.0232
vn 0.9652 -0.0848 -0.2473
vn 0.9732 -0.1375 -0.1844
vn 0.9493 -0.0712 -0.3061
vn 0.9585 -0.0244 -0.2839
vn 0.9435 0.0368 -0.3293
vn 0.9453 -0.0356 -0.3243
vn 0.0035 -0.7269 -0.6867
vn 0.5341 0.8090 -0.2456
vn 0.4621 0.8576 -0.2260
vn 0.5102 0.8277 -0.2338
vn 0.3340 0.9201 -0.2044
vn 0.3884 0.8944 -0.2217
vn 0.2184 0.9630 -0.1577
vn 0.2778 0.9432 -0.1824
vn 0.2703 0.9624 0.0283
vn -0.1040 -0.8177 -0.5662
vn -0.0065 -0.7394 -0.6732
vn -0.7490 -0.6039 -0.2726
vn -0.5876 -0.7954 -0.1482
vn -0.5861 -0.7040 -0.4010
vn 0.7846 0.5812 -0.2160
vn 0.9716 0.2052 -0.1176
vn 0.9502 0.1675 -0.2628
vn 0.9459 0.0930 -0.3110
vn 0.9180 0.3474 -0.1913
vn 0.9435 0.2519 -0.2152
vn 0.8255 0.5319 -0.1890
vn 0.8741 0.4503 -0.1824
vn 0.7746 0.6008 -0.1975
vn -0.7388 -0.6163 -0.2727
vn -0.5688 -0.6995 -0.4326
vn 0.9064 -0.1765 -0.3838
vn 0.0704 0.9886 -0.1334
vn 0.1669 0.9764 -0.1371
vn -0.0247 -0.9909 -0.1323
vn -0.0482 -0.9968 -0.0644
vn -0.2930 -0.9560 0.0141
vn -0.4022 -0.9125 -0.0742
vn 0.3685 0.9244 0.0982
vn 0.3213 0.9442 -0.0725
vn 0.1273 0.9859 0.1082
vn 0.2659 0.9568 0.1180
vn -0.0783 -0.9969 0.0011
vn -0.1648 -0.9859 0.0300
vn 0.1483 0.9314 -0.3325
vn -0.5534 -0.7808 -0.2899
vn -0.8857 -0.1757 -0.4297
vn -0.7258 0.6165 -0.3052
vn -0.2066 0.9776 -0.0403
vn -0.2569 0.9663 -0.0171
vn -0.3098 0.9354 0.1705
vn -0.9778 -0.0725 -0.1964
vn -0.9775 -0.1783 -0.1128
vn -0.8751 -0.4785 0.0722
vn -0.9573 -0.0680 -0.2811
vn -0.9883 -0.1123 -0.1027
vn -0.9508 -0.0366 -0.3076
vn -0.9452 0.0371 -0.3243
vn -0.9668 -0.0193 -0.2549
vn -0.4681 0.8456 -0.2567
vn -0.5367 0.8040 -0.2562
vn -0.3374 0.9105 -0.2390
vn -0.5158 0.8172 -0.2571
vn -0.2787 0.9351 -0.2190
vn -0.2164 0.9569 -0.1939
vn -0.4000 0.8809 -0.2530
vn 0.7733 -0.6045 -0.1912
vn 0.0761 -0.7354 -0.6734
vn 0.5597 -0.7888 -0.2541
vn -0.9534 0.2080 -0.2183
vn 0.6571 -0.7160 -0.2355
vn 0.3889 -0.9166 -0.0931
vn 0.2298 -0.9720 -0.0502
vn 0.0213 -0.9912 -0.1309
vn -0.9406 0.0922 -0.3267
vn -0.9377 0.1639 -0.3065
vn -0.8308 0.5316 -0.1650
vn -0.9318 0.2529 -0.2604
vn -0.9124 0.3477 -0.2161
vn -0.8737 0.4501 -0.1846
vn -0.7818 0.6007 -0.1674
vn 0.6978 -0.5696 -0.4344
vn 0.5370 -0.6322 -0.5584
vn -0.1639 0.9727 -0.1644
vn 0.5989 -0.7700 -0.2201
vn 0.6490 0.7325 -0.2057
vn 0.7660 -0.6094 -0.2045
vn -0.0000 0.8698 -0.4934
vn -0.6458 0.7377 -0.1968
vn -0.8007 -0.5949 -0.0700
vn 0.0933 0.8897 -0.4468
vn 0.7009 0.6856 -0.1967
vn 0.5939 0.7727 -0.2240
vn 0.8319 -0.5020 -0.2366
vn 0.6797 -0.7215 -0.1319
vn -0.0848 0.8594 -0.5042
vn -0.7026 0.6899 -0.1744
vn -0.5939 0.7728 -0.2235
vn -0.8403 -0.5039 -0.1999
vn -0.6126 -0.7860 0.0828
vn 0.2913 -0.0089 0.9566
vn 0.4425 -0.1837 0.8778
vn 0.2715 -0.1388 0.9524
vn 0.3183 -0.0158 0.9479
vn -0.3624 -0.2310 0.9030
vn -0.4223 -0.3269 0.8454
vn -0.3491 0.1027 0.9315
vn -0.4023 0.0436 0.9145
vn -0.3945 -0.2346 0.8884
vn -0.3331 -0.1947 0.9226
vn -0.1789 0.0999 0.9788
vn -0.2502 0.1185 0.9609
vn -0.5184 0.0823 0.8511
vn -0.7915 0.1854 0.5823
vn -0.5848 0.1462 0.7979
vn -0.4734 0.0899 0.8762
vn -0.2966 0.1475 0.9435
vn -0.1604 0.3731 0.9138
vn -0.1329 0.4756 0.8695
vn -0.0313 0.6308 0.7753
vn -0.0193 0.6099 0.7923
vn -0.2294 0.0992 0.9683
vn -0.1103 0.1347 0.9847
vn -0.4258 -0.0289 0.9043
vn -0.1456 -0.0396 0.9885
vn -0.1551 0.0775 0.9848
vn -0.3603 0.0549 0.9312
vn -0.6456 -0.3987 0.6514
vn -0.5535 -0.3068 0.7743
vn -0.5276 -0.1374 0.8383
vn -0.6811 -0.1396 0.7188
vn -0.6468 0.0244 0.7623
vn -0.6005 -0.0053 0.7996
vn -0.6305 0.0106 0.7761
vn -0.5998 0.0044 0.8001
vn -0.6254 -0.7465 0.2271
vn -0.5722 -0.7809 0.2504
vn -0.6394 -0.6796 0.3595
vn -0.7065 -0.6664 0.2382
vn -0.8120 -0.5118 0.2807
vn -0.7514 -0.4333 0.4976
vn -0.7587 -0.2425 0.6046
vn -0.8641 -0.3708 0.3403
vn -0.8851 -0.2622 0.3845
vn -0.7529 -0.0960 0.6511
vn -0.6958 -0.0518 0.7163
vn -0.8941 -0.1449 0.4238
vn -0.8162 -0.0398 0.5764
vn -0.6307 -0.0245 0.7756
vn -0.4262 0.0443 0.9035
vn -0.7285 -0.0759 0.6809
vn -0.5393 -0.0111 0.8421
vn -0.6285 0.0740 0.7743
vn -0.5036 0.2986 0.8107
vn -0.5404 0.1481 0.8283
vn -0.6050 0.2649 0.7508
vn -0.5751 0.3509 0.7390
vn -0.4172 0.6104 0.6733
vn -0.3776 0.4554 0.8062
vn -0.2932 -0.9158 0.2744
vn -0.1168 -0.9519 0.2833
vn -0.1293 -0.9145 0.3833
vn -0.3382 -0.8662 0.3678
vn -0.4634 -0.7991 0.3830
vn -0.4530 -0.8219 0.3453
vn -0.5426 -0.7362 0.4045
vn -0.4671 -0.7217 0.5108
vn -0.5437 -0.7891 0.2860
vn -0.5298 -0.7819 0.3285
vn -0.5478 -0.6133 0.5691
vn -0.6154 -0.6511 0.4443
vn -0.4452 -0.8444 0.2980
vn -0.3913 -0.8775 0.2773
vn -0.4640 -0.8097 0.3593
vn -0.5249 -0.7665 0.3701
vn -0.6687 0.3602 0.6505
vn -0.7440 0.2249 0.6292
vn -0.4984 0.6458 0.5785
vn -0.4202 0.6679 0.6143
vn -0.3773 0.5970 0.7080
vn -0.4439 0.2407 0.8631
vn -0.4843 0.0980 0.8694
vn -0.3729 0.0262 0.9275
vn -0.5116 0.0067 0.8592
vn -0.3788 -0.0244 0.9252
vn -0.3692 -0.0506 0.9280
vn -0.3797 0.0178 0.9250
vn -0.2173 0.1310 0.9673
vn -0.1446 0.5719 0.8075
vn 0.3225 -0.0790 0.9433
vn 0.3212 -0.0187 0.9468
vn 0.3313 -0.0623 0.9415
vn -0.6509 0.5174 0.5556
vn -0.8602 0.1091 0.4982
vn -0.8926 0.0407 0.4489
vn -0.8394 0.3460 0.4192
vn -0.9172 0.2496 0.3105
vn -0.9112 -0.0722 0.4056
vn -0.9271 -0.0846 0.3651
vn -0.9470 0.0986 0.3058
vn -0.7055 0.6246 0.3350
vn -0.7614 0.5500 0.3432
vn -0.8559 0.4578 0.2406
vn -0.6989 0.6503 0.2979
vn -0.4448 -0.1089 0.8890
vn -0.6134 -0.1863 0.7675
vn -0.6471 -0.0808 0.7581
vn -0.4472 -0.1574 0.8805
vn -0.6089 0.0038 0.7932
vn -0.5269 0.0136 0.8498
vn -0.4347 -0.0824 0.8968
vn -0.4746 -0.1109 0.8732
vn -0.7044 -0.4476 0.5509
vn -0.6468 -0.6093 0.4587
vn -0.7491 -0.3420 0.5673
vn -0.7567 -0.1926 0.6247
vn -0.6334 0.0918 0.7684
vn -0.5967 0.0548 0.8006
vn -0.5951 -0.2437 0.7658
vn -0.7151 -0.1075 0.6907
vn -0.8090 0.0818 0.5822
vn -0.7658 0.0999 0.6353
vn -0.8083 -0.0354 0.5878
vn -0.7984 0.0649 0.5986
vn -0.5937 -0.6755 0.4373
vn -0.5073 -0.7404 0.4410
vn -0.5736 -0.5379 0.6178
vn -0.6928 -0.4351 0.5751
vn -0.3597 -0.8142 0.4558
vn -0.1330 -0.8719 0.4712
vn -0.1474 -0.7020 0.6968
vn -0.4029 -0.6325 0.6616
vn -0.5518 -0.1616 0.8182
vn -0.5503 -0.1127 0.8273
vn -0.7841 -0.0442 0.6191
vn -0.7973 -0.1571 0.5828
vn -0.7734 -0.2131 0.5971
vn -0.6886 -0.2965 0.6618
vn -0.7809 -0.1008 0.6165
vn -0.8371 -0.0744 0.5419
vn -0.7517 -0.2437 0.6128
vn -0.6427 -0.3349 0.6890
vn -0.5723 -0.2222 0.7894
vn -0.0970 0.3398 0.9355
vn -0.3349 0.1811 0.9247
vn -0.3317 0.2303 0.9148
vn -0.2614 0.2315 0.9371
vn -0.3008 0.2762 0.9128
vn -0.0217 -0.0946 0.9953
vn -0.3656 -0.0986 0.9255
vn -0.2889 -0.0594 0.9555
vn -0.3305 -0.1884 0.9248
vn -0.3621 -0.1508 0.9199
vn -0.3138 0.0434 0.9485
vn -0.2269 -0.0051 0.9739
vn -0.1878 0.3124 0.9312
vn -0.3440 0.0834 0.9353
vn -0.1763 0.0419 0.9834
vn 0.0398 0.1697 0.9847
vn -0.4650 -0.1741 0.8680
vn -0.4063 -0.2142 0.8883
vn -0.4000 -0.2551 0.8803
vn -0.1291 -0.1307 0.9830
vn -0.2676 -0.1707 0.9483
vn -0.1031 0.1485 0.9835
vn -0.3760 0.0381 0.9258
vn -0.1501 -0.0283 0.9883
vn -0.3867 0.1782 0.9048
vn -0.5207 -0.0778 0.8502
vn -0.3224 -0.2793 0.9044
vn -0.4425 -0.1828 0.8779
vn -0.1807 0.1403 0.9735
vn -0.3228 -0.0183 0.9463
vn -0.3264 -0.0133 0.9451
vn -0.2913 -0.0089 0.9566
vn -0.2376 0.1261 0.9631
vn -0.3207 -0.0793 0.9438
vn -0.3313 -0.0623 0.9415
vn -0.3183 -0.0158 0.9479
vn 0.3396 0.0335 0.9400
vn 0.4023 0.0436 0.9145
vn 0.4223 -0.3269 0.8454
vn 0.3624 -0.2310 0.9030
vn 0.1952 0.1252 0.9727
vn 0.2486 0.1095 0.9624
vn 0.3269 -0.2413 0.9137
vn 0.3901 -0.3327 0.8586
vn 0.5848 0.1462 0.7979
vn 0.7915 0.1854 0.5823
vn 0.5184 0.0823 0.8511
vn 0.4734 0.0899 0.8762
vn 0.2190 0.0945 0.9711
vn -0.0494 0.1765 0.9831
vn 0.0186 0.3979 0.9172
vn 0.2294 0.0992 0.9683
vn 0.1103 0.1347 0.9847
vn -0.1173 0.5688 0.8141
vn -0.0425 0.6099 0.7914
vn 0.4258 -0.0289 0.9043
vn 0.1456 -0.0396 0.9885
vn 0.6585 -0.3865 0.6458
vn 0.4974 -0.3445 0.7962
vn 0.3603 0.0549 0.9312
vn 0.1551 0.0775 0.9848
vn 0.5999 -0.0099 0.8000
vn 0.6392 0.0279 0.7685
vn 0.6478 -0.1673 0.7432
vn 0.5944 -0.0930 0.7987
vn 0.4425 -0.1828 0.8779
vn 0.3224 -0.2793 0.9044
vn 0.4422 -0.0613 0.8948
vn 0.5600 -0.0288 0.8280
vn 0.6305 0.0106 0.7761
vn 0.6394 -0.6796 0.3595
vn 0.7065 -0.6664 0.2382
vn 0.5722 -0.7809 0.2504
vn 0.6254 -0.7465 0.2271
vn 0.7397 -0.2568 0.6221
vn 0.8457 -0.3905 0.3637
vn 0.7095 -0.4722 0.5231
vn 0.7845 -0.5419 0.3016
vn 0.6408 -0.0904 0.7624
vn 0.8597 -0.1839 0.4766
vn 0.6918 -0.1341 0.7095
vn 0.8675 -0.2800 0.4111
vn 0.4262 0.0443 0.9035
vn 0.7285 -0.0759 0.6809
vn 0.6307 -0.0245 0.7756
vn 0.8162 -0.0398 0.5764
vn 0.3610 0.1422 0.9217
vn 0.3940 0.0445 0.9180
vn 0.5491 -0.0108 0.8357
vn 0.5393 -0.0111 0.8421
vn 0.2588 0.4695 0.8441
vn 0.2419 0.3053 0.9210
vn 0.5256 0.2900 0.7998
vn 0.4507 0.0887 0.8883
vn 0.1293 -0.9145 0.3833
vn 0.3382 -0.8662 0.3678
vn 0.1168 -0.9519 0.2833
vn 0.2932 -0.9158 0.2744
vn 0.5426 -0.7362 0.4045
vn 0.5590 -0.6110 0.5606
vn 0.4530 -0.8219 0.3453
vn 0.4421 -0.8150 0.3746
vn 0.4910 -0.6662 0.5613
vn 0.5619 -0.6975 0.4447
vn 0.4879 -0.8132 0.3173
vn 0.5437 -0.7891 0.2860
vn 0.4640 -0.8097 0.3593
vn 0.5249 -0.7665 0.3701
vn 0.3913 -0.8775 0.2773
vn 0.4452 -0.8444 0.2980
vn 0.4975 0.6456 0.5794
vn 0.3541 0.6210 0.6992
vn 0.7971 0.2683 0.5410
vn 0.6284 0.3282 0.7053
vn 0.4439 0.2407 0.8631
vn 0.3654 0.5026 0.7835
vn 0.3797 -0.0245 0.9248
vn 0.3527 -0.0300 0.9353
vn 0.5173 0.0958 0.8504
vn 0.3671 0.0392 0.9294
vn 0.1669 0.1009 0.9808
vn 0.2573 -0.0436 0.9653
vn 0.2813 -0.1930 0.9400
vn -0.0115 0.4953 0.8687
vn 0.8926 0.0407 0.4489
vn 0.8394 0.3460 0.4192
vn 0.8602 0.1091 0.4982
vn 0.6509 0.5174 0.5556
vn 0.9112 -0.0722 0.4056
vn 0.9172 0.2496 0.3105
vn 0.9470 0.0986 0.3058
vn 0.9341 -0.1743 0.3115
vn 0.7055 0.6246 0.3350
vn 0.7614 0.5500 0.3432
vn 0.6989 0.6503 0.2979
vn 0.8559 0.4578 0.2406
vn 0.6471 -0.0808 0.7581
vn 0.4257 -0.1261 0.8960
vn 0.6134 -0.1863 0.7675
vn 0.4801 -0.1654 0.8615
vn 0.4756 -0.1208 0.8713
vn 0.5644 -0.1454 0.8126
vn 0.6017 -0.0936 0.7932
vn 0.6191 -0.0029 0.7853
vn 0.7491 -0.3420 0.5673
vn 0.7567 -0.1926 0.6247
vn 0.6468 -0.6093 0.4587
vn 0.7044 -0.4476 0.5509
vn 0.7124 -0.1014 0.6944
vn 0.7521 0.0599 0.6564
vn 0.6313 0.0941 0.7698
vn 0.6690 0.1987 0.7162
vn 0.7714 0.1214 0.6247
vn 0.8054 0.0392 0.5914
vn 0.7772 -0.0576 0.6266
vn 0.8165 0.0390 0.5760
vn 0.5073 -0.7404 0.4410
vn 0.5937 -0.6755 0.4373
vn 0.3597 -0.8142 0.4558
vn 0.1330 -0.8719 0.4712
vn 0.6928 -0.4351 0.5751
vn 0.5736 -0.5379 0.6178
vn 0.4029 -0.6325 0.6616
vn 0.1474 -0.7020 0.6968
vn 0.5310 -0.0970 0.8418
vn 0.6373 -0.1779 0.7498
vn 0.7973 -0.1571 0.5828
vn 0.7841 -0.0442 0.6191
vn 0.7649 -0.1981 0.6129
vn 0.8195 -0.0551 0.5704
vn 0.7284 -0.2335 0.6441
vn 0.8263 -0.1247 0.5493
vn 0.7517 -0.2438 0.6128
vn 0.6427 -0.3349 0.6890
vn 0.5723 -0.2223 0.7894
vn 0.3276 0.1595 0.9313
vn 0.3349 0.1811 0.9247
vn 0.2614 0.2315 0.9371
vn 0.3317 0.2303 0.9148
vn 0.3008 0.2762 0.9128
vn 0.0217 -0.0947 0.9953
vn 0.3656 -0.0986 0.9255
vn 0.3305 -0.1884 0.9248
vn 0.2889 -0.0594 0.9555
vn 0.2280 -0.0061 0.9736
vn 0.3621 -0.1508 0.9199
vn 0.3112 -0.0074 0.9503
vn 0.3437 0.0191 0.9389
vn 0.2886 0.1157 0.9504
vn 0.1763 0.0419 0.9834
vn -0.0398 0.1697 0.9847
vn 0.4042 0.0516 0.9132
vn 0.5190 -0.2663 0.8122
vn 0.3843 -0.2403 0.8914
vn 0.1291 -0.1307 0.9830
vn 0.2676 -0.1707 0.9483
vn 0.3534 -0.0264 0.9351
vn 0.5073 -0.0877 0.8573
vn 0.3624 -0.0397 0.9312
vn 0.2555 0.0029 0.9668
vn -0.2787 0.2075 0.9377
vn 0.1865 0.4683 0.8637
vn -0.0000 -0.4937 0.8696
vn -0.1865 0.4683 0.8637
vn -0.8214 0.4051 0.4016
vn -0.5429 0.5223 0.6577
vn 0.2631 0.6432 0.7191
vn 0.4642 0.6014 0.6502
vn 0.6100 0.4701 0.6378
vn -0.9478 0.0112 0.3187
vn 0.3867 -0.3762 0.8419
vn -0.1941 0.7210 -0.6652
vn 0.0324 -0.8020 -0.5964
vn 0.1571 0.7521 0.6400
vn 0.3715 0.0187 0.9283
vn 0.1667 -0.6643 0.7286
vn -0.2312 -0.9146 0.3316
vn -0.1819 0.8549 0.4859
vn -0.3942 0.7977 0.4563
vn -0.5086 -0.8342 0.2133
vn -0.6213 -0.7608 0.1876
vn -0.4190 -0.8651 0.2758
vn -0.5999 -0.7759 0.1954
vn -0.4037 0.7882 0.4645
vn -0.4653 0.7736 0.4301
vn -0.2832 0.4208 0.8618
vn -0.2267 0.3674 0.9020
vn -0.0529 -0.2365 0.9702
vn -0.3924 0.0377 0.9190
vn -0.3208 -0.3073 0.8959
vn -0.4835 -0.0797 0.8717
vn -0.3854 -0.0140 0.9226
vn -0.4829 -0.0822 0.8718
vn -0.3540 0.3113 0.8819
vn -0.2538 0.0126 0.9672
vn 0.6778 0.4479 0.5831
vn -0.0969 0.4949 0.8635
vn -0.1401 0.4336 0.8901
vn -0.0881 0.7494 0.6562
vn -0.0846 0.8372 0.5403
vn -0.2601 0.8211 0.5080
vn 0.1743 0.3875 0.9052
vn 0.1016 -0.9340 0.3426
vn -0.1535 -0.9320 0.3283
vn -0.6942 0.3540 0.6267
vn -0.0000 -0.4615 0.8872
vn 0.9638 -0.2398 0.1166
vn 0.6503 -0.0212 0.7594
vn -0.3616 -0.8119 -0.4584
vn 0.8214 0.4051 0.4015
vn -0.2631 0.6432 0.7191
vn 0.5429 0.5223 0.6577
vn -0.6100 0.4701 0.6378
vn -0.4642 0.6014 0.6502
vn 0.9478 0.0112 0.3187
vn -0.1016 -0.9340 0.3426
vn -0.6980 0.5047 -0.5080
vn -0.1571 0.7521 0.6400
vn -0.1667 -0.6643 0.7286
vn -0.3715 0.0187 0.9283
vn 0.1819 0.8549 0.4859
vn 0.2312 -0.9146 0.3316
vn 0.5086 -0.8342 0.2133
vn 0.3942 0.7977 0.4563
vn 0.6213 -0.7608 0.1876
vn 0.0846 0.8372 0.5403
vn 0.5999 -0.7759 0.1954
vn 0.4190 -0.8651 0.2758
vn 0.4653 0.7736 0.4301
vn 0.4037 0.7882 0.4645
vn 0.0881 0.7494 0.6562
vn 0.0969 0.4949 0.8635
vn 0.2832 0.4208 0.8618
vn 0.0529 -0.2365 0.9702
vn 0.2267 0.3674 0.9020
vn 0.3208 -0.3073 0.8959
vn 0.3924 0.0377 0.9190
vn -0.5990 0.5683 -0.5642
vn 0.3854 -0.0140 0.9226
vn 0.4835 -0.0797 0.8717
vn 0.4829 -0.0822 0.8718
vn 0.2538 0.0126 0.9672
vn 0.3540 0.3113 0.8819
vn -0.6778 0.4479 0.5831
vn 0.1401 0.4336 0.8901
vn 0.2601 0.8211 0.5080
vn -0.3303 -0.8227 -0.4628
vn 0.1535 -0.9320 0.3283
vn -0.4346 -0.6787 -0.5920
vn -0.9638 -0.2398 0.1166
vn -0.6503 -0.0212 0.7594
vn -0.4740 -0.6688 -0.5728
vn -0.7056 -0.0299 -0.7080
vn -0.6874 0.0354 -0.7254
vn -0.8285 -0.0438 -0.5583
vn -0.8276 -0.0365 -0.5601
vn -0.8398 0.0143 -0.5427
vn -0.8532 -0.0398 -0.5200
vn -0.8821 -0.0225 -0.4706
vn -0.8763 0.0032 -0.4817
vn -0.0090 0.9997 0.0241
vn -0.1533 -0.9051 -0.3967
vn -0.3090 -0.8272 -0.4692
vn -0.1482 -0.8881 -0.4351
vn -0.1437 -0.8898 -0.4331
vn -0.1085 -0.8666 -0.4871
vn -0.1178 -0.8638 -0.4898
vn -0.0969 -0.8311 -0.5477
vn -0.0933 -0.8319 -0.5471
vn 0.6942 0.3540 0.6267
vn -0.5654 -0.5776 -0.5888
vn 0.1102 0.9937 0.0197
vn 0.0090 0.9997 0.0241
vn 0.7014 0.3425 -0.6251
vn 0.5143 0.5734 -0.6377
vn -0.1822 0.7567 -0.6279
vn -0.0231 0.9557 0.2934
vn 0.7215 0.5986 -0.3480
vn -0.6885 -0.3085 -0.6564
vn -0.9291 -0.0892 -0.3590
vn -0.8059 0.1732 0.5662
vn -0.8098 0.4163 -0.4135
vn -0.5398 -0.0191 0.8416
vn -0.5950 0.0225 0.8034
vn -0.6353 0.1048 0.7651
vn -0.8910 -0.0988 -0.4431
vn -0.8938 -0.0451 -0.4462
vn -0.7824 -0.3056 -0.5427
vn -0.8097 -0.2219 -0.5433
vn -0.7679 -0.2889 -0.5717
vn -0.7677 -0.2894 -0.5717
vn -0.6456 -0.5178 -0.5613
vn -0.7656 -0.3467 -0.5419
vn 0.7538 0.5585 -0.3463
vn 0.6196 0.7347 -0.2762
vn -0.5289 -0.8477 0.0402
vn -0.8269 0.2966 -0.4779
vn -0.0324 -0.8020 -0.5964
vn -0.0785 -0.7967 -0.5992
vn -0.4750 0.3662 0.8002
vn -0.4972 0.3753 0.7822
vn -0.6005 -0.4116 0.6855
vn -0.5784 -0.5107 0.6362
vn -0.2910 0.6855 0.6673
vn -0.5264 0.6459 0.5529
vn -0.5644 0.7862 0.2517
vn -0.4991 -0.5694 0.6532
vn -0.4786 -0.6311 0.6105
vn -0.3429 0.8666 0.3626
vn -0.3462 0.8702 0.3505
vn -0.3867 -0.3762 0.8420
vn -0.8083 0.0247 0.5882
vn -0.6400 -0.5285 0.5577
vn -0.5323 -0.3739 0.7595
vn -0.4209 -0.0126 0.9070
vn -0.1962 -0.2168 0.9563
vn 0.1941 0.7210 -0.6652
vn 0.4563 0.6497 -0.6081
vn 0.7714 0.3707 -0.5172
vn 0.7571 0.3859 -0.5272
vn 0.2856 -0.7813 -0.5550
vn 0.2987 -0.7799 -0.5500
vn 0.4740 -0.6688 -0.5728
vn 0.4346 -0.6787 -0.5920
vn 0.5990 0.5683 -0.5642
vn 0.6980 0.5047 -0.5080
vn 0.3616 -0.8119 -0.4584
vn 0.3303 -0.8227 -0.4628
vn 0.8589 0.5053 0.0834
vn 0.6922 0.4824 -0.5368
vn 0.8269 0.2966 -0.4779
vn 0.5289 -0.8477 0.0402
vn 0.6885 -0.3085 -0.6564
vn 0.5654 -0.5776 -0.5888
vn -0.1743 0.3875 0.9052
vn -0.2383 0.5000 0.8326
vn -0.2385 0.5000 0.8326
vn -0.2987 -0.7799 -0.5500
vn -0.2856 -0.7813 -0.5550
vn 0.8285 -0.0438 -0.5583
vn 0.6874 0.0354 -0.7254
vn 0.7056 -0.0299 -0.7080
vn 0.8398 0.0143 -0.5427
vn 0.8276 -0.0365 -0.5601
vn 0.8763 0.0032 -0.4817
vn 0.8821 -0.0225 -0.4706
vn 0.8532 -0.0398 -0.5200
vn 0.1482 -0.8881 -0.4351
vn 0.3090 -0.8272 -0.4693
vn 0.1533 -0.9051 -0.3967
vn 0.1085 -0.8666 -0.4871
vn 0.1437 -0.8898 -0.4331
vn 0.0933 -0.8319 -0.5471
vn 0.0969 -0.8311 -0.5477
vn 0.1178 -0.8638 -0.4898
vn -0.7014 0.3425 -0.6251
vn -0.1102 0.9937 0.0197
vn 0.0231 0.9557 0.2934
vn 0.1822 0.7567 -0.6279
vn -0.5143 0.5734 -0.6377
vn 0.8098 0.4163 -0.4135
vn 0.8059 0.1732 0.5662
vn 0.9291 -0.0892 -0.3590
vn -0.7215 0.5986 -0.3480
vn -0.7571 0.3859 -0.5272
vn -0.7714 0.3707 -0.5172
vn -0.4563 0.6497 -0.6081
vn 0.5398 -0.0191 0.8416
vn 0.6353 0.1048 0.7651
vn 0.5950 0.0225 0.8034
vn 0.8938 -0.0451 -0.4462
vn 0.8910 -0.0988 -0.4431
vn 0.7679 -0.2889 -0.5717
vn 0.8097 -0.2219 -0.5433
vn 0.7824 -0.3056 -0.5427
vn 0.2385 0.5000 0.8326
vn 0.6456 -0.5178 -0.5613
vn 0.7677 -0.2894 -0.5717
vn 0.7656 -0.3467 -0.5419
vn -0.7538 0.5585 -0.3463
vn -0.6196 0.7347 -0.2762
vn 0.4972 0.3753 0.7822
vn 0.4750 0.3662 0.8002
vn 0.0785 -0.7967 -0.5992
vn 0.6005 -0.4116 0.6855
vn 0.2383 0.5000 0.8326
vn 0.5784 -0.5107 0.6362
vn 0.5264 0.6459 0.5529
vn 0.2910 0.6855 0.6673
vn 0.5644 0.7862 0.2517
vn 0.4786 -0.6311 0.6105
vn 0.4991 -0.5694 0.6532
vn 0.3462 0.8702 0.3505
vn 0.3429 0.8666 0.3626
vn 0.8083 0.0247 0.5882
vn 0.6400 -0.5285 0.5577
vn 0.5323 -0.3739 0.7595
vn 0.4209 -0.0126 0.9070
vn -0.6922 0.4824 -0.5368
vn -0.8589 0.5053 0.0834
vn 0.1962 -0.2168 0.9563
vn -0.0493 -0.2503 -0.9669
vn 0.0150 0.2471 -0.9689
vn 0.0493 -0.2503 -0.9669
vn -0.0150 0.2471 -0.9689
vn 0.0343 0.7449 0.6663
vn -0.0343 0.7449 0.6663
vn 0.0740 0.2780 0.9577
vn -0.0740 0.2780 0.9577
vn -0.0495 0.9110 0.4094
vn -0.0477 0.3750 0.9258
vn 0.0495 0.9110 0.4094
vn 0.0477 0.3750 0.9258
vn -0.9896 -0.1435 -0.0104
vn -0.8812 0.2695 -0.3885
vn -0.8227 0.1262 0.5543
vn -0.9824 -0.1203 -0.1427
vn -0.5833 0.2306 0.7788
vn -0.4785 0.8402 0.2549
vn -0.8803 0.4659 0.0898
vn -0.5273 0.2305 0.8178
vn -0.0879 0.2615 0.9612
vn 0.7502 0.6608 0.0232
vn 0.5817 0.7919 0.1858
vn 0.0984 0.2221 0.9700
vn -0.0559 0.3039 0.9511
vn 0.7651 0.5585 0.3204
vn -0.0025 0.4486 0.8937
vn 0.7740 0.4901 0.4009
vn -0.0039 0.6067 0.7950
vn -0.0816 0.5210 0.8496
vn -0.3049 0.1446 0.9413
vn -0.3045 0.1659 0.9379
vn -0.2268 0.5287 0.8179
vn -0.2746 0.1561 0.9488
vn -0.1050 0.7699 0.6295
vn -0.2790 -0.0475 0.9591
vn -0.3516 0.6215 0.7000
vn -0.3221 0.5743 0.7526
vn -0.2390 -0.1105 0.9647
vn 0.4328 0.1258 0.8927
vn 0.2892 0.1292 0.9485
vn 0.2268 0.5287 0.8179
vn 0.1050 0.7699 0.6295
vn -0.4032 -0.1134 0.9080
vn 0.5601 -0.1837 0.8078
vn 0.2771 0.1970 0.9404
vn -0.0548 0.0854 0.9948
vn -0.3364 -0.4685 0.8169
vn -0.3954 -0.2598 0.8810
vn -0.3122 0.0824 0.9464
vn -0.4754 -0.6356 0.6083
vn -0.7715 -0.0387 0.6351
vn 0.1151 -0.3160 0.9418
vn 0.1707 0.0193 0.9851
vn -0.6288 0.3326 0.7028
vn -0.4112 -0.1490 0.8993
vn 0.0363 0.1228 0.9918
vn -0.0301 0.1928 0.9808
vn -0.8459 -0.2408 0.4760
vn 0.0154 0.5883 0.8085
vn -0.1382 0.6383 0.7573
vn -0.1465 0.1350 0.9800
vn -0.2539 0.1842 0.9495
vn -0.1282 0.7051 0.6974
vn -0.1235 0.2478 0.9609
vn 0.2915 -0.5954 0.7487
vn -0.2915 -0.5954 0.7487
vn -0.3510 -0.3338 0.8749
vn 0.3510 -0.3338 0.8749
vn -0.2691 -0.6743 0.6877
vn 0.2901 -0.6714 0.6819
vn -0.1656 -0.7511 0.6391
vn -0.2288 -0.7571 0.6119
vn 0.1656 -0.7511 0.6391
vn 0.2304 -0.7718 0.5926
vn 0.5993 -0.0979 0.7945
vn -0.6101 0.6338 0.4754
vn -0.5378 0.6551 0.5307
vn -0.5870 -0.0951 0.8040
vn 0.6101 0.6338 0.4754
vn 0.5382 0.6596 0.5247
vn 0.3159 -0.4351 0.8432
vn 0.2856 -0.3194 0.9036
vn -0.3159 -0.4351 0.8432
vn -0.3739 -0.3000 0.8776
vn -0.2256 -0.4401 0.8691
vn -0.2416 -0.4436 0.8630
vn 0.2416 -0.4436 0.8630
vn 0.2256 -0.4401 0.8691
vn 0.6312 0.7753 -0.0237
vn -0.3925 0.2808 0.8758
vn 0.5081 0.8592 -0.0596
vn -0.6747 0.2641 0.6892
vn 0.9479 0.2253 0.2251
vn -0.3467 -0.1799 0.9206
vn -0.3255 -0.1918 0.9259
vn 0.6729 -0.7385 -0.0428
vn 0.3032 -0.9370 -0.1736
vn -0.7293 -0.4071 0.5499
vn -0.5573 -0.3631 0.7467
vn -0.0566 -0.9789 -0.1964
vn 0.3698 0.9259 -0.0774
vn -0.7581 0.1654 0.6308
vn 0.2442 0.9622 -0.1208
vn -0.7500 0.1139 0.6516
vn -0.1926 -0.9626 -0.1903
vn -0.8091 -0.2887 0.5119
vn -0.8162 -0.3194 0.4815
vn -0.2590 -0.9486 -0.1818
vn -0.1429 -0.9854 -0.0928
vn -0.4407 -0.5944 0.6727
vn -0.6757 -0.4348 0.5953
vn 0.0802 -0.9965 -0.0238
vn 0.1976 0.9682 -0.1536
vn -0.6524 0.0837 0.7533
vn 0.1795 0.9675 -0.1782
vn -0.5100 0.0999 0.8543
vn -0.4790 0.0560 0.8760
vn 0.0878 0.9772 -0.1932
vn -0.0967 0.9786 -0.1816
vn -0.1876 0.0428 0.9813
vn 0.2074 0.0706 0.9757
vn 0.2437 -0.9698 0.0069
vn -0.0992 -0.6845 0.7222
vn -0.2437 -0.9698 0.0069
vn 0.0992 -0.6845 0.7222
vn 0.8812 0.2695 -0.3885
vn 0.9896 -0.1435 -0.0104
vn 0.8227 0.1262 0.5543
vn 0.9824 -0.1203 -0.1427
vn 0.5833 0.2306 0.7788
vn 0.8803 0.4659 0.0898
vn 0.5273 0.2305 0.8178
vn 0.4785 0.8403 0.2549
vn 0.1207 0.2697 0.9554
vn -0.5817 0.7919 0.1858
vn 0.0204 0.2626 0.9647
vn -0.7502 0.6608 0.0232
vn -0.2743 0.1878 -0.9431
vn -0.6336 0.7736 0.0058
vn -0.9479 0.2253 0.2251
vn -0.4252 -0.0368 -0.9043
vn -0.5280 -0.2837 -0.8004
vn -0.0802 -0.9965 -0.0238
vn -0.3167 -0.4102 -0.8552
vn -0.7578 -0.1140 -0.6424
vn -0.1969 0.9726 -0.1240
vn -0.2312 0.9688 -0.0898
vn -0.6933 -0.0247 -0.7202
vn -0.1849 0.2198 0.9579
vn -0.3768 0.2880 0.8804
vn -0.7651 0.5585 0.3204
vn -0.7740 0.4901 0.4009
vn 0.3441 0.0150 0.9388
vn 0.0816 0.5210 0.8496
vn 0.0039 0.6067 0.7950
vn 0.3049 0.1446 0.9413
vn 0.3073 0.1660 0.9370
vn 0.2790 -0.0475 0.9591
vn 0.3516 0.6215 0.7000
vn 0.3167 0.5764 0.7533
vn 0.2390 -0.1105 0.9647
vn 0.2151 -0.2677 0.9392
vn 0.0548 0.0854 0.9948
vn -0.5601 -0.1837 0.8078
vn 0.3257 0.1911 0.9260
vn 0.2776 -0.3166 0.9070
vn 0.3122 0.0824 0.9464
vn -0.1519 0.5633 0.8121
vn 0.3472 -0.7164 0.6051
vn 0.7013 -0.0760 0.7088
vn 0.0178 0.0114 0.9998
vn 0.6288 0.3326 0.7028
vn -0.1151 -0.3160 0.9418
vn 0.7653 -0.4865 0.4214
vn 0.4848 -0.0811 0.8709
vn 0.7699 -0.2363 0.5927
vn -0.0008 0.1134 0.9935
vn 0.1382 0.6383 0.7573
vn -0.0154 0.5883 0.8085
vn 0.1235 0.2478 0.9609
vn 0.2539 0.1842 0.9495
vn 0.1465 0.1350 0.9800
vn 0.0180 0.6594 0.7516
vn 0.6285 0.4092 0.6615
vn 0.3925 0.2808 0.8758
vn -0.5078 0.8595 -0.0589
vn -0.7440 -0.1300 -0.6554
vn 0.0566 -0.9789 -0.1964
vn 0.1926 -0.9626 -0.1903
vn -0.7338 0.0989 -0.6722
vn 0.7650 -0.2885 0.5758
vn 0.9297 0.1107 0.3512
vn -0.0518 0.7173 0.6949
vn -0.0068 0.7005 -0.7136
vn 0.0518 0.7173 0.6949
vn 0.0068 0.7005 -0.7136
vn 0.0714 -0.9891 0.1290
vn 0.0265 -0.1542 -0.9877
vn -0.0265 -0.1542 -0.9877
vn -0.0992 -0.9881 0.1173
vn -0.6891 -0.7005 0.1853
vn -0.5818 -0.7783 0.2362
vn -0.2333 -0.0533 -0.9709
vn 0.1529 -0.4160 -0.8964
vn -0.0746 0.0945 -0.9927
vn -0.0745 -0.1012 -0.9921
vn -0.9006 0.2885 0.3251
vn -0.7991 0.3275 0.5042
vn -0.9110 0.3918 -0.1292
vn -0.9716 0.2103 0.1086
vn -0.9454 -0.1038 0.3088
vn -0.3487 0.0327 -0.9366
vn -0.9612 -0.0607 0.2689
vn -0.3578 0.0160 -0.9337
vn -0.9834 0.1323 0.1245
vn -0.2324 -0.1749 -0.9568
vn -0.0701 -0.4733 -0.8781
vn -0.9877 0.0070 0.1559
vn -0.3063 -0.0771 -0.9488
vn -0.9862 0.0962 0.1345
vn -0.2784 -0.1285 -0.9518
vn -0.9795 -0.0041 0.2012
vn -0.3485 -0.0197 -0.9371
vn -0.9875 0.0421 0.1521
vn -0.3242 -0.0287 -0.9456
vn -0.0263 0.5924 0.8052
vn 0.1256 0.5969 0.7925
vn 0.2971 0.0945 0.9502
vn 0.2918 0.0985 0.9514
vn 0.2789 0.0833 0.9567
vn -0.5385 -0.8125 0.2232
vn 0.3036 -0.4560 -0.8366
vn -0.5469 -0.8016 0.2416
vn 0.3163 -0.4886 -0.8132
vn -0.4232 -0.8812 0.2107
vn 0.2283 -0.3522 -0.9076
vn -0.4947 -0.8425 0.2132
vn 0.2695 -0.4044 -0.8740
vn -0.3383 -0.9254 0.1708
vn 0.1583 -0.2581 -0.9531
vn -0.3727 -0.9070 0.1962
vn 0.1948 -0.3060 -0.9319
vn 0.5660 0.0060 0.8244
vn 0.5907 -0.0017 0.8069
vn 0.4899 -0.1417 0.8602
vn 0.5413 -0.2303 0.8087
vn 0.3255 -0.1918 0.9259
vn 0.4278 -0.4093 0.8059
vn 0.4680 -0.4195 0.7778
vn 0.4790 0.0560 0.8760
vn 0.5100 0.0999 0.8544
vn 0.1785 -0.4910 0.8527
vn 0.3648 0.2716 -0.8906
vn 0.1576 0.0657 -0.9853
vn 0.3657 -0.0728 -0.9279
vn 0.2723 -0.0709 -0.9596
vn -0.2311 0.0315 -0.9724
vn 0.2232 0.4623 -0.8582
vn -0.8284 0.0495 0.5579
vn -0.7859 -0.0279 0.6177
vn -0.2793 -0.0294 0.9597
vn -0.2303 0.0236 0.9728
vn -0.8156 0.1729 0.5522
vn -0.7902 0.2219 0.5712
vn -0.8053 0.1152 0.5815
vn -0.5135 0.2303 0.8266
vn -0.5081 0.2303 0.8299
vn -0.3934 0.0618 0.9173
vn -0.9561 -0.2146 0.1995
vn -0.2239 -0.0725 -0.9719
vn -0.9423 -0.1119 0.3156
vn -0.2920 0.0103 -0.9564
vn -0.8860 -0.4284 0.1772
vn -0.2349 0.0270 -0.9716
vn -0.9262 -0.3319 0.1786
vn -0.1876 -0.0878 -0.9783
vn -0.7639 -0.6248 0.1612
vn -0.3143 0.1130 -0.9426
vn -0.8297 -0.5355 0.1574
vn -0.2806 0.1125 -0.9532
vn -0.0589 -0.2759 0.9594
vn 0.0087 -0.2946 0.9556
vn -0.2427 -0.0781 0.9669
vn -0.1225 -0.2033 0.9714
vn -0.3828 -0.1993 0.9021
vn -0.2490 -0.4157 0.8748
vn -0.4145 0.0638 0.9078
vn -0.4303 0.0661 0.9003
vn 0.5417 0.6515 0.5312
vn 0.5907 0.6153 0.5219
vn 0.3840 0.4224 0.8210
vn 0.0129 0.5711 0.8208
vn -0.6091 0.7410 0.2825
vn -0.5319 0.5797 0.6172
vn -0.1865 -0.7204 0.6680
vn -0.7964 -0.2587 0.5466
vn -0.2236 -0.7088 0.6690
vn -0.2066 -0.6845 0.6991
vn -0.7554 -0.3667 0.5431
vn 0.2815 0.3686 -0.8860
vn 0.1564 0.7203 0.6758
vn 0.0647 0.6523 -0.7552
vn -0.2342 -0.9644 0.1226
vn 0.0713 -0.1722 -0.9825
vn -0.2964 -0.9442 0.1435
vn 0.1104 -0.2094 -0.9716
vn -0.4647 0.7706 0.4361
vn -0.5044 0.2635 0.8223
vn -0.4787 0.3298 0.8137
vn -0.3319 0.5878 0.7378
vn -0.4248 0.7048 0.5681
vn -0.4132 0.5131 0.7523
vn -0.3216 0.1472 0.9354
vn -0.5823 0.7357 0.3460
vn 0.2236 -0.7088 0.6690
vn 0.2086 -0.6658 0.7164
vn -0.0544 0.9444 0.3243
vn -0.5621 0.7601 0.3260
vn -0.2745 0.9287 0.2493
vn -0.2749 0.9267 0.2562
vn -0.5865 0.7347 0.3409
vn -0.7270 -0.4565 0.5129
vn -0.8546 -0.3044 0.4207
vn 0.2749 0.9267 0.2562
vn 0.2745 0.9287 0.2492
vn -0.9297 0.1107 0.3512
vn -0.8446 0.4270 0.3229
vn -0.8649 0.4422 0.2376
vn -0.7912 0.0534 0.6092
vn -0.8229 -0.1760 0.5402
vn -0.1785 -0.4910 0.8527
vn 0.6933 -0.0247 -0.7202
vn 0.5283 0.0517 -0.8475
vn -0.2244 0.1654 -0.9604
vn 0.2244 0.1654 -0.9604
vn 0.4252 -0.0368 -0.9043
vn 0.6109 -0.2627 -0.7469
vn 0.7578 -0.1140 -0.6424
vn 0.7308 -0.2360 -0.6405
vn 0.5280 -0.2837 -0.8004
vn 0.6168 -0.2134 -0.7576
vn 0.7440 -0.1300 -0.6554
vn 0.7208 -0.1160 -0.6834
vn 0.5314 0.2133 -0.8198
vn 0.7338 0.0989 -0.6722
vn 0.3167 -0.4102 -0.8552
vn 0.4441 0.1582 -0.8819
vn 0.2743 0.1878 -0.9431
vn -0.1172 0.0724 0.9905
vn -0.1138 0.0695 0.9911
vn 0.0357 -0.1424 0.9892
vn 0.1337 -0.0792 0.9879
vn -0.2892 0.1292 0.9485
vn -0.2789 0.0833 0.9567
vn -0.4328 0.1258 0.8927
vn -0.3114 0.1386 0.9401
vn -0.1809 0.1427 0.9731
vn -0.6729 -0.7385 -0.0428
vn 0.4662 -0.1695 0.8683
vn -0.3032 -0.9370 -0.1736
vn 0.6555 -0.2706 0.7051
vn 0.7800 -0.2842 0.5575
vn -0.3718 0.9248 -0.0805
vn 0.7577 0.1655 0.6313
vn 0.7489 0.2673 0.6064
vn 0.8249 -0.2866 0.4873
vn 0.2590 -0.9486 -0.1818
vn 0.8091 -0.2887 0.5119
vn 0.1429 -0.9854 -0.0928
vn 0.6757 -0.4349 0.5953
vn 0.4407 -0.5944 0.6727
vn 0.6729 0.1316 0.7280
vn -0.1877 0.9701 -0.1541
vn 0.6891 -0.7005 0.1853
vn 0.2333 -0.0533 -0.9709
vn 0.5944 -0.7734 0.2201
vn -0.1529 -0.4160 -0.8964
vn 0.0746 0.0945 -0.9927
vn 0.0745 -0.1012 -0.9921
vn 0.7991 0.3275 0.5042
vn 0.9006 0.2885 0.3251
vn 0.9716 0.2103 0.1086
vn 0.9110 0.3918 -0.1292
vn 0.9454 -0.1038 0.3088
vn 0.9612 -0.0607 0.2689
vn 0.3487 0.0327 -0.9366
vn 0.3578 0.0160 -0.9337
vn 0.2324 -0.1749 -0.9568
vn 0.0701 -0.4733 -0.8781
vn 0.9833 0.1313 0.1259
vn 0.9877 0.0070 0.1559
vn 0.9862 0.0962 0.1345
vn 0.3063 -0.0771 -0.9488
vn 0.2784 -0.1285 -0.9518
vn 0.9875 0.0421 0.1521
vn 0.3485 -0.0197 -0.9371
vn 0.3242 -0.0287 -0.9456
vn 0.9795 -0.0041 0.2012
vn 0.5385 -0.8034 0.2539
vn -0.3036 -0.4560 -0.8366
vn -0.3163 -0.4886 -0.8132
vn 0.5185 -0.8168 0.2532
vn 0.3985 -0.8843 0.2434
vn 0.4703 -0.8467 0.2488
vn -0.2283 -0.3522 -0.9076
vn -0.2695 -0.4044 -0.8740
vn 0.3407 -0.9115 0.2306
vn -0.1583 -0.2581 -0.9531
vn -0.1948 -0.3060 -0.9319
vn 0.2849 -0.9349 0.2116
vn -0.3648 0.2716 -0.8906
vn -0.1576 0.0657 -0.9853
vn -0.3657 -0.0728 -0.9279
vn -0.2723 -0.0709 -0.9596
vn -0.6168 -0.2134 -0.7576
vn -0.7208 -0.1159 -0.6834
vn 0.2311 0.0315 -0.9724
vn -0.2232 0.4623 -0.8582
vn 0.1534 0.9389 0.3082
vn 0.5867 0.7346 0.3409
vn 0.6091 0.7410 0.2825
vn 0.7859 -0.0279 0.6177
vn 0.2793 -0.0294 0.9597
vn 0.8284 0.0495 0.5579
vn 0.2303 0.0236 0.9728
vn 0.8053 0.1152 0.5815
vn 0.5081 0.2303 0.8299
vn 0.5135 0.2303 0.8266
vn 0.8156 0.1729 0.5522
vn 0.7716 0.2665 0.5777
vn 0.3934 0.0618 0.9173
vn -0.6109 -0.2627 -0.7469
vn -0.7308 -0.2360 -0.6405
vn -0.5283 0.0517 -0.8475
vn 0.9423 -0.1119 0.3156
vn 0.2239 -0.0725 -0.9719
vn 0.2920 0.0103 -0.9564
vn 0.9365 -0.2470 0.2487
vn 0.8860 -0.4284 0.1772
vn 0.9171 -0.3458 0.1986
vn 0.2349 0.0270 -0.9716
vn 0.1876 -0.0878 -0.9783
vn 0.8297 -0.5355 0.1574
vn 0.3143 0.1130 -0.9426
vn 0.2806 0.1125 -0.9532
vn 0.7639 -0.6248 0.1612
vn 0.0589 -0.2759 0.9594
vn -0.0134 -0.3380 0.9410
vn 0.1225 -0.2033 0.9714
vn 0.2427 -0.0781 0.9669
vn 0.4303 0.0661 0.9003
vn 0.4145 0.0638 0.9078
vn 0.3828 -0.1993 0.9021
vn 0.3248 -0.4649 0.8236
vn -0.5417 0.6515 0.5312
vn -0.5809 0.6102 0.5387
vn -0.0129 0.5711 0.8208
vn -0.3840 0.4224 0.8210
vn 0.5319 0.5797 0.6172
vn 0.1865 -0.7204 0.6680
vn 0.7554 -0.3667 0.5431
vn 0.7964 -0.2587 0.5466
vn -0.1564 0.7203 0.6758
vn -0.2815 0.3686 -0.8860
vn -0.0647 0.6523 -0.7552
vn 0.1711 -0.9733 0.1533
vn 0.2247 -0.9568 0.1846
vn -0.0713 -0.1722 -0.9825
vn -0.1104 -0.2094 -0.9716
vn 0.4647 0.7706 0.4361
vn 0.4248 0.7048 0.5681
vn 0.3319 0.5878 0.7378
vn 0.4132 0.5131 0.7523
vn 0.4787 0.3298 0.8137
vn 0.5044 0.2635 0.8223
vn 0.3216 0.1472 0.9354
vn 0.5823 0.7357 0.3460
vn 0.5621 0.7601 0.3260
vn 0.7270 -0.4565 0.5129
vn 0.8446 0.4270 0.3229
vn 0.8716 0.4341 0.2276
vn 0.7425 -0.0143 0.6697
vn 0.7103 -0.3870 0.5879
vn 0.7352 -0.2691 0.6222
vn 0.8229 -0.1760 0.5402
vn -0.5314 0.2133 -0.8198
vn -0.4441 0.1582 -0.8819
vn -0.3491 -0.0523 0.9356
vn -0.2950 0.0070 0.9555
vn -0.7286 -0.0756 0.6807
vn -0.7284 -0.0754 0.6809
vn -0.0111 0.0394 0.9992
vn -0.5681 0.7073 0.4206
vn -0.7103 -0.3870 0.5879
vn -0.7425 -0.0143 0.6697
vn -0.5660 0.0060 0.8244
vn -0.6223 -0.0033 0.7828
vn -0.5413 -0.2303 0.8087
vn -0.4899 -0.1417 0.8602
vn -0.4278 -0.4093 0.8059
vn -0.4682 -0.4230 0.7758
vn -0.1256 0.5969 0.7925
vn 0.0263 0.5924 0.8052
vn -0.2717 0.1078 0.9563
vn -0.2918 0.0985 0.9514
vn 0.5681 0.7073 0.4206
vn -0.0357 -0.1424 0.9892
vn -0.0789 -0.0987 0.9920
vn 0.1138 0.0695 0.9911
vn 0.1172 0.0724 0.9905
vn 0.3114 0.1386 0.9401
vn 0.2400 0.1511 0.9590
vn 0.3491 -0.0523 0.9356
vn 0.3191 -0.0133 0.9476
vn 0.7286 -0.0756 0.6807
vn 0.7204 -0.0898 0.6878
vn 0.0111 0.0394 0.9992
vn -0.2913 0.0092 -0.9566
vn -0.2398 -0.1201 -0.9634
vn -0.3264 0.0132 -0.9451
vn -0.3186 0.0160 -0.9478
vn 0.3600 0.2344 -0.9030
vn 0.4225 0.3339 -0.8426
vn 0.3403 -0.0340 -0.9397
vn 0.4020 -0.0439 -0.9146
vn 0.3923 0.3391 -0.8550
vn 0.3285 0.2439 -0.9125
vn 0.1960 -0.1273 -0.9723
vn 0.2484 -0.1137 -0.9620
vn 0.5168 -0.0825 -0.8521
vn 0.7904 -0.1860 -0.5837
vn 0.5842 -0.1466 -0.7983
vn 0.4741 -0.0894 -0.8759
vn 0.2191 -0.0944 -0.9711
vn -0.0511 -0.1778 -0.9827
vn 0.0176 -0.3991 -0.9168
vn -0.0423 -0.6099 -0.7913
vn -0.1171 -0.5686 -0.8142
vn 0.2299 -0.0989 -0.9682
vn 0.1112 -0.1345 -0.9847
vn 0.4286 0.0283 -0.9030
vn 0.1463 0.0399 -0.9884
vn 0.1565 -0.0775 -0.9846
vn 0.3614 -0.0547 -0.9308
vn 0.6598 0.3845 -0.6456
vn 0.4978 0.3422 -0.7970
vn 0.5946 0.0916 -0.7988
vn 0.6482 0.1656 -0.7433
vn 0.5996 0.0085 -0.8003
vn 0.6393 -0.0283 -0.7685
vn 0.6305 -0.0105 -0.7761
vn 0.5599 0.0283 -0.8281
vn 0.6250 0.7468 -0.2274
vn 0.5720 0.7812 -0.2500
vn 0.6392 0.6810 -0.3573
vn 0.7061 0.6672 -0.2374
vn 0.7850 0.5421 -0.2998
vn 0.7106 0.4713 -0.5224
vn 0.7403 0.2551 -0.6220
vn 0.8465 0.3905 -0.3618
vn 0.8683 0.2800 -0.4094
vn 0.6908 0.1318 -0.7109
vn 0.6395 0.0885 -0.7637
vn 0.8605 0.1832 -0.4753
vn 0.8161 0.0407 -0.5765
vn 0.6308 0.0249 -0.7755
vn 0.4236 -0.0446 -0.9047
vn 0.7266 0.0767 -0.6828
vn 0.5397 0.0113 -0.8418
vn 0.5505 0.0110 -0.8348
vn 0.3613 -0.1430 -0.9214
vn 0.3943 -0.0451 -0.9179
vn 0.4526 -0.0890 -0.8873
vn 0.5267 -0.2897 -0.7992
vn 0.2582 -0.4704 -0.8438
vn 0.2413 -0.3071 -0.9206
vn 0.2934 0.9157 -0.2747
vn 0.1171 0.9518 -0.2833
vn 0.1296 0.9145 -0.3833
vn 0.3383 0.8661 -0.3680
vn 0.4417 0.8153 -0.3744
vn 0.4527 0.8219 -0.3457
vn 0.5412 0.7369 -0.4051
vn 0.5579 0.6116 -0.5610
vn 0.5439 0.7893 -0.2850
vn 0.4880 0.8135 -0.3165
vn 0.4918 0.6666 -0.5602
vn 0.5628 0.6983 -0.4423
vn 0.4449 0.8444 -0.2985
vn 0.3911 0.8774 -0.2777
vn 0.4639 0.8096 -0.3597
vn 0.5245 0.7666 -0.3705
vn 0.6287 -0.3267 -0.7056
vn 0.7955 -0.2668 -0.5440
vn 0.4958 -0.6464 -0.5800
vn 0.3524 -0.6212 -0.6999
vn 0.3651 -0.4995 -0.7856
vn 0.4421 -0.2421 -0.8637
vn 0.3672 -0.0394 -0.9293
vn 0.5131 -0.0230 -0.8580
vn 0.3798 0.0244 -0.9247
vn 0.3524 0.0300 -0.9354
vn 0.2834 0.1941 -0.9392
vn 0.2586 0.0434 -0.9650
vn 0.1692 -0.1001 -0.9805
vn -0.0126 -0.4973 -0.8675
vn -0.3209 0.0797 -0.9437
vn -0.3229 0.0180 -0.9463
vn -0.3317 0.0628 -0.9413
vn 0.6557 -0.5162 -0.5509
vn 0.8612 -0.1087 -0.4965
vn 0.8938 -0.0409 -0.4467
vn 0.8405 -0.3455 -0.4173
vn 0.9175 -0.2501 -0.3092
vn 0.9119 0.0721 -0.4041
vn 0.9339 0.1726 -0.3133
vn 0.9475 -0.0981 -0.3042
vn 0.7055 -0.6245 -0.3352
vn 0.7620 -0.5503 -0.3415
vn 0.8555 -0.4588 -0.2399
vn 0.6982 -0.6513 -0.2973
vn 0.4795 0.1654 -0.8618
vn 0.6098 0.1842 -0.7709
vn 0.6457 0.0807 -0.7593
vn 0.4259 0.1254 -0.8961
vn 0.6188 0.0025 -0.7856
vn 0.6017 0.0928 -0.7933
vn 0.4750 0.1210 -0.8716
vn 0.5641 0.1462 -0.8126
vn 0.7018 0.4493 -0.5528
vn 0.6442 0.6120 -0.4587
vn 0.7485 0.3410 -0.5687
vn 0.7555 0.1914 -0.6266
vn 0.6681 -0.2009 -0.7164
vn 0.6311 -0.0942 -0.7700
vn 0.7120 0.1019 -0.6948
vn 0.7511 -0.0633 -0.6572
vn 0.8055 -0.0392 -0.5913
vn 0.7714 -0.1216 -0.6247
vn 0.8162 -0.0402 -0.5764
vn 0.7777 0.0555 -0.6262
vn 0.5920 0.6770 -0.4373
vn 0.5059 0.7413 -0.4410
vn 0.5729 0.5372 -0.6190
vn 0.6926 0.4337 -0.5764
vn 0.3588 0.8148 -0.4554
vn 0.1327 0.8724 -0.4704
vn 0.1471 0.7020 -0.6968
vn 0.4023 0.6320 -0.6624
vn 0.6377 0.1772 -0.7496
vn 0.5314 0.0968 -0.8416
vn 0.7828 0.0459 -0.6206
vn 0.7964 0.1581 -0.5838
vn 0.8190 0.0525 -0.5714
vn 0.7646 0.1979 -0.6134
vn 0.7306 0.2287 -0.6434
vn 0.8267 0.1229 -0.5490
vn 0.7510 0.2444 -0.6133
vn 0.6419 0.3361 -0.6892
vn 0.5786 0.2207 -0.7852
vn 0.3293 -0.1543 -0.9315
vn 0.3342 -0.1811 -0.9249
vn 0.3315 -0.2301 -0.9150
vn 0.2617 -0.2320 -0.9369
vn 0.3021 -0.2764 -0.9123
vn -0.0020 0.1101 -0.9939
vn 0.3659 0.0977 -0.9255
vn 0.2877 0.0616 -0.9557
vn 0.3293 0.1845 -0.9260
vn 0.3605 0.1473 -0.9210
vn 0.2290 0.0066 -0.9734
vn 0.3119 0.0068 -0.9501
vn 0.2893 -0.1183 -0.9499
vn 0.3440 -0.0185 -0.9388
vn 0.1763 -0.0430 -0.9834
vn -0.0430 -0.1735 -0.9839
vn 0.4042 -0.0565 -0.9129
vn 0.5181 0.2651 -0.8132
vn 0.3856 0.2442 -0.8898
vn 0.1303 0.1317 -0.9827
vn 0.2679 0.1696 -0.9484
vn -0.2573 -0.2034 -0.9447
vn 0.2561 -0.0046 -0.9666
vn 0.3558 0.0332 -0.9340
vn 0.3602 0.0295 -0.9324
vn 0.5087 0.0902 -0.8562
vn 0.3221 0.2824 -0.9036
vn 0.4417 0.1890 -0.8770
vn 0.4421 0.0605 -0.8949
vn 0.3214 0.0184 -0.9467
vn 0.2716 0.1385 -0.9524
vn 0.2913 0.0092 -0.9566
vn 0.4422 0.1821 -0.8782
vn 0.3227 0.0794 -0.9432
vn 0.3317 0.0628 -0.9413
vn 0.3186 0.0160 -0.9478
vn -0.3490 -0.1041 -0.9313
vn -0.4020 -0.0439 -0.9146
vn -0.4225 0.3339 -0.8426
vn -0.3600 0.2344 -0.9030
vn -0.1786 -0.0991 -0.9789
vn -0.2492 -0.1195 -0.9610
vn -0.3342 0.1964 -0.9218
vn -0.3959 0.2379 -0.8869
vn -0.5842 -0.1466 -0.7983
vn -0.7904 -0.1860 -0.5837
vn -0.5168 -0.0825 -0.8521
vn -0.4741 -0.0894 -0.8759
vn -0.2970 -0.1466 -0.9436
vn -0.1590 -0.3729 -0.9142
vn -0.1315 -0.4757 -0.8697
vn -0.2299 -0.0989 -0.9682
vn -0.1112 -0.1345 -0.9847
vn -0.0194 -0.6097 -0.7924
vn -0.0316 -0.6308 -0.7753
vn -0.4286 0.0283 -0.9030
vn -0.1463 0.0399 -0.9884
vn -0.6444 0.3992 -0.6522
vn -0.5523 0.3051 -0.7758
vn -0.3614 -0.0547 -0.9308
vn -0.1565 -0.0775 -0.9846
vn -0.6459 -0.0251 -0.7630
vn -0.6006 0.0049 -0.7995
vn -0.6804 0.1388 -0.7196
vn -0.5265 0.1370 -0.8391
vn -0.4417 0.1890 -0.8770
vn -0.3221 0.2824 -0.9036
vn -0.1816 -0.1387 -0.9735
vn -0.5995 -0.0045 -0.8004
vn -0.6305 -0.0105 -0.7761
vn -0.6392 0.6810 -0.3573
vn -0.7061 0.6672 -0.2374
vn -0.5720 0.7812 -0.2500
vn -0.6250 0.7468 -0.2274
vn -0.7573 0.2426 -0.6064
vn -0.8636 0.3724 -0.3398
vn -0.7507 0.4340 -0.4982
vn -0.8112 0.5134 -0.2799
vn -0.6938 0.0519 -0.7183
vn -0.8941 0.1463 -0.4233
vn -0.7513 0.0958 -0.6530
vn -0.8849 0.2636 -0.3841
vn -0.4236 -0.0446 -0.9047
vn -0.7266 0.0767 -0.6828
vn -0.6308 0.0249 -0.7755
vn -0.8161 0.0407 -0.5765
vn -0.5027 -0.2978 -0.8116
vn -0.5398 -0.1474 -0.8288
vn -0.6284 -0.0726 -0.7745
vn -0.5397 0.0113 -0.8418
vn -0.4155 -0.6101 -0.6746
vn -0.3757 -0.4555 -0.8071
vn -0.5749 -0.3507 -0.7393
vn -0.6042 -0.2640 -0.7518
vn -0.1296 0.9145 -0.3833
vn -0.3383 0.8661 -0.3680
vn -0.1171 0.9518 -0.2833
vn -0.2934 0.9157 -0.2747
vn -0.5412 0.7369 -0.4051
vn -0.4670 0.7226 -0.5097
vn -0.4527 0.8219 -0.3457
vn -0.4636 0.7989 -0.3832
vn -0.5474 0.6137 -0.5690
vn -0.6144 0.6531 -0.4427
vn -0.5298 0.7821 -0.3280
vn -0.5439 0.7893 -0.2850
vn -0.4639 0.8096 -0.3597
vn -0.5245 0.7666 -0.3705
vn -0.3911 0.8774 -0.2777
vn -0.4449 0.8444 -0.2985
vn -0.5003 -0.6470 -0.5754
vn -0.4192 -0.6691 -0.6137
vn -0.7453 -0.2242 -0.6280
vn -0.6693 -0.3599 -0.6500
vn -0.4421 -0.2421 -0.8637
vn -0.3773 -0.5957 -0.7090
vn -0.5116 -0.0062 -0.8592
vn -0.3789 0.0243 -0.9251
vn -0.5131 -0.0230 -0.8580
vn -0.4843 -0.0978 -0.8694
vn -0.2164 -0.1289 -0.9678
vn -0.3795 -0.0166 -0.9250
vn -0.3697 0.0515 -0.9277
vn -0.1421 -0.5722 -0.8077
vn -0.8938 -0.0409 -0.4467
vn -0.8405 -0.3455 -0.4173
vn -0.8612 -0.1087 -0.4965
vn -0.6557 -0.5162 -0.5509
vn -0.9119 0.0721 -0.4041
vn -0.9175 -0.2501 -0.3092
vn -0.9475 -0.0981 -0.3042
vn -0.9280 0.0842 -0.3628
vn -0.7055 -0.6245 -0.3352
vn -0.7620 -0.5503 -0.3415
vn -0.6982 -0.6513 -0.2973
vn -0.8555 -0.4588 -0.2399
vn -0.6457 0.0807 -0.7593
vn -0.4477 0.1576 -0.8802
vn -0.6098 0.1842 -0.7709
vn -0.4440 0.1085 -0.8894
vn -0.4347 0.0833 -0.8967
vn -0.4742 0.1124 -0.8732
vn -0.5272 -0.0134 -0.8496
vn -0.6093 -0.0038 -0.7929
vn -0.7485 0.3410 -0.5687
vn -0.7555 0.1914 -0.6266
vn -0.6442 0.6120 -0.4587
vn -0.7018 0.4493 -0.5528
vn -0.5942 0.2497 -0.7646
vn -0.7155 0.1101 -0.6899
vn -0.5971 -0.0544 -0.8003
vn -0.6339 -0.0912 -0.7680
vn -0.7656 -0.0979 -0.6359
vn -0.8089 -0.0811 -0.5823
vn -0.7982 -0.0663 -0.5987
vn -0.8083 0.0369 -0.5877
vn -0.5059 0.7413 -0.4410
vn -0.5920 0.6770 -0.4373
vn -0.3588 0.8148 -0.4554
vn -0.1327 0.8724 -0.4704
vn -0.6926 0.4337 -0.5764
vn -0.5729 0.5372 -0.6190
vn -0.4023 0.6320 -0.6624
vn -0.1471 0.7020 -0.6968
vn -0.5505 0.1123 -0.8272
vn -0.5518 0.1622 -0.8181
vn -0.7963 0.1581 -0.5838
vn -0.7828 0.0459 -0.6206
vn -0.6880 0.2991 -0.6612
vn -0.7736 0.2146 -0.5963
vn -0.7811 0.0977 -0.6167
vn -0.8370 0.0730 -0.5424
vn -0.7510 0.2444 -0.6133
vn -0.6419 0.3361 -0.6892
vn -0.5786 0.2207 -0.7852
vn -0.0926 -0.3461 -0.9336
vn -0.3342 -0.1811 -0.9249
vn -0.2617 -0.2320 -0.9369
vn -0.3315 -0.2301 -0.9150
vn -0.3021 -0.2764 -0.9123
vn 0.0020 0.1101 -0.9939
vn -0.3659 0.0977 -0.9255
vn -0.3293 0.1845 -0.9260
vn -0.2877 0.0616 -0.9557
vn -0.3134 -0.0440 -0.9486
vn -0.3605 0.1473 -0.9210
vn -0.2279 0.0054 -0.9737
vn -0.3439 -0.0867 -0.9350
vn -0.1870 -0.3131 -0.9311
vn -0.1763 -0.0430 -0.9834
vn 0.0430 -0.1735 -0.9839
vn -0.4642 0.1709 -0.8691
vn -0.4082 0.2182 -0.8864
vn -0.4012 0.2581 -0.8789
vn -0.1303 0.1317 -0.9827
vn -0.2679 0.1696 -0.9484
vn -0.3947 -0.1773 -0.9015
vn -0.5249 0.0778 -0.8476
vn -0.1479 0.0266 -0.9886
vn -0.3699 -0.0398 -0.9282
vn -0.1029 -0.1487 -0.9835
vn -0.1849 -0.4124 -0.8921
vn 0.1849 -0.4124 -0.8921
vn 0.8252 -0.4070 -0.3916
vn 0.5627 -0.5919 -0.5770
vn -0.2583 -0.6336 -0.7292
vn -0.4537 -0.5918 -0.6662
vn -0.6773 -0.5174 -0.5230
vn 0.9643 0.0195 -0.2640
vn -0.5839 0.3763 -0.7194
vn 0.1930 -0.7308 0.6547
vn -0.0345 0.7899 0.6123
vn -0.2239 -0.8120 -0.5390
vn -0.3902 0.0136 -0.9206
vn -0.1740 0.6649 -0.7264
vn 0.1343 0.9528 -0.2724
vn 0.1489 -0.8763 -0.4582
vn 0.3936 -0.8015 -0.4502
vn 0.4962 0.8451 -0.1990
vn 0.6184 0.7641 -0.1837
vn 0.4062 0.8771 -0.2564
vn 0.5934 0.7829 -0.1871
vn 0.4196 -0.7665 -0.4862
vn 0.5000 -0.7338 -0.4599
vn 0.2852 -0.3553 -0.8902
vn 0.2223 -0.4409 -0.8696
vn 0.0458 0.2280 -0.9726
vn 0.3881 0.1754 -0.9048
vn 0.3265 0.3235 -0.8881
vn 0.4857 0.0815 -0.8703
vn 0.3857 0.0166 -0.9225
vn 0.4852 0.0845 -0.8703
vn 0.3438 -0.3014 -0.8893
vn 0.4524 -0.2330 -0.8608
vn -0.6814 -0.4453 -0.5808
vn 0.0970 -0.4959 -0.8630
vn 0.1383 -0.4317 -0.8914
vn 0.0837 -0.7477 -0.6587
vn 0.0731 -0.8619 -0.5018
vn 0.2519 -0.8268 -0.5029
vn -0.1767 -0.3808 -0.9076
vn -0.1121 0.9408 -0.3199
vn 0.1376 0.9425 -0.3045
vn 0.6111 -0.3263 -0.7212
vn -0.0000 0.5231 -0.8522
vn -0.9671 0.1927 -0.1661
vn -0.6388 -0.0205 -0.7691
vn 0.3733 0.7822 0.4988
vn -0.7467 -0.3361 -0.5740
vn 0.2525 -0.6275 -0.7365
vn -0.5484 -0.5127 -0.6606
vn 0.6169 -0.4723 -0.6296
vn 0.4669 -0.6010 -0.6487
vn -0.9435 -0.0199 -0.3309
vn 0.1113 0.9344 -0.3383
vn 0.7067 -0.4766 0.5228
vn 0.1611 -0.7532 -0.6378
vn 0.3496 0.6523 -0.6725
vn 0.4619 0.0726 -0.8840
vn -0.1681 -0.8651 -0.4725
vn -0.1901 0.9337 -0.3036
vn -0.4420 0.8874 -0.1308
vn -0.4093 -0.7872 -0.4614
vn -0.6004 0.7836 -0.1595
vn -0.0734 -0.8641 -0.4980
vn -0.6277 0.7398 -0.2423
vn -0.4293 0.8504 -0.3042
vn -0.4946 -0.7409 -0.4545
vn -0.4059 -0.7870 -0.4646
vn -0.1042 -0.7040 -0.7025
vn -0.0864 -0.5311 -0.8429
vn -0.2816 -0.4261 -0.8598
vn 0.2562 0.4628 -0.8486
vn -0.2262 -0.3772 -0.8981
vn -0.1303 0.0324 -0.9909
vn -0.3867 -0.0952 -0.9173
vn 0.6019 -0.5672 0.5622
vn -0.2678 0.0285 -0.9631
vn -0.4703 0.0701 -0.8797
vn -0.4049 0.0659 -0.9120
vn -0.2515 -0.0047 -0.9678
vn -0.3591 -0.3268 -0.8742
vn 0.7037 -0.4642 -0.5380
vn -0.1179 -0.4945 -0.8611
vn -0.2467 -0.8379 -0.4869
vn 0.3454 0.8418 0.4148
vn -0.1486 0.9303 -0.3354
vn 0.4303 0.6859 0.5869
vn 0.9802 0.1908 0.0525
vn 0.5747 0.1946 -0.7949
vn 0.4875 0.6411 0.5927
vn 0.7249 0.0273 0.6883
vn 0.5843 0.0131 0.8114
vn 0.8384 0.0377 0.5438
vn 0.8290 0.0424 0.5576
vn 0.8494 -0.0199 0.5274
vn 0.8403 0.0459 0.5401
vn 0.8901 0.0204 0.4554
vn 0.8591 0.0020 0.5118
vn 0.0104 -0.9990 -0.0441
vn 0.1560 0.9060 0.3934
vn 0.3198 0.8322 0.4530
vn 0.1471 0.8864 0.4390
vn 0.1401 0.8888 0.4363
vn 0.1083 0.8644 0.4909
vn 0.1147 0.8627 0.4926
vn 0.0865 0.8309 0.5496
vn 0.0900 0.8302 0.5501
vn -0.7309 -0.3167 -0.6046
vn 0.5592 0.5978 0.5744
vn -0.1120 -0.9932 -0.0312
vn -0.0126 -0.9984 -0.0558
vn -0.7287 -0.3641 0.5800
vn -0.6076 -0.6758 0.4173
vn 0.1657 -0.7434 0.6480
vn 0.0620 -0.9531 -0.2962
vn -0.6627 -0.4767 0.5776
vn 0.8497 0.3059 0.4294
vn 0.5816 0.0068 0.8134
vn 0.7980 -0.1833 -0.5741
vn 0.7442 -0.3558 0.5653
vn 0.5177 0.0141 -0.8554
vn 0.5579 -0.0317 -0.8293
vn 0.6339 -0.1067 -0.7660
vn 0.8591 0.0996 0.5019
vn 0.8952 0.0451 0.4433
vn 0.7792 0.3037 0.5483
vn 0.8370 0.2211 0.5006
vn 0.7699 0.2873 0.5698
vn 0.7675 0.2871 0.5732
vn 0.6491 0.5215 0.5538
vn 0.7490 0.3321 0.5733
vn -0.6972 -0.5294 0.4833
vn -0.6459 -0.7446 0.1688
vn 0.5116 0.8529 -0.1041
vn 0.8730 -0.3592 0.3298
vn 0.0324 0.7982 0.6015
vn 0.0757 0.7936 0.6038
vn 0.4765 -0.3533 -0.8051
vn 0.2425 -0.5605 -0.7918
vn 0.6096 0.4178 -0.6736
vn 0.5368 0.5189 -0.6652
vn 0.3160 -0.5646 -0.7625
vn 0.5132 -0.6446 -0.5667
vn 0.5669 -0.7840 -0.2528
vn 0.5188 0.5644 -0.6421
vn 0.4899 0.6308 -0.6017
vn 0.4155 -0.8326 -0.3662
vn 0.3417 -0.8723 -0.3497
vn 0.4024 0.3946 -0.8261
vn 0.9143 0.0461 -0.4024
vn 0.5318 0.5537 -0.6408
vn 0.5241 0.3693 -0.7674
vn 0.2813 0.0190 -0.9594
vn 0.1878 0.2191 -0.9575
vn -0.1915 -0.7264 0.6600
vn -0.4569 -0.6416 0.6161
vn -0.7659 -0.4150 0.4911
vn -0.7544 -0.3481 0.5566
vn -0.2857 0.7786 0.5588
vn -0.3100 0.7724 0.5544
vn -0.4693 0.6692 0.5761
vn -0.4299 0.6864 0.5866
vn -0.6063 -0.5490 0.5754
vn -0.7043 -0.4855 0.5179
vn -0.3669 0.8062 0.4641
vn -0.3320 0.8202 0.4659
vn -0.8109 -0.5620 -0.1631
vn -0.6481 -0.4671 0.6015
vn -0.8428 -0.2985 0.4479
vn -0.5692 0.8005 0.1877
vn -0.6931 0.2839 0.6626
vn -0.5621 0.6256 0.5410
vn 0.1863 -0.3360 -0.9232
vn 0.2550 -0.3404 -0.9051
vn 0.2332 -0.4144 -0.8797
vn 0.2809 0.8134 0.5093
vn 0.3531 0.7115 0.6075
vn -0.8291 0.0429 0.5575
vn -0.7054 -0.0436 0.7075
vn -0.7987 -0.0182 0.6014
vn -0.8363 -0.0146 0.5481
vn -0.8050 0.0466 0.5915
vn -0.8724 -0.0019 0.4888
vn -0.8809 0.0214 0.4729
vn -0.8566 0.0395 0.5145
vn -0.1328 0.8736 0.4682
vn -0.3138 0.8312 0.4589
vn -0.1470 0.9004 0.4096
vn -0.1000 0.8488 0.5191
vn -0.1535 0.8981 0.4122
vn -0.0955 0.8499 0.5183
vn -0.0854 0.8101 0.5800
vn -0.1252 0.8760 0.4657
vn 0.6811 -0.3167 0.6602
vn 0.1132 -0.9928 -0.0380
vn 0.0738 -0.9474 -0.3113
vn -0.2316 -0.7693 0.5954
vn 0.5078 -0.5540 0.6597
vn -0.8029 -0.4079 0.4347
vn -0.8118 -0.2671 -0.5192
vn -0.9552 0.1053 0.2766
vn 0.7218 -0.6035 0.3389
vn 0.7561 -0.3847 0.5295
vn 0.7749 -0.3596 0.5198
vn 0.4570 -0.6393 0.6184
vn -0.5325 0.0181 -0.8462
vn -0.6422 -0.1048 -0.7593
vn -0.5948 -0.0234 -0.8035
vn -0.8957 0.0451 0.4423
vn -0.8947 0.1013 0.4350
vn -0.7626 0.2821 0.5820
vn -0.8069 0.2199 0.5482
vn -0.7645 0.2945 0.5734
vn -0.2413 -0.4893 -0.8380
vn -0.6538 0.5387 0.5313
vn -0.7616 0.2846 0.5822
vn -0.7626 0.3438 0.5479
vn 0.7467 -0.5589 0.3606
vn 0.6280 -0.7388 0.2446
vn -0.5258 -0.3682 -0.7668
vn -0.4691 -0.3772 -0.7985
vn -0.0743 0.8120 0.5789
vn -0.6037 0.4160 -0.6800
vn -0.2426 -0.4890 -0.8379
vn -0.5752 0.5097 -0.6398
vn -0.1609 -0.4270 -0.8898
vn -0.2936 -0.6873 -0.6644
vn -0.3291 -0.8955 -0.2997
vn -0.4737 0.6347 -0.6106
vn -0.5009 0.5693 -0.6519
vn -0.3851 -0.8559 -0.3451
vn -0.3365 -0.8675 -0.3664
vn -0.8080 -0.0207 -0.5888
vn -0.6266 0.5339 -0.5677
vn -0.6428 0.2608 -0.7203
vn -0.4756 0.0503 -0.8782
vn 0.6965 -0.5047 0.5101
vn 0.8543 -0.5178 -0.0439
vn -0.1972 0.2394 -0.9507
vn 0.0189 0.2246 0.9743
vn -0.0223 -0.2457 0.9691
vn -0.0000 0.5032 0.8642
vn -0.0171 0.2132 0.9769
vn 0.0336 -0.2152 0.9760
vn -0.0340 -0.7455 -0.6657
vn 0.0340 -0.7455 -0.6657
vn -0.0749 -0.2776 -0.9578
vn 0.0749 -0.2776 -0.9578
vn 0.0462 -0.9106 -0.4108
vn 0.0426 -0.3775 -0.9250
vn -0.0462 -0.9106 -0.4108
vn -0.0426 -0.3775 -0.9250
vn 0.8883 -0.2307 0.3972
vn 0.9900 0.1395 0.0206
vn 0.8227 -0.1263 -0.5542
vn 0.9812 0.1245 0.1475
vn 0.5825 -0.2304 -0.7795
vn 0.4787 -0.8380 -0.2619
vn 0.8802 -0.4648 -0.0958
vn 0.5336 -0.2278 -0.8145
vn 0.1234 -0.2690 -0.9552
vn -0.7522 -0.6587 -0.0183
vn -0.5842 -0.7890 -0.1902
vn 0.0252 -0.2617 -0.9648
vn -0.1828 -0.2194 -0.9584
vn -0.7630 -0.5575 -0.3272
vn -0.3779 -0.2894 -0.8794
vn -0.7716 -0.4904 -0.4050
vn 0.0632 -0.5177 -0.8532
vn -0.0121 -0.6248 -0.7807
vn 0.3079 -0.1401 -0.9410
vn 0.2853 -0.1590 -0.9452
vn 0.2261 -0.5299 -0.8174
vn 0.3446 -0.0118 -0.9387
vn 0.1027 -0.7681 -0.6321
vn 0.2787 0.0479 -0.9592
vn 0.3587 -0.6144 -0.7027
vn 0.3267 -0.5636 -0.7587
vn 0.2377 0.1093 -0.9652
vn -0.4325 -0.1282 -0.8925
vn -0.2887 -0.1308 -0.9484
vn -0.2261 -0.5299 -0.8174
vn -0.1027 -0.7681 -0.6321
vn 0.2079 0.2597 -0.9430
vn -0.5772 0.2048 -0.7905
vn 0.2941 -0.1982 -0.9350
vn 0.0566 -0.0841 -0.9949
vn 0.3403 0.7308 -0.5917
vn -0.1421 -0.5538 -0.8204
vn 0.3122 -0.0813 -0.9465
vn 0.2719 0.3021 -0.9137
vn 0.7074 0.0713 -0.7032
vn -0.0399 0.2612 -0.9645
vn 0.0154 -0.0121 -0.9998
vn 0.6295 -0.3302 -0.7033
vn 0.7678 0.4989 -0.4019
vn -0.0174 -0.1167 -0.9930
vn 0.4851 0.0808 -0.8707
vn 0.7733 0.2358 -0.5885
vn 0.1345 -0.6608 -0.7384
vn -0.0168 -0.5912 -0.8063
vn 0.2525 -0.1836 -0.9500
vn 0.1439 -0.1338 -0.9805
vn 0.0174 -0.6596 -0.7514
vn 0.1247 -0.2476 -0.9608
vn -0.2913 0.5971 -0.7474
vn 0.2913 0.5971 -0.7474
vn 0.3515 0.3436 -0.8709
vn -0.3515 0.3436 -0.8709
vn 0.2955 0.6733 -0.6778
vn -0.1704 0.6917 -0.7018
vn 0.1628 0.7528 -0.6378
vn 0.2422 0.7424 -0.6247
vn -0.1628 0.7528 -0.6378
vn -0.2456 0.7559 -0.6069
vn -0.6309 0.0909 -0.7705
vn 0.6170 -0.6295 -0.4723
vn 0.5457 -0.6596 -0.5168
vn 0.6821 0.0943 -0.7252
vn -0.6170 -0.6295 -0.4723
vn -0.5493 -0.7201 -0.4239
vn -0.3162 0.4346 -0.8433
vn -0.3505 0.3050 -0.8855
vn 0.3162 0.4346 -0.8433
vn 0.2843 0.3185 -0.9043
vn 0.2583 0.4388 -0.8606
vn 0.2222 0.3774 -0.8990
vn -0.2583 0.4388 -0.8606
vn -0.2397 0.4355 -0.8677
vn -0.6359 -0.7718 0.0050
vn 0.4038 -0.2697 -0.8742
vn -0.4969 -0.8668 0.0417
vn 0.6336 -0.3934 -0.6661
vn -0.9418 -0.2435 -0.2317
vn 0.4868 0.1549 -0.8596
vn 0.3535 0.1789 -0.9182
vn -0.7437 0.6650 0.0684
vn -0.3090 0.9361 0.1681
vn 0.7814 0.2600 -0.5673
vn 0.6669 0.2387 -0.7059
vn 0.1216 0.9843 0.1279
vn -0.3658 -0.9280 0.0705
vn 0.7518 -0.2522 -0.6093
vn -0.2313 -0.9692 0.0846
vn 0.7594 -0.1533 -0.6323
vn 0.2222 0.9617 0.1606
vn 0.8127 0.2718 -0.5155
vn 0.8260 0.2706 -0.4944
vn 0.2654 0.9487 0.1717
vn 0.1441 0.9851 0.0936
vn 0.4470 0.5930 -0.6697
vn 0.6835 0.4242 -0.5940
vn -0.0821 0.9963 0.0268
vn -0.2098 -0.9685 0.1340
vn 0.6756 -0.1206 -0.7274
vn -0.1991 -0.9654 0.1686
vn 0.4816 -0.0372 -0.8756
vn 0.5135 -0.0872 -0.8537
vn -0.1002 -0.9758 0.1944
vn 0.0910 -0.9737 0.2088
vn 0.2101 -0.0428 -0.9767
vn -0.1921 -0.0153 -0.9812
vn -0.2406 0.9706 -0.0053
vn 0.0936 0.6915 -0.7163
vn 0.2406 0.9706 -0.0053
vn -0.0936 0.6915 -0.7163
vn -0.9900 0.1395 0.0206
vn -0.8883 -0.2307 0.3972
vn -0.8227 -0.1263 -0.5542
vn -0.9812 0.1245 0.1475
vn -0.5825 -0.2304 -0.7795
vn -0.8802 -0.4648 -0.0958
vn -0.5336 -0.2278 -0.8145
vn -0.4787 -0.8380 -0.2619
vn -0.0863 -0.2602 -0.9617
vn 0.5842 -0.7890 -0.1902
vn 0.0984 -0.2210 -0.9703
vn 0.7522 -0.6587 -0.0183
vn 0.2470 -0.1825 0.9517
vn 0.6375 -0.7698 0.0325
vn 0.9418 -0.2435 -0.2317
vn 0.3438 0.1126 0.9323
vn 0.5313 0.2441 0.8113
vn 0.0821 0.9963 0.0268
vn 0.3131 0.3853 0.8681
vn 0.7682 0.0757 0.6357
vn 0.2149 -0.9618 0.1695
vn 0.2610 -0.9554 0.1380
vn 0.6970 0.0243 0.7167
vn -0.0582 -0.3003 -0.9521
vn -0.0035 -0.4470 -0.8945
vn 0.7630 -0.5575 -0.3272
vn 0.7716 -0.4904 -0.4050
vn -0.2746 -0.1558 -0.9488
vn -0.0632 -0.5177 -0.8532
vn -0.0832 -0.5307 -0.8435
vn -0.3079 -0.1401 -0.9410
vn -0.3073 -0.1591 -0.9382
vn -0.2787 0.0479 -0.9592
vn -0.3587 -0.6144 -0.7027
vn -0.3254 -0.5641 -0.7589
vn -0.2377 0.1093 -0.9652
vn -0.3711 0.1182 -0.9210
vn -0.0566 -0.0841 -0.9949
vn 0.5772 0.2048 -0.7905
vn 0.2549 -0.1815 -0.9498
vn -0.4763 0.6446 -0.5980
vn -0.3122 -0.0813 -0.9465
vn -0.3944 0.2590 -0.8817
vn -0.3353 0.4736 -0.8144
vn -0.7746 0.0357 -0.6315
vn 0.1116 -0.0179 -0.9936
vn -0.6295 -0.3302 -0.7033
vn 0.0399 0.2612 -0.9645
vn -0.3956 0.1325 -0.9088
vn -0.0159 -0.1994 -0.9798
vn -0.8500 0.2402 -0.4688
vn 0.0373 -0.1218 -0.9919
vn 0.0168 -0.5912 -0.8063
vn -0.1345 -0.6608 -0.7384
vn -0.1247 -0.2476 -0.9608
vn -0.1439 -0.1338 -0.9805
vn -0.2525 -0.1836 -0.9500
vn -0.1271 -0.7054 -0.6973
vn -0.6813 -0.2516 -0.6874
vn -0.4038 -0.2697 -0.8742
vn 0.5161 -0.8532 0.0757
vn 0.7716 0.0354 0.6351
vn -0.1216 0.9843 0.1279
vn -0.2222 0.9617 0.1606
vn 0.7348 -0.1400 0.6637
vn -0.8534 0.3018 -0.4250
vn -0.9315 -0.1095 -0.3468
vn 0.0514 -0.7147 -0.6976
vn 0.0089 -0.6656 0.7462
vn -0.0514 -0.7147 -0.6976
vn -0.0065 -0.6568 0.7540
vn -0.0996 0.9876 -0.1217
vn -0.0309 0.0918 0.9953
vn 0.0268 0.1052 0.9941
vn 0.0722 0.9884 -0.1333
vn 0.6831 0.7038 -0.1948
vn 0.5928 0.7704 -0.2348
vn 0.2141 0.0455 0.9758
vn -0.1866 0.3736 0.9086
vn 0.0335 -0.1023 0.9942
vn -0.0068 0.1083 0.9941
vn 0.7990 -0.3561 -0.4846
vn 0.8248 -0.2511 -0.5066
vn 0.9698 -0.2173 -0.1112
vn 0.9158 -0.3840 0.1175
vn 0.9430 0.1051 -0.3158
vn 0.2994 -0.0375 0.9534
vn 0.9597 0.0606 -0.2745
vn 0.3125 -0.0178 0.9497
vn 0.9824 -0.1341 -0.1297
vn 0.1830 0.1940 0.9638
vn 0.1057 0.4857 0.8677
vn 0.9872 -0.0074 -0.1594
vn 0.2719 0.0780 0.9592
vn 0.9857 -0.0966 -0.1380
vn 0.2362 0.1323 0.9627
vn 0.9787 0.0030 -0.2052
vn 0.3089 0.0213 0.9509
vn 0.9870 -0.0431 -0.1550
vn 0.2886 0.0314 0.9569
vn -0.1236 -0.5919 -0.7965
vn 0.1064 -0.5749 -0.8113
vn -0.2834 -0.1049 -0.9533
vn -0.2964 -0.0956 -0.9503
vn -0.2781 -0.0847 -0.9568
vn 0.5212 0.8135 -0.2582
vn -0.3326 0.4086 0.8500
vn 0.5408 0.7997 -0.2607
vn -0.3466 0.4437 0.8265
vn 0.4009 0.8820 -0.2478
vn -0.2511 0.3001 0.9203
vn 0.4729 0.8439 -0.2533
vn -0.2965 0.3539 0.8870
vn 0.2874 0.9332 -0.2158
vn -0.1744 0.2029 0.9636
vn 0.3429 0.9095 -0.2350
vn -0.2141 0.2524 0.9436
vn -0.5848 -0.0498 -0.8096
vn -0.5726 0.0004 -0.8198
vn -0.5411 0.2290 -0.8092
vn -0.4906 0.1417 -0.8598
vn -0.3866 0.1973 -0.9009
vn -0.4295 0.4121 -0.8035
vn -0.4648 0.4237 -0.7775
vn -0.5135 -0.0872 -0.8537
vn -0.4816 -0.0372 -0.8756
vn -0.1814 0.4911 -0.8520
vn -0.1917 -0.1291 0.9729
vn -0.1246 -0.0215 0.9920
vn -0.5516 -0.2079 0.8078
vn -0.2621 0.0749 0.9621
vn 0.2997 -0.0686 0.9516
vn -0.2401 -0.4426 0.8640
vn 0.8281 -0.0502 -0.5583
vn 0.7830 0.0282 -0.6213
vn 0.2743 0.0301 -0.9612
vn 0.2241 -0.0243 -0.9743
vn 0.8144 -0.1735 -0.5538
vn 0.7704 -0.2674 -0.5787
vn 0.8034 -0.1157 -0.5841
vn 0.5019 -0.2286 -0.8342
vn 0.4968 -0.3107 -0.8103
vn 0.3947 -0.0647 -0.9165
vn 0.9347 0.2450 -0.2574
vn 0.1680 0.0577 0.9841
vn 0.9390 0.1128 -0.3250
vn 0.2380 -0.0196 0.9711
vn 0.8850 0.4276 -0.1843
vn 0.1824 -0.0538 0.9818
vn 0.9156 0.3448 -0.2066
vn 0.1309 0.0661 0.9892
vn 0.7608 0.6268 -0.1683
vn 0.3030 -0.1127 0.9463
vn 0.8280 0.5363 -0.1636
vn 0.2546 -0.1237 0.9591
vn 0.0597 0.2787 -0.9585
vn 0.0057 0.2949 -0.9555
vn 0.1363 0.2028 -0.9697
vn 0.2415 0.0762 -0.9674
vn 0.3818 0.2002 -0.9023
vn 0.3127 0.4661 -0.8276
vn 0.3979 -0.0700 -0.9147
vn 0.4141 -0.0726 -0.9073
vn -0.5451 -0.6449 -0.5357
vn -0.5779 -0.6122 -0.5397
vn -0.0133 -0.5700 -0.8215
vn -0.3813 -0.4247 -0.8211
vn 0.6111 -0.7393 -0.2829
vn 0.5277 -0.5846 -0.6163
vn 0.1887 0.7201 -0.6677
vn 0.7981 0.2608 -0.5431
vn 0.2191 0.7069 -0.6725
vn 0.2115 0.6653 -0.7160
vn 0.7549 0.3689 -0.5422
vn -0.2506 -0.3346 0.9084
vn -0.1559 -0.7180 -0.6783
vn -0.0634 -0.6211 0.7812
vn 0.1730 0.9722 -0.1576
vn -0.0813 0.1128 0.9903
vn 0.2274 0.9553 -0.1887
vn -0.1231 0.1531 0.9805
vn 0.4655 -0.7713 -0.4341
vn 0.4739 -0.3422 -0.8114
vn 0.5040 -0.2646 -0.8222
vn 0.4245 -0.7045 -0.5687
vn 0.3312 -0.5867 -0.7390
vn 0.4143 -0.5111 -0.7531
vn 0.3217 -0.1501 -0.9349
vn 0.5785 -0.7373 -0.3487
vn -0.2191 0.7069 -0.6725
vn -0.2077 0.6921 -0.6913
vn 0.1547 -0.9387 -0.3082
vn 0.5514 -0.7685 -0.3246
vn 0.3572 -0.9048 -0.2318
vn 0.1365 -0.9531 -0.2701
vn 0.5841 -0.7364 -0.3414
vn 0.7181 0.4642 -0.5184
vn 0.7674 0.2956 -0.5689
vn -0.3572 -0.9048 -0.2317
vn -0.3550 -0.9018 -0.2464
vn 0.9315 -0.1095 -0.3468
vn 0.8457 -0.4251 -0.3227
vn 0.8770 -0.4258 -0.2226
vn 0.7340 0.2651 -0.6253
vn 0.8244 0.1794 -0.5368
vn 0.1814 0.4911 -0.8520
vn -0.6907 0.0558 0.7210
vn -0.5254 -0.0148 0.8507
vn 0.2263 -0.1475 0.9628
vn -0.2220 -0.1307 0.9663
vn -0.4070 0.0597 0.9115
vn -0.5901 0.3057 0.7472
vn -0.7533 0.1415 0.6422
vn -0.7191 0.2713 0.6398
vn -0.5376 0.3005 0.7879
vn -0.6224 0.2280 0.7487
vn -0.7554 0.0880 0.6493
vn -0.7069 0.1922 0.6807
vn -0.5736 -0.1313 0.8086
vn -0.7376 0.0206 0.6749
vn -0.3518 0.4698 0.8096
vn -0.4326 -0.1662 0.8861
vn -0.4404 -0.2818 0.8524
vn 0.1222 -0.0730 -0.9898
vn 0.1185 -0.0701 -0.9905
vn -0.0390 0.1384 -0.9896
vn -0.0784 0.1043 -0.9915
vn 0.2887 -0.1308 -0.9484
vn 0.2781 -0.0847 -0.9568
vn 0.4325 -0.1282 -0.8925
vn 0.3054 -0.1464 -0.9409
vn 0.2574 -0.1534 -0.9541
vn 0.7437 0.6650 0.0684
vn -0.3535 0.1810 -0.9177
vn 0.3090 0.9361 0.1681
vn -0.5597 0.3569 -0.7479
vn -0.7316 0.3974 -0.5539
vn 0.3851 -0.9178 0.0968
vn -0.7528 -0.1001 -0.6506
vn -0.7619 -0.1527 -0.6295
vn -0.8180 0.3054 -0.4874
vn -0.2654 0.9487 0.1717
vn -0.8127 0.2718 -0.5155
vn -0.1441 0.9851 0.0936
vn -0.6835 0.4242 -0.5940
vn -0.4470 0.5931 -0.6697
vn -0.6558 -0.0682 -0.7518
vn 0.1925 -0.9614 0.1966
vn -0.6831 0.7038 -0.1948
vn -0.1958 0.0149 0.9805
vn -0.5872 0.7724 -0.2421
vn 0.1784 0.3802 0.9075
vn -0.3005 -0.0612 0.9518
vn -0.0328 0.1074 0.9937
vn -0.7990 -0.3561 -0.4846
vn -0.8537 -0.1262 -0.5052
vn -0.9158 -0.3840 0.1175
vn -0.9698 -0.2173 -0.1112
vn -0.9430 0.1051 -0.3158
vn -0.9597 0.0606 -0.2745
vn -0.3091 -0.0376 0.9503
vn -0.2953 -0.0166 0.9553
vn -0.0988 0.1935 0.9761
vn -0.0224 0.4994 0.8661
vn -0.9824 -0.1341 -0.1297
vn -0.9872 -0.0074 -0.1594
vn -0.9857 -0.0966 -0.1380
vn -0.2261 0.0855 0.9703
vn -0.1773 0.1452 0.9734
vn -0.9870 -0.0431 -0.1550
vn -0.2859 0.0250 0.9579
vn -0.2584 0.0383 0.9653
vn -0.9787 0.0030 -0.2052
vn -0.5502 0.7978 -0.2466
vn 0.3162 0.4293 0.8460
vn 0.3361 0.4556 0.8243
vn -0.5409 0.8096 -0.2282
vn -0.4245 0.8794 -0.2157
vn -0.4965 0.8401 -0.2182
vn 0.2345 0.3288 0.9148
vn 0.2765 0.3829 0.8815
vn -0.3736 0.9055 -0.2013
vn 0.1587 0.2354 0.9589
vn 0.1990 0.2820 0.9386
vn -0.3387 0.9243 -0.1759
vn 0.3410 -0.2268 0.9123
vn 0.2060 -0.1110 0.9722
vn 0.3158 0.1286 0.9401
vn 0.2274 0.1053 0.9681
vn 0.6288 0.1703 0.7587
vn 0.7334 0.0736 0.6758
vn -0.1861 -0.0043 0.9825
vn 0.4222 -0.1979 0.8847
vn -0.0515 -0.9448 -0.3236
vn -0.5869 -0.7344 -0.3409
vn -0.6111 -0.7393 -0.2829
vn -0.7830 0.0282 -0.6213
vn -0.2743 0.0301 -0.9612
vn -0.8281 -0.0502 -0.5583
vn -0.2241 -0.0243 -0.9743
vn -0.8034 -0.1157 -0.5841
vn -0.5019 -0.2286 -0.8342
vn -0.5085 -0.2289 -0.8301
vn -0.8144 -0.1735 -0.5538
vn -0.7934 -0.2133 -0.5701
vn -0.3947 -0.0647 -0.9165
vn 0.6396 0.2233 0.7356
vn 0.7642 0.1462 0.6283
vn 0.5389 -0.0728 0.8392
vn -0.9390 0.1128 -0.3250
vn -0.2222 0.0654 0.9728
vn -0.2976 -0.0163 0.9546
vn -0.9542 0.2147 -0.2083
vn -0.8850 0.4276 -0.1843
vn -0.9251 0.3312 -0.1859
vn -0.1814 -0.0542 0.9819
vn -0.1630 0.0739 0.9839
vn -0.8280 0.5363 -0.1636
vn -0.2703 -0.1473 0.9514
vn -0.2306 -0.1441 0.9623
vn -0.7608 0.6268 -0.1683
vn -0.0597 0.2787 -0.9585
vn 0.0230 0.3112 -0.9501
vn -0.1363 0.2028 -0.9697
vn -0.2253 0.2266 -0.9476
vn -0.3979 -0.0700 -0.9147
vn -0.1822 0.3900 -0.9026
vn -0.3818 0.2002 -0.9023
vn -0.2468 0.4194 -0.8736
vn 0.5451 -0.6449 -0.5357
vn 0.5575 -0.6316 -0.5388
vn 0.3813 -0.4247 -0.8211
vn 0.0133 -0.5700 -0.8215
vn -0.5277 -0.5846 -0.6163
vn -0.1887 0.7201 -0.6677
vn -0.7549 0.3689 -0.5422
vn -0.7981 0.2608 -0.5431
vn 0.1559 -0.7180 -0.6783
vn 0.3891 -0.4557 0.8006
vn 0.0742 -0.6510 0.7554
vn -0.2345 0.9637 -0.1274
vn -0.2967 0.9433 -0.1486
vn 0.0698 0.1411 0.9875
vn 0.1086 0.1850 0.9767
vn -0.4655 -0.7713 -0.4341
vn -0.3312 -0.5867 -0.7390
vn -0.4245 -0.7045 -0.5687
vn -0.4143 -0.5111 -0.7531
vn -0.5040 -0.2646 -0.8222
vn -0.4739 -0.3422 -0.8114
vn -0.3217 -0.1501 -0.9349
vn -0.5785 -0.7373 -0.3487
vn -0.5514 -0.7685 -0.3246
vn -0.7181 0.4642 -0.5184
vn -0.8457 -0.4251 -0.3227
vn -0.8660 -0.4396 -0.2385
vn -0.7166 0.3775 -0.5865
vn -0.7433 0.0123 -0.6688
vn -0.7935 -0.0512 -0.6064
vn -0.8244 0.1794 -0.5368
vn 0.5209 -0.2410 0.8189
vn 0.4352 -0.1651 0.8851
vn 0.3453 0.0513 -0.9371
vn 0.3080 0.0044 -0.9514
vn 0.7269 0.0761 -0.6825
vn 0.7360 0.0609 -0.6742
vn 0.0079 -0.0405 -0.9991
vn 0.5723 -0.7064 -0.4165
vn 0.7166 0.3776 -0.5865
vn 0.6163 0.2949 -0.7302
vn 0.5726 0.0004 -0.8198
vn 0.5848 -0.0498 -0.8096
vn 0.4906 0.1417 -0.8598
vn 0.5411 0.2290 -0.8092
vn 0.4295 0.4121 -0.8035
vn 0.4649 0.4279 -0.7751
vn -0.1064 -0.5749 -0.8113
vn 0.1236 -0.5919 -0.7965
vn 0.2834 -0.1049 -0.9533
vn 0.2723 -0.1097 -0.9559
vn -0.5723 -0.7064 -0.4165
vn 0.0390 0.1384 -0.9896
vn 0.1512 0.0802 -0.9852
vn -0.1222 -0.0730 -0.9898
vn -0.1464 -0.0342 -0.9886
vn -0.3054 -0.1464 -0.9409
vn -0.1818 -0.1421 -0.9730
vn -0.3453 0.0513 -0.9371
vn -0.2937 -0.0074 -0.9559
vn -0.7269 0.0761 -0.6825
vn -0.7271 0.0763 -0.6822
vn -0.0079 -0.0405 -0.9991
vn 0.0247 -0.9909 -0.1323
vn -0.0704 0.9886 -0.1334
vn -0.1483 0.9314 -0.3325
vn 0.1648 -0.9859 0.0300
vn 0.0783 -0.9969 0.0011
vn -0.2659 0.9568 0.1180
vn -0.1273 0.9859 0.1082
vn 0.8751 -0.4785 0.0722
vn 0.9775 -0.1783 -0.1128
vn 0.9778 -0.0725 -0.1964
vn 0.9883 -0.1123 -0.1027
vn 0.9573 -0.0680 -0.2811
vn 0.9668 -0.0193 -0.2549
vn 0.9452 0.0371 -0.3243
vn 0.9508 -0.0366 -0.3076
vn 0.0065 -0.7394 -0.6732
vn 0.5367 0.8040 -0.2562
vn 0.4681 0.8456 -0.2567
vn 0.5158 0.8172 -0.2571
vn 0.3374 0.9105 -0.2390
vn 0.4000 0.8809 -0.2530
vn 0.2164 0.9569 -0.1939
vn 0.2787 0.9351 -0.2190
vn 0.2066 0.9776 -0.0403
vn -0.0761 -0.7354 -0.6734
vn -0.0035 -0.7269 -0.6867
vn -0.7733 -0.6045 -0.1912
vn -0.5597 -0.7888 -0.2541
vn -0.6571 -0.7160 -0.2355
vn 0.7258 0.6165 -0.3052
vn 0.9534 0.2080 -0.2183
vn 0.9377 0.1639 -0.3065
vn 0.9406 0.0922 -0.3267
vn 0.9124 0.3477 -0.2161
vn 0.9318 0.2529 -0.2604
vn 0.8308 0.5316 -0.1650
vn 0.8737 0.4501 -0.1846
vn 0.7818 0.6007 -0.1674
vn -0.6978 -0.5696 -0.4344
vn -0.5370 -0.6322 -0.5584
vn 0.8857 -0.1757 -0.4297
vn 0.0687 0.9873 -0.1435
vn 0.1639 0.9727 -0.1644
vn -0.0236 -0.9861 -0.1642
vn -0.0213 -0.9912 -0.1309
vn -0.2298 -0.9720 -0.0502
vn -0.3889 -0.9166 -0.0931
vn 0.3098 0.9354 0.1705
vn 0.2569 0.9663 -0.0171
vn 0.0574 0.9805 0.1882
vn 0.1971 0.9621 0.1884
vn -0.0372 -0.9978 -0.0557
vn -0.1069 -0.9938 -0.0302
vn 0.1098 0.9648 -0.2390
vn -0.5989 -0.7700 -0.2201
vn -0.9064 -0.1765 -0.3838
vn -0.7846 0.5812 -0.2160
vn -0.2703 0.9624 0.0283
vn -0.3213 0.9442 -0.0725
vn -0.3685 0.9244 0.0982
vn -0.9652 -0.0848 -0.2473
vn -0.9870 -0.1590 -0.0232
vn -0.8743 -0.4821 0.0560
vn -0.9493 -0.0712 -0.3061
vn -0.9732 -0.1375 -0.1844
vn -0.9453 -0.0356 -0.3243
vn -0.9435 0.0368 -0.3293
vn -0.9585 -0.0244 -0.2839
vn -0.4621 0.8576 -0.2260
vn -0.5341 0.8090 -0.2456
vn -0.3340 0.9201 -0.2044
vn -0.5102 0.8277 -0.2338
vn -0.2778 0.9432 -0.1824
vn -0.2184 0.9630 -0.1577
vn -0.3884 0.8944 -0.2217
vn 0.7490 -0.6039 -0.2726
vn 0.1040 -0.8177 -0.5662
vn 0.5876 -0.7954 -0.1482
vn -0.9716 0.2052 -0.1176
vn 0.5861 -0.7040 -0.4010
vn 0.4022 -0.9125 -0.0742
vn 0.2930 -0.9560 0.0141
vn 0.0482 -0.9968 -0.0644
vn -0.9459 0.0930 -0.3110
vn -0.9502 0.1675 -0.2628
vn -0.8255 0.5319 -0.1890
vn -0.9435 0.2519 -0.2152
vn -0.9180 0.3474 -0.1912
vn -0.8741 0.4503 -0.1824
vn -0.7746 0.6008 -0.1974
vn 0.7388 -0.6163 -0.2727
vn 0.5688 -0.6995 -0.4326
vn -0.1669 0.9764 -0.1371
vn 0.5534 -0.7808 -0.2899
vn 0.6458 0.7377 -0.1968
vn 0.8007 -0.5949 -0.0700
vn -0.6490 0.7325 -0.2057
vn -0.7660 -0.6094 -0.2045
vn 0.0848 0.8594 -0.5042
vn 0.7026 0.6899 -0.1744
vn 0.5939 0.7728 -0.2235
vn 0.8403 -0.5039 -0.1999
vn 0.6126 -0.7860 0.0828
vn -0.0933 0.8897 -0.4468
vn -0.7009 0.6856 -0.1967
vn -0.5939 0.7727 -0.2240
vn -0.8319 -0.5020 -0.2366
vn -0.6797 -0.7215 -0.1319
vt 0.893395 0.589757
vt 0.897840 0.549556
vt 0.906012 0.575540
vt 0.872833 0.598880
vt 0.822237 0.560343
vt 0.882950 0.532572
vt 0.855825 0.524717
vt 0.767129 0.508739
vt 0.757421 0.539237
vt 0.760068 0.521011
vt 0.134020 0.654026
vt 0.085270 0.664609
vt 0.069819 0.647762
vt 0.193530 0.640870
vt 0.138740 0.669256
vt 0.192763 0.678665
vt 0.143164 0.698147
vt 0.092249 0.703014
vt 0.244042 0.636314
vt 0.193737 0.655498
vt 0.244159 0.615247
vt 0.283464 0.617394
vt 0.280278 0.660217
vt 0.241138 0.664825
vt 0.046535 0.687149
vt 0.041069 0.647881
vt 0.017184 0.666775
vt 0.013746 0.632928
vt 0.045097 0.732413
vt 0.094091 0.774033
vt 0.187017 0.764816
vt 0.144756 0.797579
vt 0.232105 0.717657
vt 0.273853 0.703323
vt 0.355861 0.692576
vt 0.380778 0.747288
vt 0.355057 0.749328
vt 0.331195 0.692774
vt 0.329353 0.755458
vt 0.356459 0.571938
vt 0.333828 0.611082
vt 0.335880 0.567684
vt 0.380778 0.577058
vt 0.356059 0.614377
vt 0.362416 0.469064
vt 0.342362 0.500326
vt 0.342874 0.452357
vt 0.380778 0.474291
vt 0.360618 0.506498
vt 0.380778 0.511167
vt 0.115812 0.129474
vt 0.127227 0.153213
vt 0.099628 0.158294
vt 0.142894 0.121632
vt 0.155981 0.153619
vt 0.143496 0.192511
vt 0.112802 0.190616
vt 0.083302 0.193414
vt 0.101487 0.234025
vt 0.069556 0.234347
vt 0.136284 0.234801
vt 0.097680 0.285730
vt 0.063219 0.283330
vt 0.120274 0.094850
vt 0.095829 0.113866
vt 0.107261 0.099178
vt 0.141544 0.086724
vt 0.109255 0.113372
vt 0.130036 0.106877
vt 0.094762 0.135114
vt 0.080506 0.136200
vt 0.078037 0.162870
vt 0.063616 0.164284
vt 0.061096 0.196452
vt 0.046884 0.197529
vt 0.046570 0.235320
vt 0.032316 0.235507
vt 0.038524 0.280499
vt 0.022389 0.278330
vt 0.017611 0.329099
vt 0.036070 0.342501
vt 0.062845 0.355732
vt 0.032898 0.417962
vt 0.013298 0.393378
vt 0.145085 0.353180
vt 0.098592 0.357810
vt 0.151067 0.414100
vt 0.104976 0.428097
vt 0.063637 0.447132
vt 0.146310 0.285181
vt 0.199974 0.348246
vt 0.203665 0.297131
vt 0.248129 0.344676
vt 0.256599 0.398840
vt 0.202666 0.403944
vt 0.356554 0.010005
vt 0.329934 0.036903
vt 0.332256 0.015510
vt 0.380778 0.007692
vt 0.355501 0.030549
vt 0.380778 0.027962
vt 0.355832 0.056432
vt 0.330395 0.062372
vt 0.202393 0.058952
vt 0.231828 0.068697
vt 0.191063 0.082862
vt 0.277345 0.031987
vt 0.240602 0.044401
vt 0.271208 0.056041
vt 0.228728 0.092181
vt 0.180014 0.114010
vt 0.168979 0.074007
vt 0.157016 0.096071
vt 0.307086 0.022620
vt 0.303093 0.045366
vt 0.303261 0.070157
vt 0.270349 0.079187
vt 0.253118 0.290602
vt 0.281118 0.333720
vt 0.289262 0.274627
vt 0.306102 0.309727
vt 0.303457 0.366595
vt 0.287998 0.380117
vt 0.307724 0.415683
vt 0.289338 0.427418
vt 0.305562 0.457621
vt 0.323051 0.497930
vt 0.302955 0.502146
vt 0.323194 0.452974
vt 0.314587 0.567809
vt 0.285721 0.594607
vt 0.311293 0.611150
vt 0.309498 0.660511
vt 0.305561 0.695628
vt 0.817714 0.596231
vt 0.851268 0.598689
vt 0.832490 0.514216
vt 0.805452 0.507891
vt 0.788107 0.580062
vt 0.759975 0.562623
vt 0.316956 0.353142
vt 0.319518 0.246142
vt 0.323395 0.294383
vt 0.333387 0.249067
vt 0.336378 0.290332
vt 0.331751 0.340912
vt 0.348105 0.330102
vt 0.343919 0.252978
vt 0.348718 0.290968
vt 0.360701 0.274608
vt 0.360214 0.292491
vt 0.360685 0.321825
vt 0.330755 0.380295
vt 0.344264 0.389670
vt 0.342851 0.404895
vt 0.342816 0.365459
vt 0.360919 0.350098
vt 0.355299 0.372087
vt 0.179493 0.163062
vt 0.169460 0.200429
vt 0.201014 0.130716
vt 0.198360 0.175655
vt 0.190885 0.204697
vt 0.166095 0.237132
vt 0.180320 0.265094
vt 0.191519 0.232234
vt 0.207455 0.249405
vt 0.238807 0.107327
vt 0.279253 0.093917
vt 0.252625 0.123200
vt 0.217932 0.147260
vt 0.221369 0.269042
vt 0.267891 0.258079
vt 0.243544 0.247600
vt 0.284106 0.233972
vt 0.301658 0.239552
vt 0.327528 0.222352
vt 0.313317 0.215793
vt 0.335320 0.207845
vt 0.310700 0.086233
vt 0.335490 0.079715
vt 0.319177 0.104745
vt 0.290429 0.110703
vt 0.380778 0.054034
vt 0.358394 0.074782
vt 0.380778 0.072842
vt 0.361187 0.096956
vt 0.341112 0.100367
vt 0.213836 0.220562
vt 0.231474 0.227988
vt 0.208545 0.204256
vt 0.231115 0.167703
vt 0.261965 0.148482
vt 0.261848 0.222280
vt 0.294233 0.207474
vt 0.318526 0.196522
vt 0.338234 0.192752
vt 0.295708 0.138153
vt 0.322170 0.134786
vt 0.358924 0.194438
vt 0.357567 0.208153
vt 0.092265 0.508580
vt 0.115629 0.479007
vt 0.126979 0.496854
vt 0.082426 0.501248
vt 0.157813 0.462457
vt 0.203094 0.452556
vt 0.243593 0.449532
vt 0.059416 0.606161
vt 0.083355 0.630607
vt 0.134416 0.643546
vt 0.193154 0.627480
vt 0.242573 0.603732
vt 0.270988 0.564642
vt 0.290127 0.478763
vt 0.287431 0.518755
vt 0.274405 0.456946
vt 0.047083 0.506988
vt 0.062778 0.536264
vt 0.075626 0.547986
vt 0.266953 0.496544
vt 0.232871 0.508739
vt 0.254062 0.482396
vt 0.225833 0.593175
vt 0.240025 0.562623
vt 0.254286 0.561288
vt 0.185222 0.611528
vt 0.211893 0.580062
vt 0.106605 0.589757
vt 0.101727 0.609922
vt 0.079615 0.596747
vt 0.093988 0.575540
vt 0.076027 0.573263
vt 0.085806 0.546055
vt 0.103589 0.519851
vt 0.102160 0.549556
vt 0.265916 0.526793
vt 0.239932 0.521011
vt 0.242579 0.539237
vt 0.148732 0.598689
vt 0.143591 0.612280
vt 0.127167 0.598880
vt 0.214360 0.507010
vt 0.177763 0.560343
vt 0.194548 0.507891
vt 0.167510 0.514216
vt 0.144175 0.524717
vt 0.117050 0.532572
vt 0.182286 0.596231
vt 0.861260 0.669256
vt 0.807237 0.678665
vt 0.806263 0.655498
vt 0.907751 0.703014
vt 0.914730 0.664609
vt 0.806470 0.640870
vt 0.865980 0.654026
vt 0.930181 0.647762
vt 0.755958 0.636314
vt 0.719722 0.660217
vt 0.716536 0.617394
vt 0.758862 0.664825
vt 0.755841 0.615247
vt 0.714279 0.594607
vt 0.954903 0.732413
vt 0.953465 0.687149
vt 0.982816 0.666775
vt 0.958931 0.647881
vt 0.986254 0.632928
vt 0.905909 0.774033
vt 0.856836 0.698147
vt 0.812983 0.764816
vt 0.767895 0.717657
vt 0.726147 0.703323
vt 0.666172 0.611082
vt 0.643541 0.571938
vt 0.664120 0.567684
vt 0.643941 0.614377
vt 0.619222 0.577058
vt 0.668805 0.692774
vt 0.644943 0.749328
vt 0.644139 0.692576
vt 0.619222 0.747288
vt 0.619222 0.693450
vt 0.657638 0.500326
vt 0.637584 0.469064
vt 0.657126 0.452357
vt 0.639382 0.506498
vt 0.619222 0.474291
vt 0.884188 0.129474
vt 0.872773 0.153213
vt 0.857106 0.121632
vt 0.844019 0.153619
vt 0.819986 0.114010
vt 0.619222 0.511167
vt 0.916698 0.193414
vt 0.898513 0.234025
vt 0.887198 0.190616
vt 0.863716 0.234801
vt 0.856504 0.192511
vt 0.900372 0.158294
vt 0.856409 0.612280
vt 0.898273 0.609922
vt 0.814777 0.611528
vt 0.785640 0.507010
vt 0.930444 0.234347
vt 0.902320 0.285730
vt 0.905238 0.135114
vt 0.869964 0.106877
vt 0.890745 0.113372
vt 0.919494 0.136200
vt 0.904171 0.113866
vt 0.858456 0.086724
vt 0.879726 0.094850
vt 0.892739 0.099178
vt 0.921963 0.162870
vt 0.936384 0.164284
vt 0.938904 0.196452
vt 0.953430 0.235320
vt 0.936781 0.283330
vt 0.967684 0.235507
vt 0.961476 0.280499
vt 0.953116 0.197529
vt 0.967102 0.417962
vt 0.937155 0.355732
vt 0.963930 0.342501
vt 0.986702 0.393378
vt 0.982389 0.329099
vt 0.977611 0.278330
vt 0.901408 0.357810
vt 0.848933 0.414100
vt 0.854915 0.353180
vt 0.895024 0.428097
vt 0.853690 0.285181
vt 0.800026 0.348246
vt 0.743401 0.398840
vt 0.751871 0.344676
vt 0.797334 0.403944
vt 0.796335 0.297131
vt 0.746882 0.290602
vt 0.644168 0.056432
vt 0.619222 0.027962
vt 0.644499 0.030549
vt 0.669605 0.062372
vt 0.670066 0.036903
vt 0.619222 0.007692
vt 0.643446 0.010005
vt 0.667744 0.015510
vt 0.771272 0.092181
vt 0.728792 0.056041
vt 0.768172 0.068697
vt 0.808937 0.082862
vt 0.722655 0.031987
vt 0.759398 0.044401
vt 0.797607 0.058952
vt 0.842984 0.096071
vt 0.831021 0.074007
vt 0.696739 0.070157
vt 0.696907 0.045366
vt 0.729651 0.079187
vt 0.692914 0.022620
vt 0.718882 0.333720
vt 0.696543 0.366595
vt 0.693898 0.309727
vt 0.712002 0.380117
vt 0.710738 0.274627
vt 0.680482 0.246142
vt 0.694438 0.457621
vt 0.692276 0.415683
vt 0.710662 0.427418
vt 0.676949 0.497930
vt 0.697045 0.502146
vt 0.685413 0.567809
vt 0.676806 0.452974
vt 0.690502 0.660511
vt 0.688707 0.611150
vt 0.694439 0.695628
vt 0.663622 0.290332
vt 0.666613 0.249067
vt 0.676605 0.294383
vt 0.668249 0.340912
vt 0.683044 0.353142
vt 0.651282 0.290968
vt 0.656081 0.252978
vt 0.651895 0.330102
vt 0.639315 0.321825
vt 0.639299 0.274608
vt 0.646402 0.263962
vt 0.655736 0.389670
vt 0.669245 0.380295
vt 0.657149 0.404895
vt 0.657184 0.365459
vt 0.644701 0.372087
vt 0.639081 0.350098
vt 0.801640 0.175655
vt 0.798986 0.130716
vt 0.820507 0.163062
vt 0.830540 0.200429
vt 0.833905 0.237132
vt 0.809115 0.204697
vt 0.819680 0.265094
vt 0.808481 0.232234
vt 0.747375 0.123200
vt 0.720747 0.093917
vt 0.761193 0.107327
vt 0.782068 0.147260
vt 0.778631 0.269042
vt 0.792545 0.249405
vt 0.732109 0.258079
vt 0.756456 0.247600
vt 0.698342 0.239552
vt 0.672472 0.222352
vt 0.686683 0.215793
vt 0.715894 0.233972
vt 0.689300 0.086233
vt 0.664510 0.079715
vt 0.641606 0.074782
vt 0.619222 0.054034
vt 0.709571 0.110703
vt 0.680823 0.104745
vt 0.658888 0.100367
vt 0.638813 0.096956
vt 0.619222 0.072842
vt 0.791455 0.204256
vt 0.786164 0.220562
vt 0.738035 0.148482
vt 0.768885 0.167703
vt 0.768526 0.227988
vt 0.738152 0.222280
vt 0.664680 0.207845
vt 0.681474 0.196522
vt 0.705767 0.207474
vt 0.704292 0.138153
vt 0.677830 0.134786
vt 0.641076 0.194438
vt 0.642433 0.208153
vt 0.907735 0.508580
vt 0.884371 0.479007
vt 0.917574 0.501248
vt 0.936363 0.447132
vt 0.796906 0.452556
vt 0.842187 0.462457
vt 0.756407 0.449532
vt 0.940584 0.606161
vt 0.916645 0.630607
vt 0.865584 0.643546
vt 0.806846 0.627480
vt 0.757427 0.603732
vt 0.729012 0.564642
vt 0.709873 0.478763
vt 0.712569 0.518755
vt 0.725595 0.456946
vt 0.952917 0.506988
vt 0.937222 0.536264
vt 0.924374 0.547986
vt 0.733047 0.496544
vt 0.774167 0.593175
vt 0.920385 0.596747
vt 0.923973 0.573263
vt 0.734084 0.526793
vt 0.745714 0.561288
vt 0.896411 0.519851
vt 0.914194 0.546055
vt 0.161564 0.473972
vt 0.163430 0.481654
vt 0.159044 0.480030
vt 0.333387 0.657447
vt 0.333011 0.665555
vt 0.328785 0.661704
vt 0.380778 0.275152
vt 0.376363 0.274411
vt 0.379831 0.273549
vt 0.380778 0.314250
vt 0.376321 0.321624
vt 0.377221 0.314689
vt 0.380778 0.213715
vt 0.376251 0.212630
vt 0.380031 0.211483
vt 0.221815 0.198831
vt 0.223105 0.206555
vt 0.213044 0.203738
vt 0.488320 0.843274
vt 0.489410 0.843432
vt 0.488717 0.844613
vt 0.836420 0.481617
vt 0.838526 0.474278
vt 0.840957 0.480030
vt 0.666898 0.665442
vt 0.666662 0.657876
vt 0.671215 0.661704
vt 0.624893 0.290145
vt 0.631914 0.293078
vt 0.625523 0.298463
vt 0.558682 0.826642
vt 0.559941 0.826633
vt 0.559887 0.827648
vt 0.144351 0.974612
vt 0.148070 0.979122
vt 0.140250 0.980577
vt 0.022397 0.693022
vt 0.019380 0.687220
vt 0.019594 0.685031
vt 0.866095 0.506922
vt 0.870449 0.499934
vt 0.872127 0.505285
vt 0.787739 0.190568
vt 0.783402 0.183020
vt 0.789793 0.183652
vt 0.637926 0.135488
vt 0.638086 0.126884
vt 0.641872 0.131233
vt 0.559384 0.972497
vt 0.560527 0.971403
vt 0.560707 0.972680
vt 0.029702 0.612669
vt 0.036616 0.619035
vt 0.033782 0.619492
vt 0.222553 0.196345
vt 0.222447 0.186795
vt 0.227241 0.189095
vt 0.225101 0.208929
vt 0.232045 0.212955
vt 0.222954 0.214469
vt 0.068282 0.605432
vt 0.076033 0.601218
vt 0.076445 0.608030
vt 0.137505 0.623817
vt 0.135290 0.630823
vt 0.131746 0.626348
vt 0.302793 0.785436
vt 0.303318 0.776452
vt 0.306068 0.778530
vt 0.358715 0.415012
vt 0.359929 0.421137
vt 0.350818 0.412789
vt 0.318394 0.400510
vt 0.323574 0.410523
vt 0.317875 0.408416
vt 0.376424 0.237486
vt 0.380778 0.236656
vt 0.380778 0.240175
vt 0.380778 0.296566
vt 0.376498 0.290351
vt 0.380778 0.289139
vt 0.376933 0.345311
vt 0.380755 0.345531
vt 0.379687 0.346080
vt 0.513822 0.843536
vt 0.514453 0.842955
vt 0.515084 0.843536
vt 0.540150 0.846203
vt 0.540320 0.845016
vt 0.541210 0.845925
vt 0.055744 0.569711
vt 0.055339 0.579618
vt 0.052388 0.570694
vt 0.228541 0.483858
vt 0.236329 0.474475
vt 0.236080 0.479384
vt 0.776895 0.206555
vt 0.778185 0.198831
vt 0.786956 0.203738
vt 0.470224 0.826642
vt 0.469019 0.827648
vt 0.468966 0.826633
vt 0.855649 0.974612
vt 0.859750 0.980577
vt 0.851930 0.979121
vt 0.980121 0.687153
vt 0.978305 0.693024
vt 0.980406 0.685031
vt 0.469523 0.972497
vt 0.468199 0.972680
vt 0.468379 0.971403
vt 0.962903 0.618979
vt 0.970526 0.612711
vt 0.966219 0.619492
vt 0.777553 0.186795
vt 0.777447 0.196345
vt 0.772759 0.189095
vt 0.777046 0.214469
vt 0.767955 0.212955
vt 0.774899 0.208929
vt 0.923737 0.601022
vt 0.931578 0.605509
vt 0.923555 0.608030
vt 0.864473 0.631229
vt 0.862653 0.623971
vt 0.868254 0.626348
vt 0.697023 0.776211
vt 0.697031 0.785690
vt 0.693932 0.778530
vt 0.641285 0.415012
vt 0.649182 0.412789
vt 0.640071 0.421137
vt 0.676747 0.411145
vt 0.681512 0.400361
vt 0.682125 0.408416
vt 0.649280 0.218506
vt 0.641955 0.219016
vt 0.644587 0.213762
vt 0.633337 0.347298
vt 0.624252 0.345635
vt 0.628628 0.342246
vt 0.489044 0.847982
vt 0.489083 0.846488
vt 0.490057 0.847146
vt 0.140082 0.996196
vt 0.147304 0.995047
vt 0.144544 0.994065
vt 0.576295 0.943815
vt 0.575547 0.946235
vt 0.576031 0.944198
vt 0.032175 0.488667
vt 0.024558 0.478867
vt 0.028027 0.478529
vt 0.376138 0.345265
vt 0.366502 0.348023
vt 0.371372 0.342246
vt 0.375107 0.290145
vt 0.374477 0.298463
vt 0.368086 0.293078
vt 0.358665 0.219055
vt 0.350558 0.218314
vt 0.355413 0.213762
vt 0.216445 0.182880
vt 0.212477 0.190427
vt 0.210207 0.183652
vt 0.362031 0.126858
vt 0.361969 0.135187
vt 0.358128 0.131233
vt 0.540189 0.844613
vt 0.539497 0.843432
vt 0.540586 0.843274
vt 0.538849 0.847146
vt 0.539823 0.846488
vt 0.539862 0.847982
vt 0.129367 0.500005
vt 0.133942 0.506576
vt 0.127873 0.505285
vt 0.488586 0.845016
vt 0.488756 0.846203
vt 0.487697 0.845925
vt 0.944529 0.579824
vt 0.944626 0.570025
vt 0.947612 0.570694
vt 0.763914 0.474531
vt 0.771361 0.483246
vt 0.763920 0.479384
vt 0.852696 0.995047
vt 0.859918 0.996196
vt 0.855456 0.994065
vt 0.453360 0.946235
vt 0.452612 0.943815
vt 0.452875 0.944198
vt 0.975270 0.478865
vt 0.968368 0.488652
vt 0.971973 0.478529
vt 0.109452 0.962307
vt 0.039854 0.838213
vt 0.041252 0.832125
vt 0.109399 0.968532
vt 0.185905 0.948143
vt 0.185889 0.940733
vt 0.230467 0.896929
vt 0.230514 0.890218
vt 0.270975 0.838119
vt 0.016676 0.726101
vt 0.017837 0.737990
vt 0.623502 0.290351
vt 0.622928 0.298830
vt 0.511319 0.837131
vt 0.514453 0.835867
vt 0.514453 0.836958
vt 0.514453 0.812522
vt 0.510568 0.811969
vt 0.514453 0.811704
vt 0.239205 0.179868
vt 0.236373 0.176675
vt 0.216030 0.192968
vt 0.241923 0.216986
vt 0.266040 0.166546
vt 0.264960 0.162607
vt 0.296081 0.158166
vt 0.270648 0.206553
vt 0.245253 0.214507
vt 0.297082 0.193885
vt 0.268939 0.209093
vt 0.318706 0.187181
vt 0.337693 0.181502
vt 0.337953 0.184585
vt 0.296675 0.196109
vt 0.318505 0.184543
vt 0.342124 0.154676
vt 0.321516 0.151843
vt 0.342434 0.150906
vt 0.321150 0.155784
vt 0.296077 0.154016
vt 0.202503 0.477704
vt 0.203387 0.470575
vt 0.238081 0.472644
vt 0.059666 0.582382
vt 0.063933 0.576541
vt 0.191850 0.623095
vt 0.229008 0.595670
vt 0.189486 0.617724
vt 0.258278 0.560904
vt 0.235829 0.600087
vt 0.282570 0.521095
vt 0.278963 0.484284
vt 0.289208 0.478946
vt 0.265263 0.562426
vt 0.272793 0.525064
vt 0.242278 0.464845
vt 0.259450 0.477287
vt 0.265385 0.470361
vt 0.271126 0.828941
vt 0.356528 0.667925
vt 0.380778 0.663160
vt 0.380778 0.670674
vt 0.356566 0.660208
vt 0.380778 0.418362
vt 0.380778 0.424585
vt 0.380778 0.152429
vt 0.361856 0.149661
vt 0.380778 0.148873
vt 0.361692 0.153289
vt 0.834295 0.494943
vt 0.835490 0.486409
vt 0.358709 0.186852
vt 0.380778 0.189122
vt 0.380778 0.192458
vt 0.358553 0.183575
vt 0.376443 0.230714
vt 0.380778 0.230705
vt 0.377246 0.297692
vt 0.380083 0.321880
vt 0.374640 0.314506
vt 0.380778 0.223024
vt 0.376349 0.222888
vt 0.224101 0.207041
vt 0.222858 0.199080
vt 0.507266 0.841803
vt 0.510742 0.842837
vt 0.507402 0.842691
vt 0.960146 0.838213
vt 0.890549 0.962307
vt 0.958748 0.832125
vt 0.814095 0.948143
vt 0.890601 0.968532
vt 0.729025 0.838119
vt 0.769486 0.890217
vt 0.769533 0.896929
vt 0.814111 0.940733
vt 0.983324 0.726101
vt 0.982163 0.737990
vt 0.619222 0.189122
vt 0.641291 0.186852
vt 0.619222 0.192458
vt 0.504581 0.836596
vt 0.500555 0.838184
vt 0.500410 0.837130
vt 0.760795 0.179868
vt 0.763627 0.176675
vt 0.783970 0.192968
vt 0.733960 0.166546
vt 0.758077 0.216986
vt 0.729352 0.206553
vt 0.754747 0.214507
vt 0.703919 0.158166
vt 0.735040 0.162607
vt 0.731061 0.209093
vt 0.702918 0.193885
vt 0.638144 0.149661
vt 0.619222 0.152429
vt 0.619222 0.148873
vt 0.681494 0.184543
vt 0.703325 0.196109
vt 0.681294 0.187181
vt 0.662307 0.181502
vt 0.662047 0.184585
vt 0.703923 0.154016
vt 0.678850 0.155784
vt 0.678484 0.151843
vt 0.657876 0.154676
vt 0.657566 0.150906
vt 0.619222 0.418362
vt 0.619222 0.424585
vt 0.619222 0.663160
vt 0.643472 0.667925
vt 0.619222 0.670674
vt 0.797497 0.477704
vt 0.940334 0.582382
vt 0.936067 0.576541
vt 0.761919 0.472644
vt 0.796613 0.470575
vt 0.808149 0.623095
vt 0.770992 0.595670
vt 0.810514 0.617724
vt 0.504629 0.837685
vt 0.508050 0.836325
vt 0.508085 0.837420
vt 0.721037 0.484284
vt 0.717430 0.521095
vt 0.710792 0.478946
vt 0.764171 0.600087
vt 0.741722 0.560904
vt 0.727207 0.525064
vt 0.734737 0.562426
vt 0.734615 0.470361
vt 0.740550 0.477287
vt 0.757722 0.464845
vt 0.728874 0.828940
vt 0.643434 0.660208
vt 0.638308 0.153289
vt 0.510811 0.842031
vt 0.641447 0.183575
vt 0.500802 0.845424
vt 0.496131 0.846317
vt 0.500441 0.844369
vt 0.775899 0.207041
vt 0.777142 0.199080
vt 0.492079 0.847501
vt 0.496376 0.847411
vt 0.492064 0.848605
vt 0.574933 0.923502
vt 0.575309 0.920955
vt 0.576102 0.921299
vt 0.573053 0.928902
vt 0.574184 0.929395
vt 0.577146 0.908433
vt 0.575959 0.914827
vt 0.576387 0.907929
vt 0.576737 0.915196
vt 0.577607 0.893416
vt 0.576452 0.900182
vt 0.576905 0.892653
vt 0.577190 0.900852
vt 0.577382 0.874546
vt 0.577105 0.883665
vt 0.576752 0.874129
vt 0.577769 0.884339
vt 0.644952 0.798119
vt 0.619222 0.798077
vt 0.619222 0.797785
vt 0.556806 0.824637
vt 0.552276 0.823245
vt 0.552970 0.822863
vt 0.548321 0.820768
vt 0.542241 0.818996
vt 0.542831 0.818499
vt 0.547658 0.821196
vt 0.536705 0.816368
vt 0.530467 0.815256
vt 0.530887 0.814626
vt 0.536205 0.816935
vt 0.522209 0.812597
vt 0.525848 0.814118
vt 0.521944 0.813347
vt 0.625360 0.314506
vt 0.623191 0.322455
vt 0.622779 0.314689
vt 0.329321 0.801022
vt 0.354729 0.798333
vt 0.327540 0.801155
vt 0.380778 0.798077
vt 0.355048 0.798119
vt 0.380778 0.797785
vt 0.546423 0.971224
vt 0.539762 0.960545
vt 0.546969 0.970724
vt 0.533078 0.955534
vt 0.539102 0.961138
vt 0.532418 0.955679
vt 0.554421 0.977466
vt 0.553028 0.977287
vt 0.014334 0.808923
vt 0.022753 0.532594
vt 0.030211 0.541080
vt 0.025289 0.573208
vt 0.032495 0.579634
vt 0.575486 0.857741
vt 0.576025 0.865479
vt 0.574828 0.857864
vt 0.576625 0.865517
vt 0.573618 0.850644
vt 0.570508 0.844557
vt 0.571191 0.844235
vt 0.565590 0.833644
vt 0.567801 0.838976
vt 0.564993 0.834143
vt 0.568450 0.838548
vt 0.562764 0.829608
vt 0.527745 0.948910
vt 0.523166 0.945087
vt 0.527143 0.948871
vt 0.522850 0.945100
vt 0.767495 0.213702
vt 0.518338 0.811969
vt 0.518179 0.812765
vt 0.354472 0.429160
vt 0.343920 0.430343
vt 0.343888 0.418985
vt 0.356062 0.226724
vt 0.351924 0.234463
vt 0.348595 0.227510
vt 0.357190 0.243576
vt 0.359462 0.233580
vt 0.365052 0.243097
vt 0.327974 0.401297
vt 0.369935 0.371986
vt 0.359920 0.372003
vt 0.362340 0.258349
vt 0.365904 0.273740
vt 0.370253 0.257662
vt 0.374008 0.274016
vt 0.357840 0.398481
vt 0.369964 0.321658
vt 0.380778 0.134596
vt 0.380778 0.125993
vt 0.517587 0.837131
vt 0.520822 0.837420
vt 0.517624 0.836041
vt 0.520856 0.836325
vt 0.528496 0.837130
vt 0.533193 0.839570
vt 0.528351 0.838184
vt 0.537542 0.841824
vt 0.533468 0.838550
vt 0.537918 0.840865
vt 0.524568 0.843506
vt 0.528465 0.844369
vt 0.528104 0.845424
vt 0.524909 0.842560
vt 0.521504 0.842691
vt 0.521640 0.841803
vt 0.532530 0.847411
vt 0.536827 0.847501
vt 0.536842 0.848605
vt 0.532775 0.846317
vt 0.524277 0.837685
vt 0.524325 0.836596
vt 0.518164 0.842837
vt 0.518095 0.842031
vt 0.223694 0.196130
vt 0.232505 0.213702
vt 0.165705 0.494943
vt 0.164510 0.486409
vt 0.199756 0.487297
vt 0.202080 0.479018
vt 0.503997 0.842560
vt 0.504338 0.843506
vt 0.452947 0.914827
vt 0.451761 0.908433
vt 0.452519 0.907929
vt 0.453973 0.923502
vt 0.455854 0.928902
vt 0.454722 0.929395
vt 0.453598 0.920955
vt 0.452805 0.921299
vt 0.452454 0.900182
vt 0.451299 0.893416
vt 0.452002 0.892653
vt 0.452170 0.915196
vt 0.451138 0.884339
vt 0.451801 0.883665
vt 0.451524 0.874546
vt 0.452154 0.874129
vt 0.451717 0.900852
vt 0.486665 0.818996
vt 0.480586 0.820768
vt 0.486075 0.818499
vt 0.472100 0.824637
vt 0.476631 0.823245
vt 0.475936 0.822863
vt 0.498439 0.815256
vt 0.492201 0.816368
vt 0.498019 0.814626
vt 0.481248 0.821196
vt 0.503058 0.814118
vt 0.506698 0.812597
vt 0.506962 0.813347
vt 0.492701 0.816935
vt 0.489144 0.960545
vt 0.482483 0.971224
vt 0.481937 0.970724
vt 0.645271 0.798333
vt 0.670679 0.801022
vt 0.672460 0.801155
vt 0.474485 0.977466
vt 0.489804 0.961138
vt 0.495828 0.955534
vt 0.496488 0.955679
vt 0.985666 0.808923
vt 0.475878 0.977287
vt 0.495438 0.838550
vt 0.491364 0.841824
vt 0.490989 0.840865
vt 0.495713 0.839570
vt 0.511283 0.836041
vt 0.977247 0.532594
vt 0.969789 0.541080
vt 0.967505 0.579634
vt 0.974711 0.573208
vt 0.452282 0.865517
vt 0.452882 0.865479
vt 0.453420 0.857741
vt 0.454078 0.857864
vt 0.461105 0.838976
vt 0.463316 0.833644
vt 0.463913 0.834143
vt 0.455289 0.850644
vt 0.458398 0.844557
vt 0.457716 0.844235
vt 0.797920 0.479018
vt 0.466142 0.829608
vt 0.460456 0.838548
vt 0.501161 0.948910
vt 0.501763 0.948871
vt 0.505740 0.945087
vt 0.506056 0.945100
vt 0.645528 0.429160
vt 0.656080 0.430343
vt 0.656112 0.418985
vt 0.510727 0.812765
vt 0.648076 0.234463
vt 0.643938 0.226724
vt 0.651405 0.227510
vt 0.800244 0.487297
vt 0.640538 0.233580
vt 0.642810 0.243576
vt 0.634948 0.243097
vt 0.672026 0.401297
vt 0.630065 0.371986
vt 0.640080 0.372003
vt 0.629747 0.257662
vt 0.634097 0.273740
vt 0.625992 0.274016
vt 0.637660 0.258349
vt 0.642160 0.398480
vt 0.630036 0.321658
vt 0.776306 0.196130
vt 0.619222 0.134596
vt 0.619222 0.125993
vt 0.557989 0.827448
vt 0.559683 0.970735
vt 0.513789 0.844684
vt 0.470917 0.827448
vt 0.469223 0.970735
vt 0.619222 0.618597
vt 0.380778 0.618597
vt 0.380778 0.400024
vt 0.363056 0.446090
vt 0.380778 0.443625
vt 0.619222 0.400024
vt 0.636944 0.446090
vt 0.619222 0.443625
vt 0.574959 0.934364
vt 0.571035 0.950036
vt 0.574651 0.925969
vt 0.103261 0.967700
vt 0.230597 0.898238
vt 0.186457 0.959017
vt 0.270873 0.865277
vt 0.302724 0.824173
vt 0.623557 0.230714
vt 0.623651 0.222888
vt 0.623637 0.274411
vt 0.619222 0.272263
vt 0.619222 0.260148
vt 0.623067 0.345311
vt 0.380778 0.199827
vt 0.619222 0.199827
vt 0.240091 0.178853
vt 0.228298 0.188747
vt 0.537809 0.842090
vt 0.225885 0.209548
vt 0.539067 0.846890
vt 0.536984 0.847181
vt 0.532844 0.845881
vt 0.533445 0.839906
vt 0.528529 0.838518
vt 0.528493 0.843795
vt 0.524914 0.842235
vt 0.521658 0.841712
vt 0.518120 0.842053
vt 0.524396 0.838120
vt 0.520903 0.837938
vt 0.517636 0.837708
vt 0.511270 0.837708
vt 0.514453 0.837565
vt 0.380778 0.189022
vt 0.619222 0.189022
vt 0.457871 0.950036
vt 0.453947 0.934364
vt 0.454255 0.925969
vt 0.896739 0.967700
vt 0.855244 0.797579
vt 0.813543 0.959017
vt 0.769403 0.898238
vt 0.486681 0.846106
vt 0.759909 0.178853
vt 0.490437 0.840002
vt 0.510599 0.843936
vt 0.507248 0.841712
vt 0.510786 0.842053
vt 0.504444 0.835566
vt 0.504510 0.838120
vt 0.508004 0.837938
vt 0.500377 0.838518
vt 0.507941 0.835295
vt 0.729127 0.865277
vt 0.697276 0.824173
vt 0.745938 0.482396
vt 0.491097 0.842090
vt 0.495461 0.839906
vt 0.496616 0.848482
vt 0.491923 0.847181
vt 0.496062 0.845881
vt 0.500414 0.843795
vt 0.639786 0.292491
vt 0.510152 0.944671
vt 0.514453 0.943826
vt 0.514453 0.944632
vt 0.518754 0.944671
vt 0.619222 0.000559
vt 0.518020 0.813848
vt 0.510886 0.813848
vt 0.380778 0.000559
vt 0.357582 0.002148
vt 0.091120 0.107718
vt 0.107756 0.090150
vt 0.126300 0.078394
vt 0.562213 0.830121
vt 0.559179 0.828447
vt 0.556111 0.825002
vt 0.575015 0.944067
vt 0.572964 0.922904
vt 0.574023 0.923011
vt 0.003435 0.377567
vt 0.007992 0.323209
vt 0.575636 0.873994
vt 0.001099 0.436525
vt 0.575908 0.883292
vt 0.007281 0.622455
vt 0.011087 0.659096
vt 0.574230 0.920775
vt 0.011956 0.558010
vt 0.004827 0.581747
vt 0.004563 0.536026
vt 0.575199 0.907674
vt 0.011338 0.597731
vt 0.574853 0.914664
vt 0.010367 0.458004
vt 0.002056 0.491169
vt 0.575657 0.892164
vt 0.010402 0.515295
vt 0.575209 0.899780
vt 0.177327 0.055126
vt 0.149326 0.067748
vt 0.551677 0.824122
vt 0.555477 0.825856
vt 0.247184 0.028647
vt 0.210342 0.041475
vt 0.541740 0.819939
vt 0.547091 0.822098
vt 0.310440 0.010925
vt 0.282192 0.018153
vt 0.530095 0.816265
vt 0.535775 0.817916
vt 0.656994 0.132556
vt 0.619222 0.095565
vt 0.533882 0.954837
vt 0.553387 0.976202
vt 0.553533 0.977052
vt 0.547703 0.969913
vt 0.041774 0.552408
vt 0.046069 0.589705
vt 0.026013 0.233940
vt 0.014817 0.276503
vt 0.573784 0.858069
vt 0.572924 0.850862
vt 0.574987 0.865596
vt 0.040583 0.195460
vt 0.057047 0.161281
vt 0.569511 0.844992
vt 0.571892 0.851178
vt 0.074226 0.131843
vt 0.561418 0.830853
vt 0.564120 0.834788
vt 0.091902 0.621951
vt 0.349622 0.394719
vt 0.380778 0.247601
vt 0.353598 0.263962
vt 0.523578 0.944339
vt 0.518831 0.943857
vt 0.334377 0.005928
vt 0.521690 0.814405
vt 0.525532 0.815153
vt 0.324583 0.388392
vt 0.619222 0.241861
vt 0.623576 0.237486
vt 0.380778 0.372164
vt 0.619222 0.372164
vt 0.380778 0.095565
vt 0.520965 0.835295
vt 0.517711 0.835008
vt 0.514453 0.834829
vt 0.538470 0.840002
vt 0.533875 0.837603
vt 0.524462 0.835566
vt 0.528747 0.836126
vt 0.518308 0.843936
vt 0.521400 0.843795
vt 0.532290 0.848482
vt 0.524229 0.844564
vt 0.536947 0.849696
vt 0.515117 0.844684
vt 0.540475 0.848847
vt 0.542225 0.846106
vt 0.774115 0.209548
vt 0.489839 0.846890
vt 0.503992 0.842235
vt 0.661766 0.192752
vt 0.908880 0.107718
vt 0.892244 0.090150
vt 0.469727 0.828447
vt 0.466694 0.830121
vt 0.873700 0.078394
vt 0.472796 0.825002
vt 0.453892 0.944067
vt 0.455943 0.922904
vt 0.454883 0.923011
vt 0.996565 0.377567
vt 0.992008 0.323209
vt 0.998901 0.436525
vt 0.453270 0.873994
vt 0.452999 0.883292
vt 0.454676 0.920775
vt 0.992719 0.622455
vt 0.995173 0.581747
vt 0.988045 0.558010
vt 0.995437 0.536026
vt 0.988662 0.597731
vt 0.453707 0.907674
vt 0.454053 0.914664
vt 0.989598 0.515295
vt 0.997944 0.491169
vt 0.453249 0.892164
vt 0.453697 0.899780
vt 0.989633 0.458004
vt 0.850674 0.067748
vt 0.477230 0.824122
vt 0.473429 0.825856
vt 0.822673 0.055126
vt 0.752816 0.028647
vt 0.789658 0.041475
vt 0.487167 0.819939
vt 0.481815 0.822098
vt 0.717808 0.018153
vt 0.498811 0.816265
vt 0.493131 0.817916
vt 0.689560 0.010925
vt 0.495024 0.954837
vt 0.475519 0.976202
vt 0.475374 0.977052
vt 0.481203 0.969913
vt 0.507506 0.843795
vt 0.504677 0.844564
vt 0.650378 0.394719
vt 0.958226 0.552408
vt 0.953930 0.589705
vt 0.495031 0.837603
vt 0.500159 0.836126
vt 0.511195 0.835008
vt 0.985183 0.276503
vt 0.455982 0.850862
vt 0.455122 0.858069
vt 0.453919 0.865596
vt 0.973987 0.233940
vt 0.959417 0.195460
vt 0.942953 0.161281
vt 0.459395 0.844992
vt 0.457014 0.851178
vt 0.925774 0.131843
vt 0.467488 0.830853
vt 0.464786 0.834788
vt 0.908098 0.621951
vt 0.670647 0.755458
vt 0.619222 0.247601
vt 0.505328 0.944339
vt 0.510075 0.943857
vt 0.642418 0.002148
vt 0.665623 0.005928
vt 0.507216 0.814405
vt 0.503374 0.815153
vt 0.675417 0.388392
vt 0.491959 0.849696
vt 0.488431 0.848847
vt 0.343006 0.132556
vt 0.468346 0.903100
vt 0.469071 0.909791
vt 0.466989 0.907423
vt 0.472499 0.911332
vt 0.480894 0.904895
vt 0.476084 0.911294
vt 0.470812 0.900278
vt 0.491674 0.901392
vt 0.490040 0.896308
vt 0.491226 0.898357
vt 0.563319 0.922155
vt 0.555259 0.920461
vt 0.565891 0.919345
vt 0.554465 0.922964
vt 0.545376 0.918312
vt 0.545560 0.924455
vt 0.545354 0.920693
vt 0.562141 0.928503
vt 0.537030 0.917505
vt 0.536991 0.914050
vt 0.530499 0.914358
vt 0.530105 0.910597
vt 0.531076 0.921341
vt 0.537562 0.922127
vt 0.569654 0.925850
vt 0.570569 0.919325
vt 0.574439 0.922461
vt 0.575010 0.916862
vt 0.569879 0.933361
vt 0.561817 0.940259
vt 0.553740 0.927705
vt 0.546554 0.938723
vt 0.539112 0.930873
vt 0.532205 0.928456
vt 0.518578 0.926585
vt 0.514453 0.935655
vt 0.514453 0.926724
vt 0.522688 0.926636
vt 0.518736 0.935995
vt 0.522153 0.913261
vt 0.518400 0.906780
vt 0.521772 0.906093
vt 0.518491 0.913786
vt 0.514453 0.907619
vt 0.520680 0.894920
vt 0.517418 0.889740
vt 0.520607 0.886928
vt 0.517703 0.895944
vt 0.514453 0.890615
vt 0.514453 0.896715
vt 0.558170 0.833611
vt 0.556295 0.837445
vt 0.553706 0.832298
vt 0.551556 0.837497
vt 0.547560 0.831017
vt 0.553615 0.843901
vt 0.560838 0.838308
vt 0.558681 0.843584
vt 0.563549 0.844069
vt 0.560561 0.850759
vt 0.554791 0.850891
vt 0.561202 0.859336
vt 0.565843 0.850833
vt 0.561469 0.831067
vt 0.557457 0.827946
vt 0.559596 0.828651
vt 0.559264 0.830999
vt 0.553941 0.826606
vt 0.561638 0.834556
vt 0.555835 0.829927
vt 0.563984 0.834739
vt 0.564389 0.839097
vt 0.566762 0.839356
vt 0.567191 0.844618
vt 0.569522 0.844831
vt 0.569603 0.851032
vt 0.566909 0.858949
vt 0.571930 0.851094
vt 0.570949 0.858499
vt 0.574377 0.866564
vt 0.573576 0.858162
vt 0.571381 0.868772
vt 0.571940 0.881285
vt 0.566998 0.870944
vt 0.575100 0.877219
vt 0.553379 0.870451
vt 0.553134 0.859225
vt 0.561078 0.871261
vt 0.552435 0.880537
vt 0.560062 0.882894
vt 0.544287 0.869578
vt 0.543626 0.861163
vt 0.536288 0.868943
vt 0.535400 0.860058
vt 0.534934 0.877933
vt 0.543889 0.878819
vt 0.522763 0.818370
vt 0.518412 0.813940
vt 0.522405 0.814843
vt 0.518573 0.817331
vt 0.514453 0.813562
vt 0.518507 0.821608
vt 0.514453 0.816910
vt 0.522666 0.822572
vt 0.543878 0.822014
vt 0.538989 0.823603
vt 0.537558 0.819608
vt 0.531475 0.817557
vt 0.539470 0.827439
vt 0.532462 0.821516
vt 0.545743 0.825943
vt 0.549401 0.824502
vt 0.551376 0.828133
vt 0.526558 0.816013
vt 0.527187 0.819758
vt 0.527130 0.823841
vt 0.532571 0.825317
vt 0.530783 0.867118
vt 0.529367 0.857428
vt 0.526579 0.863187
vt 0.524326 0.852748
vt 0.527116 0.872510
vt 0.529705 0.874770
vt 0.526421 0.880738
vt 0.526785 0.887807
vt 0.529492 0.882728
vt 0.523880 0.894521
vt 0.523847 0.887016
vt 0.527245 0.895225
vt 0.525303 0.906130
vt 0.525884 0.913297
vt 0.526230 0.921368
vt 0.526957 0.927141
vt 0.481654 0.910892
vt 0.486573 0.908207
vt 0.479188 0.897211
vt 0.475315 0.898966
vt 0.491257 0.905309
vt 0.524809 0.870310
vt 0.523672 0.860694
vt 0.521500 0.860051
vt 0.522012 0.853281
vt 0.522303 0.868332
vt 0.519563 0.866576
vt 0.519442 0.860188
vt 0.520263 0.853962
vt 0.517489 0.857595
vt 0.518661 0.855810
vt 0.517468 0.865227
vt 0.520282 0.876337
vt 0.522527 0.874786
vt 0.520541 0.878861
vt 0.520492 0.872356
vt 0.517468 0.869828
vt 0.518450 0.873424
vt 0.547664 0.839041
vt 0.544525 0.841115
vt 0.544058 0.833704
vt 0.549333 0.845224
vt 0.549868 0.851295
vt 0.545780 0.845941
vt 0.547493 0.855920
vt 0.545662 0.850507
vt 0.537763 0.829876
vt 0.535450 0.832435
vt 0.531059 0.827698
vt 0.541233 0.836393
vt 0.540662 0.856568
vt 0.542983 0.853371
vt 0.532916 0.854731
vt 0.536958 0.853058
vt 0.527296 0.851664
vt 0.530207 0.850773
vt 0.523014 0.848830
vt 0.525363 0.847754
vt 0.525867 0.826455
vt 0.524442 0.829454
vt 0.521802 0.825406
vt 0.529182 0.830405
vt 0.518074 0.824615
vt 0.514453 0.821221
vt 0.517601 0.828224
vt 0.514453 0.824305
vt 0.520854 0.828761
vt 0.541949 0.848588
vt 0.542854 0.845877
vt 0.539058 0.839712
vt 0.533898 0.836543
vt 0.533906 0.848896
vt 0.538980 0.849851
vt 0.521747 0.846475
vt 0.524511 0.844635
vt 0.528521 0.846428
vt 0.528296 0.834865
vt 0.523930 0.834332
vt 0.517959 0.844373
vt 0.518147 0.846580
vt 0.562268 0.896219
vt 0.558327 0.891330
vt 0.563873 0.895040
vt 0.566927 0.886089
vt 0.551328 0.888589
vt 0.543823 0.886957
vt 0.537113 0.886462
vt 0.567747 0.912533
vt 0.563712 0.916582
vt 0.555202 0.918695
vt 0.545462 0.916012
vt 0.537269 0.912090
vt 0.532587 0.905586
vt 0.529412 0.891350
vt 0.529885 0.897978
vt 0.532003 0.887714
vt 0.569719 0.896025
vt 0.567172 0.900853
vt 0.565073 0.902765
vt 0.533134 0.894281
vt 0.538866 0.896308
vt 0.537680 0.898357
vt 0.539979 0.910463
vt 0.537649 0.905309
vt 0.542333 0.908207
vt 0.546754 0.913525
vt 0.547252 0.910892
vt 0.560645 0.913184
vt 0.559835 0.909791
vt 0.564308 0.910974
vt 0.561918 0.907423
vt 0.564921 0.907024
vt 0.563332 0.902477
vt 0.560373 0.898102
vt 0.560560 0.903100
vt 0.558094 0.900278
vt 0.533284 0.899348
vt 0.537232 0.901392
vt 0.535212 0.905123
vt 0.552823 0.911294
vt 0.553675 0.913634
vt 0.556407 0.911332
vt 0.541941 0.896012
vt 0.548012 0.904895
vt 0.549718 0.897211
vt 0.545228 0.896156
vt 0.553592 0.898966
vt 0.474441 0.922964
vt 0.483346 0.924455
vt 0.475166 0.927705
vt 0.466765 0.928503
vt 0.465587 0.922155
vt 0.483530 0.918312
vt 0.473647 0.920461
vt 0.463015 0.919345
vt 0.491876 0.917505
vt 0.497831 0.921341
vt 0.491344 0.922127
vt 0.483552 0.920693
vt 0.491915 0.914050
vt 0.498407 0.914358
vt 0.459027 0.933361
vt 0.459252 0.925850
vt 0.458337 0.919325
vt 0.454467 0.922461
vt 0.453897 0.916862
vt 0.467089 0.940259
vt 0.482352 0.938723
vt 0.475419 0.944155
vt 0.489794 0.930873
vt 0.496702 0.928456
vt 0.510506 0.906780
vt 0.506753 0.913261
vt 0.507134 0.906093
vt 0.510415 0.913786
vt 0.506218 0.926636
vt 0.510170 0.935995
vt 0.505847 0.937028
vt 0.510328 0.926585
vt 0.511489 0.889740
vt 0.508227 0.894920
vt 0.508300 0.886928
vt 0.511203 0.895944
vt 0.470737 0.833611
vt 0.472612 0.837445
vt 0.468068 0.838308
vt 0.475200 0.832298
vt 0.477350 0.837497
vt 0.465357 0.844069
vt 0.468345 0.850759
vt 0.463063 0.850833
vt 0.470226 0.843584
vt 0.474115 0.850891
vt 0.475291 0.843901
vt 0.475231 0.913634
vt 0.468261 0.913184
vt 0.482152 0.913525
vt 0.486966 0.896012
vt 0.483678 0.896156
vt 0.467704 0.859336
vt 0.461997 0.858949
vt 0.473071 0.829927
vt 0.467269 0.834556
vt 0.469642 0.830999
vt 0.464922 0.834739
vt 0.467437 0.831067
vt 0.474965 0.826606
vt 0.471449 0.827946
vt 0.469311 0.828651
vt 0.464517 0.839097
vt 0.461715 0.844618
vt 0.462144 0.839356
vt 0.459384 0.844831
vt 0.459303 0.851032
vt 0.457957 0.858499
vt 0.456976 0.851094
vt 0.455330 0.858162
vt 0.461908 0.870944
vt 0.456966 0.881285
vt 0.457525 0.868772
vt 0.453806 0.877219
vt 0.454530 0.866564
vt 0.467828 0.871261
vt 0.476472 0.880537
vt 0.468844 0.882894
vt 0.461979 0.886089
vt 0.475527 0.870451
vt 0.484619 0.869578
vt 0.493972 0.877933
vt 0.485018 0.878819
vt 0.485281 0.861163
vt 0.492619 0.868943
vt 0.475772 0.859225
vt 0.510399 0.821608
vt 0.510334 0.817331
vt 0.506241 0.822572
vt 0.506143 0.818370
vt 0.510494 0.813940
vt 0.506501 0.814843
vt 0.496444 0.821516
vt 0.489436 0.827439
vt 0.489917 0.823603
vt 0.483163 0.825943
vt 0.481346 0.831017
vt 0.497431 0.817557
vt 0.491348 0.819608
vt 0.485028 0.822014
vt 0.477530 0.828133
vt 0.479505 0.824502
vt 0.501776 0.823841
vt 0.501719 0.819758
vt 0.496335 0.825317
vt 0.502349 0.816013
vt 0.498123 0.867118
vt 0.501790 0.872510
vt 0.499202 0.874770
vt 0.499539 0.857428
vt 0.502327 0.863187
vt 0.493506 0.860058
vt 0.502485 0.880738
vt 0.502121 0.887807
vt 0.499415 0.882728
vt 0.505026 0.894521
vt 0.503603 0.906130
vt 0.501661 0.895225
vt 0.498801 0.910597
vt 0.505059 0.887016
vt 0.502677 0.921368
vt 0.503022 0.913297
vt 0.501950 0.927141
vt 0.506894 0.853281
vt 0.507407 0.860051
vt 0.505235 0.860694
vt 0.506603 0.868332
vt 0.504098 0.870310
vt 0.504580 0.852748
vt 0.508643 0.853962
vt 0.509465 0.860188
vt 0.509343 0.866576
vt 0.511438 0.865227
vt 0.511417 0.857595
vt 0.511362 0.860479
vt 0.506379 0.874786
vt 0.508625 0.876337
vt 0.508365 0.878861
vt 0.508415 0.872356
vt 0.510456 0.873424
vt 0.511438 0.869828
vt 0.484849 0.833704
vt 0.484381 0.841115
vt 0.481243 0.839041
vt 0.479573 0.845224
vt 0.483126 0.845941
vt 0.479039 0.851295
vt 0.483245 0.850507
vt 0.481413 0.855920
vt 0.485923 0.853371
vt 0.497847 0.827698
vt 0.493457 0.832435
vt 0.491143 0.829876
vt 0.487673 0.836393
vt 0.488245 0.856568
vt 0.491948 0.853058
vt 0.495990 0.854731
vt 0.498699 0.850773
vt 0.501610 0.851664
vt 0.505892 0.848830
vt 0.503544 0.847754
vt 0.507159 0.846475
vt 0.503039 0.826455
vt 0.507104 0.825406
vt 0.510832 0.824615
vt 0.499724 0.830405
vt 0.504464 0.829454
vt 0.508052 0.828761
vt 0.511305 0.828224
vt 0.486053 0.845877
vt 0.486957 0.848588
vt 0.489926 0.849851
vt 0.495008 0.836543
vt 0.489849 0.839712
vt 0.495000 0.848896
vt 0.500386 0.846428
vt 0.504395 0.844635
vt 0.507610 0.844055
vt 0.500610 0.834865
vt 0.504977 0.834332
vt 0.510947 0.844373
vt 0.510759 0.846580
vt 0.466638 0.896219
vt 0.470579 0.891330
vt 0.472426 0.894231
vt 0.465033 0.895040
vt 0.485083 0.886957
vt 0.477578 0.888589
vt 0.491793 0.886462
vt 0.461159 0.912533
vt 0.465194 0.916582
vt 0.473705 0.918695
vt 0.483445 0.916012
vt 0.491637 0.912090
vt 0.496319 0.905586
vt 0.499494 0.891350
vt 0.499021 0.897978
vt 0.496903 0.887714
vt 0.459187 0.896025
vt 0.461734 0.900853
vt 0.463833 0.902765
vt 0.495772 0.894281
vt 0.493578 0.891847
vt 0.488927 0.910463
vt 0.493694 0.905123
vt 0.464598 0.910974
vt 0.463985 0.907024
vt 0.495623 0.899348
vt 0.468533 0.898102
vt 0.465575 0.902477
vt 0.550715 0.890486
vt 0.551180 0.891443
vt 0.550426 0.891654
vt 0.522265 0.920887
vt 0.523054 0.921549
vt 0.522341 0.922112
vt 0.513775 0.857701
vt 0.514453 0.857330
vt 0.515131 0.857701
vt 0.513984 0.864086
vt 0.514996 0.865225
vt 0.513910 0.865225
vt 0.513764 0.847346
vt 0.514453 0.846821
vt 0.515142 0.847346
vt 0.777921 0.188422
vt 0.771702 0.188747
vt 0.478480 0.891654
vt 0.477726 0.891443
vt 0.478191 0.890486
vt 0.506565 0.922112
vt 0.505853 0.921549
vt 0.506641 0.920887
vt 0.513671 0.860232
vt 0.513653 0.861515
vt 0.512626 0.860635
vt 0.114415 0.089839
vt 0.107637 0.095472
vt 0.553599 0.973403
vt 0.554244 0.974315
vt 0.553127 0.974063
vt 0.473602 0.895943
vt 0.472596 0.895642
vt 0.472813 0.894719
vt 0.486661 0.843600
vt 0.486359 0.842440
vt 0.487371 0.842267
vt 0.511461 0.834434
vt 0.510842 0.833777
vt 0.511444 0.833115
vt 0.109987 0.966895
vt 0.103899 0.960751
vt 0.572425 0.913509
vt 0.571776 0.914641
vt 0.571285 0.914561
vt 0.566304 0.912458
vt 0.564893 0.912868
vt 0.564912 0.911704
vt 0.554686 0.915507
vt 0.555655 0.915903
vt 0.555020 0.916641
vt 0.527604 0.942022
vt 0.526971 0.940860
vt 0.527457 0.940525
vt 0.518020 0.880504
vt 0.519240 0.880177
vt 0.517823 0.881590
vt 0.524673 0.878144
vt 0.524732 0.879503
vt 0.523865 0.879998
vt 0.515126 0.851571
vt 0.514453 0.852311
vt 0.513780 0.851571
vt 0.515083 0.860305
vt 0.513929 0.861606
vt 0.513823 0.860305
vt 0.514993 0.868934
vt 0.514453 0.869179
vt 0.513913 0.868934
vt 0.623463 0.190686
vt 0.619222 0.188999
vt 0.218200 0.204539
vt 0.539616 0.892097
vt 0.538394 0.891303
vt 0.538380 0.890426
vt 0.885585 0.089839
vt 0.892363 0.095472
vt 0.475308 0.973403
vt 0.475780 0.974063
vt 0.474662 0.974315
vt 0.890013 0.966895
vt 0.896101 0.960751
vt 0.457622 0.914561
vt 0.457130 0.914641
vt 0.456482 0.913509
vt 0.463994 0.911704
vt 0.464014 0.912868
vt 0.462602 0.912458
vt 0.473886 0.916641
vt 0.473252 0.915903
vt 0.474220 0.915507
vt 0.501449 0.940525
vt 0.501935 0.940860
vt 0.501303 0.942022
vt 0.510886 0.880504
vt 0.511084 0.881590
vt 0.509667 0.880177
vt 0.505041 0.879998
vt 0.504174 0.879503
vt 0.504233 0.878144
vt 0.509704 0.848242
vt 0.510434 0.847478
vt 0.510933 0.848397
vt 0.512354 0.869319
vt 0.513141 0.868496
vt 0.513835 0.868925
vt 0.773742 0.217361
vt 0.009045 0.794910
vt 0.010968 0.797048
vt 0.572124 0.892996
vt 0.572761 0.891304
vt 0.573254 0.891371
vt 0.515071 0.868925
vt 0.515766 0.868496
vt 0.516552 0.869319
vt 0.515235 0.860232
vt 0.516280 0.860635
vt 0.515253 0.861515
vt 0.517973 0.848397
vt 0.518472 0.847478
vt 0.519202 0.848242
vt 0.541535 0.842267
vt 0.542547 0.842440
vt 0.542245 0.843600
vt 0.517462 0.833115
vt 0.518064 0.833777
vt 0.517445 0.834434
vt 0.222079 0.188422
vt 0.226258 0.217361
vt 0.556094 0.894719
vt 0.556310 0.895642
vt 0.555305 0.895943
vt 0.781800 0.204539
vt 0.490526 0.890426
vt 0.490512 0.891303
vt 0.489290 0.892097
vt 0.989031 0.797048
vt 0.990955 0.794910
vt 0.455652 0.891371
vt 0.456145 0.891304
vt 0.456782 0.892996
vt 0.570786 0.950879
vt 0.559230 0.971418
vt 0.570516 0.949882
vt 0.546963 0.968956
vt 0.546840 0.967809
vt 0.539607 0.960486
vt 0.539494 0.959450
vt 0.532909 0.950766
vt 0.532784 0.949293
vt 0.619222 0.143203
vt 0.638594 0.150001
vt 0.619222 0.148910
vt 0.619222 0.004554
vt 0.641674 0.006031
vt 0.543948 0.890984
vt 0.543777 0.889916
vt 0.538022 0.890165
vt 0.537321 0.888999
vt 0.567733 0.908539
vt 0.567046 0.907576
vt 0.545691 0.915282
vt 0.546050 0.914517
vt 0.539463 0.910847
vt 0.538386 0.911480
vt 0.534556 0.905036
vt 0.531192 0.892240
vt 0.530686 0.898361
vt 0.529579 0.891391
vt 0.532159 0.899062
vt 0.533508 0.905225
vt 0.534432 0.890995
vt 0.533489 0.889944
vt 0.514453 0.921795
vt 0.518444 0.922516
vt 0.514453 0.922961
vt 0.518425 0.921317
vt 0.514453 0.881049
vt 0.514453 0.882170
vt 0.478870 0.893942
vt 0.478643 0.892449
vt 0.515117 0.850408
vt 0.513790 0.850408
vt 0.514977 0.861606
vt 0.514922 0.864086
vt 0.515223 0.864071
vt 0.515853 0.865121
vt 0.513778 0.849071
vt 0.515128 0.849071
vt 0.568503 0.908154
vt 0.662825 0.182010
vt 0.642438 0.187600
vt 0.641693 0.183367
vt 0.458121 0.950879
vt 0.469676 0.971418
vt 0.469688 0.972364
vt 0.481943 0.968956
vt 0.489412 0.959450
vt 0.495997 0.950766
vt 0.489299 0.960486
vt 0.482066 0.967809
vt 0.704225 0.156628
vt 0.680280 0.148119
vt 0.705540 0.151548
vt 0.510462 0.922516
vt 0.510481 0.921317
vt 0.484958 0.890984
vt 0.461174 0.908539
vt 0.485129 0.889916
vt 0.490884 0.890165
vt 0.483216 0.915282
vt 0.489443 0.910847
vt 0.490521 0.911480
vt 0.659107 0.146294
vt 0.679415 0.153480
vt 0.658380 0.151818
vt 0.497715 0.892240
vt 0.498220 0.898361
vt 0.496747 0.899062
vt 0.494350 0.905036
vt 0.495398 0.905225
vt 0.495418 0.889944
vt 0.494474 0.890995
vt 0.491586 0.888999
vt 0.496122 0.949293
vt 0.702796 0.202756
vt 0.730097 0.209087
vt 0.729584 0.214563
vt 0.461860 0.907576
vt 0.460403 0.908154
vt 0.460520 0.906407
vt 0.754958 0.216074
vt 0.015015 0.657593
vt 0.017978 0.672465
vt 0.028269 0.705191
vt 0.022390 0.670061
vt 0.011111 0.620538
vt 0.008217 0.532083
vt 0.008597 0.578888
vt 0.004390 0.432446
vt 0.005541 0.486638
vt 0.152547 0.069665
vt 0.129596 0.080195
vt 0.213111 0.043933
vt 0.180419 0.057259
vt 0.284141 0.021238
vt 0.249523 0.031432
vt 0.335608 0.009581
vt 0.312030 0.014304
vt 0.513683 0.864071
vt 0.755573 0.221502
vt 0.227216 0.895439
vt 0.267471 0.864874
vt 0.553330 0.976663
vt 0.183497 0.956786
vt 0.022556 0.708165
vt 0.574903 0.945979
vt 0.573593 0.900275
vt 0.572450 0.901684
vt 0.573164 0.906992
vt 0.572057 0.908065
vt 0.010904 0.322827
vt 0.006542 0.374938
vt 0.043919 0.196990
vt 0.018020 0.277070
vt 0.029382 0.235021
vt 0.060284 0.163225
vt 0.077252 0.134073
vt 0.093918 0.110055
vt 0.299505 0.824764
vt 0.380778 0.004554
vt 0.358326 0.006031
vt 0.520445 0.883206
vt 0.518651 0.882971
vt 0.520409 0.881247
vt 0.517327 0.885981
vt 0.518376 0.849695
vt 0.518988 0.850953
vt 0.517839 0.850882
vt 0.518131 0.852497
vt 0.523089 0.878292
vt 0.523585 0.876059
vt 0.516153 0.873326
vt 0.517716 0.873380
vt 0.516935 0.852486
vt 0.517290 0.854972
vt 0.516081 0.854917
vt 0.516688 0.857518
vt 0.518174 0.877725
vt 0.519444 0.877137
vt 0.515442 0.857624
vt 0.519533 0.849751
vt 0.541784 0.843921
vt 0.514453 0.832969
vt 0.514453 0.834304
vt 0.380778 0.143203
vt 0.361406 0.150001
vt 0.360859 0.144372
vt 0.341620 0.151818
vt 0.294460 0.151548
vt 0.266378 0.165166
vt 0.264537 0.160264
vt 0.296150 0.197395
vt 0.318726 0.191386
vt 0.297204 0.202756
vt 0.337308 0.186590
vt 0.317708 0.186543
vt 0.337175 0.182010
vt 0.245042 0.216074
vt 0.270416 0.214563
vt 0.244427 0.221502
vt 0.269903 0.209087
vt 0.340893 0.146294
vt 0.320585 0.153480
vt 0.319720 0.148119
vt 0.295775 0.156628
vt 0.357562 0.187600
vt 0.376488 0.192051
vt 0.358307 0.183367
vt 0.237961 0.174126
vt 0.550036 0.893942
vt 0.550263 0.892449
vt 0.544372 0.892671
vt 0.544018 0.891204
vt 0.662692 0.186590
vt 0.682292 0.186543
vt 0.681274 0.191386
vt 0.703850 0.197395
vt 0.988889 0.620538
vt 0.991403 0.578888
vt 0.971731 0.705191
vt 0.982022 0.672465
vt 0.977444 0.708165
vt 0.984985 0.657593
vt 0.977610 0.670061
vt 0.991783 0.532083
vt 0.994459 0.486638
vt 0.988913 0.659096
vt 0.995610 0.432446
vt 0.993458 0.374938
vt 0.786889 0.043933
vt 0.819581 0.057259
vt 0.847453 0.069665
vt 0.870404 0.080195
vt 0.715859 0.021238
vt 0.750477 0.031432
vt 0.687970 0.014304
vt 0.664392 0.009581
vt 0.772784 0.895439
vt 0.816503 0.956786
vt 0.475577 0.976663
vt 0.474635 0.976796
vt 0.732529 0.864874
vt 0.458390 0.949882
vt 0.454003 0.945979
vt 0.453302 0.943760
vt 0.735463 0.160264
vt 0.762039 0.174126
vt 0.733622 0.165166
vt 0.639141 0.144372
vt 0.455313 0.900275
vt 0.456456 0.901684
vt 0.456849 0.908065
vt 0.455743 0.906992
vt 0.989096 0.322827
vt 0.981980 0.277070
vt 0.939716 0.163225
vt 0.922748 0.134073
vt 0.956081 0.196990
vt 0.970618 0.235021
vt 0.484889 0.891204
vt 0.906082 0.110055
vt 0.700495 0.824764
vt 0.510255 0.882971
vt 0.508461 0.883206
vt 0.511579 0.885981
vt 0.510530 0.849695
vt 0.509918 0.850953
vt 0.509373 0.849751
vt 0.484534 0.892671
vt 0.510775 0.852497
vt 0.511067 0.850882
vt 0.511971 0.852486
vt 0.508498 0.881247
vt 0.505817 0.878292
vt 0.505322 0.876059
vt 0.512753 0.873326
vt 0.512218 0.857518
vt 0.512825 0.854917
vt 0.513464 0.857624
vt 0.511616 0.854972
vt 0.511190 0.873380
vt 0.510732 0.877725
vt 0.509463 0.877137
vt 0.513053 0.865121
vt 0.487122 0.843921
vt 0.488220 0.842781
vt 0.118142 0.094144
vt 0.111388 0.099789
vt 0.113798 0.963715
vt 0.380778 0.192973
vt 0.376425 0.198402
vt 0.881858 0.094144
vt 0.886202 0.963716
vt 0.891627 0.957096
vt 0.514453 0.914474
vt 0.514453 0.877971
vt 0.514453 0.885444
vt 0.575604 0.943760
vt 0.574337 0.934326
vt 0.573579 0.926837
vt 0.554271 0.976796
vt 0.559219 0.972364
vt 0.560254 0.972207
vt 0.553487 0.944155
vt 0.546941 0.970783
vt 0.532944 0.955233
vt 0.539620 0.960707
vt 0.527654 0.948407
vt 0.535328 0.891847
vt 0.568386 0.906407
vt 0.514453 0.855355
vt 0.514453 0.845271
vt 0.540686 0.842781
vt 0.533469 0.838714
vt 0.542209 0.845829
vt 0.537276 0.848162
vt 0.540501 0.847701
vt 0.528275 0.837320
vt 0.524067 0.836966
vt 0.521404 0.842822
vt 0.521297 0.844055
vt 0.520641 0.836806
vt 0.520521 0.833984
vt 0.517491 0.836601
vt 0.380778 0.148910
vt 0.514453 0.836475
vt 0.511415 0.836601
vt 0.514453 0.844142
vt 0.454569 0.934326
vt 0.455327 0.926837
vt 0.468653 0.972207
vt 0.481965 0.970783
vt 0.787498 0.205544
vt 0.765099 0.169488
vt 0.782331 0.185167
vt 0.643401 0.193635
vt 0.623575 0.198402
vt 0.681105 0.142534
vt 0.706989 0.146091
vt 0.659790 0.140736
vt 0.495962 0.955233
vt 0.489286 0.960707
vt 0.501252 0.948407
vt 0.482856 0.914517
vt 0.499327 0.891391
vt 0.495437 0.838714
vt 0.490610 0.841031
vt 0.728334 0.220336
vt 0.700841 0.208339
vt 0.514453 0.943943
vt 0.510161 0.943998
vt 0.619222 0.793718
vt 0.645706 0.793935
vt 0.518745 0.943998
vt 0.380778 0.793718
vt 0.359171 0.011774
vt 0.640829 0.011774
vt 0.619222 0.010365
vt 0.556513 0.825260
vt 0.098168 0.113929
vt 0.016122 0.796472
vt 0.028130 0.669559
vt 0.033967 0.705201
vt 0.576692 0.874589
vt 0.575937 0.865588
vt 0.012569 0.374055
vt 0.577080 0.884353
vt 0.010923 0.430168
vt 0.017031 0.619664
vt 0.020643 0.656915
vt 0.015047 0.577400
vt 0.012401 0.483718
vt 0.015049 0.529693
vt 0.548072 0.821411
vt 0.155682 0.074372
vt 0.552710 0.823503
vt 0.132914 0.084781
vt 0.536515 0.817028
vt 0.215734 0.048966
vt 0.542610 0.819151
vt 0.183384 0.062089
vt 0.526047 0.814091
vt 0.286098 0.026610
vt 0.530721 0.815289
vt 0.251775 0.036661
vt 0.486697 0.845829
vt 0.508385 0.833984
vt 0.514453 0.828006
vt 0.295452 0.821427
vt 0.263139 0.861247
vt 0.145238 0.989944
vt 0.179559 0.952483
vt 0.222773 0.891608
vt 0.108372 0.957096
vt 0.575303 0.904478
vt 0.575565 0.897403
vt 0.575581 0.887921
vt 0.570616 0.903563
vt 0.575406 0.911047
vt 0.569909 0.909759
vt 0.023596 0.278150
vt 0.574812 0.857870
vt 0.016452 0.323423
vt 0.049221 0.199290
vt 0.034880 0.236702
vt 0.081922 0.137481
vt 0.065303 0.166115
vt 0.562287 0.915173
vt 0.523125 0.944499
vt 0.523059 0.937028
vt 0.514453 0.853262
vt 0.325309 0.797125
vt 0.354294 0.793935
vt 0.518262 0.812637
vt 0.336960 0.015202
vt 0.522089 0.813263
vt 0.313702 0.019804
vt 0.514453 0.873340
vt 0.517544 0.860479
vt 0.340210 0.140736
vt 0.360307 0.138812
vt 0.619222 0.137626
vt 0.639693 0.138812
vt 0.380778 0.137626
vt 0.234901 0.169488
vt 0.262243 0.155154
vt 0.318895 0.142534
vt 0.293011 0.146091
vt 0.356599 0.193635
vt 0.337676 0.192564
vt 0.320433 0.197063
vt 0.271666 0.220336
vt 0.299159 0.208339
vt 0.243793 0.227384
vt 0.222842 0.222143
vt 0.212502 0.205544
vt 0.217669 0.185167
vt 0.568907 0.906613
vt 0.488405 0.847701
vt 0.491630 0.848162
vt 0.496156 0.846829
vt 0.504840 0.836966
vt 0.500631 0.837320
vt 0.507502 0.842822
vt 0.508265 0.836806
vt 0.888612 0.099789
vt 0.472393 0.825260
vt 0.469377 0.827164
vt 0.867086 0.084781
vt 0.983878 0.796472
vt 0.966033 0.705201
vt 0.971870 0.669559
vt 0.454874 0.925469
vt 0.452214 0.874589
vt 0.452969 0.865588
vt 0.451826 0.884353
vt 0.987431 0.374055
vt 0.983548 0.323423
vt 0.989077 0.430168
vt 0.982969 0.619664
vt 0.979357 0.656915
vt 0.984953 0.577400
vt 0.984951 0.529693
vt 0.987599 0.483718
vt 0.476196 0.823503
vt 0.844318 0.074372
vt 0.816616 0.062089
vt 0.480834 0.821411
vt 0.492391 0.817028
vt 0.486296 0.819151
vt 0.784266 0.048966
vt 0.748225 0.036661
vt 0.498185 0.815289
vt 0.713902 0.026610
vt 0.686298 0.019804
vt 0.502859 0.814091
vt 0.704548 0.821427
vt 0.736861 0.861247
vt 0.777227 0.891608
vt 0.854762 0.989944
vt 0.820441 0.952483
vt 0.662324 0.192564
vt 0.679567 0.197063
vt 0.453341 0.897403
vt 0.453325 0.887921
vt 0.458291 0.903563
vt 0.453603 0.904478
vt 0.453500 0.911047
vt 0.458998 0.909759
vt 0.737757 0.155154
vt 0.454095 0.857870
vt 0.976404 0.278150
vt 0.965120 0.236702
vt 0.950779 0.199290
vt 0.934697 0.166115
vt 0.901832 0.113929
vt 0.918078 0.137481
vt 0.466620 0.915173
vt 0.505782 0.944499
vt 0.510246 0.855810
vt 0.674691 0.797125
vt 0.510644 0.812637
vt 0.506817 0.813263
vt 0.663040 0.015202
vt 0.756207 0.227384
vt 0.777158 0.222143
vt 0.460000 0.906613
vt 0.510921 0.834930
vt 0.514453 0.834715
vt 0.514453 0.813619
vt 0.510853 0.813950
vt 0.507103 0.843973
vt 0.499634 0.836227
vt 0.503935 0.835607
vt 0.572014 0.928902
vt 0.572918 0.923087
vt 0.575022 0.907747
vt 0.574711 0.914777
vt 0.575443 0.892182
vt 0.575407 0.873976
vt 0.575683 0.883291
vt 0.514453 0.943350
vt 0.555648 0.826160
vt 0.551896 0.824441
vt 0.547292 0.822390
vt 0.541913 0.820196
vt 0.535922 0.818138
vt 0.530217 0.816455
vt 0.525624 0.815309
vt 0.521751 0.814530
vt 0.491508 0.849622
vt 0.488086 0.848733
vt 0.518860 0.943391
vt 0.523728 0.943967
vt 0.540578 0.959826
vt 0.547949 0.969926
vt 0.534046 0.954739
vt 0.540740 0.959820
vt 0.553650 0.976063
vt 0.486407 0.845967
vt 0.571932 0.928912
vt 0.573602 0.858089
vt 0.574769 0.865579
vt 0.571752 0.851231
vt 0.569375 0.845007
vt 0.566860 0.839524
vt 0.563919 0.834709
vt 0.566692 0.839471
vt 0.561232 0.830831
vt 0.528495 0.948287
vt 0.528714 0.948079
vt 0.487271 0.842631
vt 0.487531 0.842684
vt 0.518053 0.813950
vt 0.514453 0.813712
vt 0.517985 0.834930
vt 0.521398 0.835281
vt 0.538825 0.840111
vt 0.521803 0.843973
vt 0.529272 0.836227
vt 0.518619 0.844188
vt 0.541375 0.842684
vt 0.541636 0.842631
vt 0.542499 0.845967
vt 0.540820 0.848733
vt 0.537398 0.849622
vt 0.504212 0.844696
vt 0.453884 0.907747
vt 0.454196 0.914777
vt 0.456893 0.928902
vt 0.455988 0.923087
vt 0.456974 0.928912
vt 0.453463 0.892182
vt 0.453894 0.899817
vt 0.454771 0.921021
vt 0.453499 0.873976
vt 0.453224 0.883291
vt 0.481614 0.822390
vt 0.473259 0.826160
vt 0.492984 0.818138
vt 0.477011 0.824441
vt 0.498689 0.816455
vt 0.503283 0.815309
vt 0.486993 0.820196
vt 0.488328 0.959826
vt 0.480957 0.969926
vt 0.488166 0.959820
vt 0.510047 0.943391
vt 0.494860 0.954739
vt 0.454055 0.944022
vt 0.475257 0.976063
vt 0.490081 0.840111
vt 0.494556 0.837756
vt 0.507508 0.835281
vt 0.454137 0.865579
vt 0.455304 0.858089
vt 0.462047 0.839524
vt 0.464987 0.834709
vt 0.462214 0.839471
vt 0.457155 0.851231
vt 0.459531 0.845007
vt 0.467675 0.830831
vt 0.500411 0.948287
vt 0.500192 0.948079
vt 0.505179 0.943967
vt 0.507155 0.814530
vt 0.558035 0.827673
vt 0.513673 0.845021
vt 0.470871 0.827673
vt 0.469820 0.828547
vt 0.510287 0.844188
vt 0.559086 0.828547
vt 0.559582 0.970634
vt 0.574851 0.944022
vt 0.558785 0.971674
vt 0.558680 0.971891
vt 0.515233 0.845021
vt 0.469324 0.970634
vt 0.470121 0.971674
vt 0.380778 0.693450
vt 0.873021 0.496854
vt 0.526191 0.813426
vt 0.502715 0.813426
vt 0.470226 0.971891
vt 0.575176 0.932375
vt 0.380778 0.260148
vt 0.623749 0.212630
vt 0.619222 0.209610
vt 0.453730 0.932375
vt 0.501171 0.846458
vt 0.619222 0.346753
vt 0.527735 0.846458
vt 0.556480 0.894231
vt 0.380778 0.199226
vt 0.574505 0.932371
vt 0.573547 0.929402
vt 0.538297 0.841031
vt 0.532751 0.846829
vt 0.524524 0.843213
vt 0.518056 0.843221
vt 0.510850 0.843221
vt 0.455359 0.929402
vt 0.454401 0.932371
vt 0.380778 0.010365
vt 0.559529 0.827164
vt 0.574033 0.925469
vt 0.504382 0.843213
vt 0.574136 0.921021
vt 0.575012 0.899817
vt 0.534350 0.837756
vt 0.524694 0.844696
vt 0.524971 0.835607
s 0
usemtl マテリアル
f 450/1/1 452/2/1 264/3/1
f 268/4/2 19/5/2 450/1/2
f 269/6/3 19/5/3 451/7/3
f 448/8/4 453/9/4 262/10/4
f 156/11/5 155/12/5 38/13/5
f 39/14/6 370/15/6 156/11/6
f 370/15/7 24/16/7 157/17/7
f 370/15/8 23/18/8 155/12/8
f 39/14/9 371/19/9 158/20/9
f 159/21/10 162/22/10 371/19/10
f 371/19/11 25/23/11 160/24/11
f 158/20/12 160/24/12 24/16/12
f 155/12/13 163/25/13 372/26/13
f 372/26/14 15/27/14 143/28/14
f 23/18/15 373/29/15 163/25/15
f 157/17/16 164/30/16 23/18/16
f 157/17/17 165/31/17 374/32/17
f 24/16/18 375/33/18 165/31/18
f 160/24/19 166/34/19 375/33/19
f 376/35/20 2/36/20 142/37/20
f 197/38/21 142/37/21 43/39/21
f 191/40/22 196/41/22 47/42/22
f 6/43/23 377/44/23 191/40/23
f 198/45/24 195/46/24 52/47/24
f 51/48/25 378/49/25 198/45/25
f 133/50/26 191/40/26 378/49/26
f 378/49/27 47/42/27 195/46/27
f 26/51/28 379/52/28 172/53/28
f 174/54/29 210/55/29 379/52/29
f 379/52/30 60/56/30 175/57/30
f 172/53/31 175/57/31 27/58/31
f 27/58/32 380/59/32 173/60/32
f 175/57/33 211/61/33 380/59/33
f 211/61/34 176/62/34 380/59/34
f 173/60/35 176/62/35 28/63/35
f 141/64/36 137/65/36 7/66/36
f 14/67/37 381/68/37 141/64/37
f 185/69/38 177/70/38 381/68/38
f 381/68/39 11/71/39 137/65/39
f 11/71/40 382/72/40 136/73/40
f 177/70/41 172/53/41 382/72/41
f 382/72/42 27/58/42 178/74/42
f 136/73/43 178/74/43 10/75/43
f 10/75/44 383/76/44 135/77/44
f 178/74/45 173/60/45 383/76/45
f 383/76/46 28/63/46 179/78/46
f 135/77/47 179/78/47 9/79/47
f 179/78/48 134/80/48 9/79/48
f 28/63/49 384/81/49 179/78/49
f 180/82/50 146/83/50 384/81/50
f 384/81/51 8/84/51 134/80/51
f 176/62/52 180/82/52 28/63/52
f 176/62/53 181/85/53 385/86/53
f 385/86/54 35/87/54 147/88/54
f 180/82/55 147/88/55 34/89/55
f 61/90/56 386/91/56 181/85/56
f 213/92/57 182/93/57 386/91/57
f 386/91/58 36/94/58 148/95/58
f 181/85/59 148/95/59 35/87/59
f 188/96/60 192/97/60 42/98/60
f 1/99/61 387/100/61 188/96/61
f 130/101/62 216/102/62 387/100/62
f 387/100/63 50/103/63 192/97/63
f 13/104/64 388/105/64 184/106/64
f 12/107/65 388/105/65 139/108/65
f 183/109/66 212/110/66 388/105/66
f 184/106/67 212/110/67 59/111/67
f 140/112/68 185/69/68 14/67/68
f 140/112/69 184/106/69 389/113/69
f 389/113/70 59/111/70 174/54/70
f 185/69/71 174/54/71 26/51/71
f 138/114/72 183/109/72 12/107/72
f 42/98/73 390/115/73 138/114/73
f 192/97/74 215/116/74 390/115/74
f 390/115/75 32/117/75 183/109/75
f 33/118/76 391/119/76 182/93/76
f 214/120/77 199/121/77 391/119/77
f 391/119/78 54/122/78 189/123/78
f 182/93/79 189/123/79 36/94/79
f 36/94/80 392/124/80 170/125/80
f 392/124/81 41/126/81 170/125/81
f 41/126/82 393/127/82 161/128/82
f 169/129/83 195/46/83 393/127/83
f 393/127/84 47/42/84 168/130/84
f 161/128/85 168/130/85 40/131/85
f 40/131/86 394/132/86 162/22/86
f 168/130/87 196/41/87 394/132/87
f 162/22/88 167/133/88 25/23/88
f 25/23/89 395/134/89 166/34/89
f 263/135/90 19/5/90 454/136/90
f 265/137/91 19/5/91 455/138/91
f 453/9/92 449/139/92 267/140/92
f 199/121/93 202/141/93 54/122/93
f 53/142/94 397/143/94 199/121/94
f 201/144/95 193/145/95 397/143/95
f 397/143/96 44/146/96 202/141/96
f 193/145/97 207/147/97 44/146/97
f 49/148/98 398/149/98 193/145/98
f 398/149/99 57/150/99 203/151/99
f 398/149/100 58/152/100 207/147/100
f 194/153/101 209/154/101 48/155/101
f 44/146/102 399/156/102 194/153/102
f 207/147/103 204/157/103 399/156/103
f 399/156/104 56/158/104 209/154/104
f 60/56/105 400/159/105 217/160/105
f 59/111/106 400/159/106 210/55/106
f 218/161/107 225/162/107 400/159/107
f 217/160/108 225/162/108 30/163/108
f 61/90/109 401/164/109 219/165/109
f 211/61/110 217/160/110 401/164/110
f 401/164/111 30/163/111 226/166/111
f 219/165/112 226/166/112 31/167/112
f 212/110/113 218/161/113 59/111/113
f 32/117/114 402/168/114 212/110/114
f 220/169/115 227/170/115 402/168/115
f 402/168/116 29/171/116 218/161/116
f 33/118/117 403/172/117 221/173/117
f 213/92/118 219/165/118 403/172/118
f 403/172/119 31/167/119 228/174/119
f 221/173/120 228/174/120 63/175/120
f 53/142/121 404/176/121 222/177/121
f 214/120/122 221/173/122 404/176/122
f 404/176/123 63/175/123 229/178/123
f 222/177/124 229/178/124 64/179/124
f 215/116/125 220/169/125 32/117/125
f 50/103/126 405/180/126 215/116/126
f 223/181/127 230/182/127 405/180/127
f 405/180/128 62/183/128 220/169/128
f 216/102/129 223/181/129 50/103/129
f 5/184/130 406/185/130 216/102/130
f 224/186/131 231/187/131 406/185/131
f 406/185/132 65/188/132 223/181/132
f 31/167/133 407/189/133 235/190/133
f 226/166/134 233/191/134 407/189/134
f 227/170/135 234/192/135 29/171/135
f 62/183/136 408/193/136 227/170/136
f 63/175/137 409/194/137 237/195/137
f 228/174/138 235/190/138 409/194/138
f 64/179/139 410/196/139 238/197/139
f 229/178/140 237/195/140 410/196/140
f 230/182/141 236/198/141 62/183/141
f 65/188/142 411/199/142 230/182/142
f 64/179/143 412/200/143 232/201/143
f 18/202/144 413/203/144 186/204/144
f 34/89/145 413/203/145 241/205/145
f 147/88/146 242/206/146 413/203/146
f 35/87/147 414/207/147 242/206/147
f 148/95/148 243/208/148 414/207/148
f 38/13/149 415/209/149 244/210/149
f 39/14/150 416/211/150 245/212/150
f 156/11/151 244/210/151 416/211/151
f 40/131/152 417/213/152 246/214/152
f 159/21/153 245/212/153 417/213/153
f 247/215/154 161/128/154 418/216/154
f 418/216/155 40/131/155 246/214/155
f 243/208/156 170/125/156 419/217/156
f 419/217/157 41/126/157 247/215/157
f 171/218/158 241/205/158 420/219/158
f 420/219/159 18/202/159 187/220/159
f 248/221/160 254/222/160 421/223/160
f 422/224/161 72/225/161 251/226/161
f 249/227/162 255/228/162 422/224/162
f 256/229/163 252/230/163 423/231/163
f 69/232/164 423/231/164 250/233/164
f 18/202/165 424/234/165 187/220/165
f 424/234/166 69/232/166 250/233/166
f 253/235/167 258/236/167 424/234/167
f 425/237/168 67/238/168 248/221/168
f 251/226/169 259/239/169 425/237/169
f 260/240/170 249/227/170 426/241/170
f 73/242/171 426/241/171 252/230/171
f 71/243/172 427/244/172 261/245/172
f 70/246/173 427/244/173 257/247/173
f 74/248/174 427/244/174 258/236/174
f 258/236/175 256/229/175 69/232/175
f 73/242/176 427/244/176 260/240/176
f 68/249/177 427/244/177 255/228/177
f 255/228/178 259/239/178 72/225/178
f 259/239/179 254/222/179 67/238/179
f 457/250/180 89/251/180 289/252/180
f 88/253/181 457/250/181 286/254/181
f 457/250/182 105/255/182 287/256/182
f 286/254/183 287/256/183 104/257/183
f 458/258/184 90/259/184 293/260/184
f 289/252/185 291/261/185 458/258/185
f 290/262/186 293/260/186 106/263/186
f 105/255/187 458/258/187 290/262/187
f 460/264/188 88/253/188 294/265/188
f 83/266/189 459/267/189 279/268/189
f 294/265/190 286/254/190 459/267/190
f 295/269/191 288/270/191 88/253/191
f 288/270/192 296/271/192 89/251/192
f 89/251/193 462/272/193 291/261/193
f 291/261/194 297/273/194 90/259/194
f 329/274/195 324/275/195 111/276/195
f 466/277/196 6/278/196 324/275/196
f 330/279/197 278/280/197 463/281/197
f 463/281/198 2/282/198 131/283/198
f 328/284/199 332/285/199 115/286/199
f 467/287/200 51/288/200 332/285/200
f 91/289/201 468/290/201 305/291/201
f 305/291/202 341/292/202 121/293/202
f 111/276/203 467/287/203 328/284/203
f 324/275/204 133/294/204 467/287/204
f 92/295/205 469/296/205 306/297/205
f 306/297/206 342/298/206 122/299/206
f 303/300/207 306/297/207 468/290/207
f 468/290/208 122/299/208 341/292/208
f 45/301/209 268/4/209 446/302/209
f 443/303/210 454/136/210 45/301/210
f 266/304/211 19/5/211 448/8/211
f 304/305/212 307/306/212 469/296/212
f 307/306/213 342/298/213 469/296/213
f 309/307/214 318/308/214 470/309/214
f 79/310/215 470/309/215 273/311/215
f 470/309/216 82/312/216 277/313/216
f 273/311/217 277/313/217 75/314/217
f 471/315/218 92/295/218 303/300/218
f 272/316/219 310/317/219 471/315/219
f 309/307/220 303/300/220 91/289/220
f 79/310/221 471/315/221 309/307/221
f 472/318/222 93/319/222 304/305/222
f 271/320/223 311/321/223 472/318/223
f 310/317/224 304/305/224 92/295/224
f 78/322/225 472/318/225 310/317/225
f 282/323/226 312/324/226 473/325/226
f 76/326/227 473/325/227 270/327/227
f 473/325/228 93/319/228 311/321/228
f 270/327/229 311/321/229 77/328/229
f 474/329/230 100/330/230 313/331/230
f 312/324/231 283/332/231 474/329/231
f 307/306/232 313/331/232 124/333/232
f 312/324/233 307/306/233 93/319/233
f 475/334/234 101/335/234 314/336/234
f 313/331/235 284/337/235 475/334/235
f 344/338/236 314/336/236 98/339/236
f 124/333/237 475/334/237 344/338/237
f 349/340/238 130/341/238 476/342/238
f 114/343/239 476/342/239 325/344/239
f 476/342/240 1/345/240 322/346/240
f 325/344/241 322/346/241 108/347/241
f 343/348/242 315/349/242 477/350/242
f 317/351/243 343/348/243 477/350/243
f 477/350/244 80/352/244 275/353/244
f 81/354/245 477/350/245 275/353/245
f 478/355/246 121/293/246 317/351/246
f 318/308/247 305/291/247 478/355/247
f 276/356/248 317/351/248 81/354/248
f 318/308/249 276/356/249 82/312/249
f 347/357/250 325/344/250 479/358/250
f 97/359/251 479/358/251 315/349/251
f 479/358/252 108/347/252 274/360/252
f 315/349/253 274/360/253 80/352/253
f 480/361/254 117/362/254 333/363/254
f 314/336/255 323/364/255 480/361/255
f 346/365/256 333/363/256 116/366/256
f 98/339/257 480/361/257 346/365/257
f 107/367/258 481/368/258 301/369/258
f 101/335/259 481/368/259 323/364/259
f 482/370/260 111/276/260 328/284/260
f 292/371/261 299/372/261 482/370/261
f 300/373/262 328/284/262 115/286/262
f 107/367/263 482/370/263 300/373/263
f 293/260/264 298/374/264 483/375/264
f 299/372/265 329/274/265 111/276/265
f 106/263/266 483/375/266 299/372/266
f 90/259/267 484/376/267 298/374/267
f 326/377/268 334/378/268 436/379/268
f 110/380/269 436/379/269 335/381/269
f 436/379/270 116/366/270 333/363/270
f 335/381/271 333/363/271 117/362/271
f 358/382/272 113/383/272 326/377/272
f 339/384/273 326/377/273 110/380/273
f 120/385/274 358/382/274 339/384/274
f 358/382/275 119/386/275 338/387/275
f 340/388/276 327/389/276 112/390/276
f 308/391/277 110/380/277 327/389/277
f 118/392/278 308/391/278 340/388/278
f 337/393/279 339/384/279 308/391/279
f 359/394/280 352/395/280 129/396/280
f 350/397/281 359/394/281 129/396/281
f 129/396/282 121/293/282 341/292/282
f 122/299/283 129/396/283 341/292/283
f 123/398/284 95/399/284 350/397/284
f 353/400/285 360/401/285 123/398/285
f 342/298/286 350/397/286 122/299/286
f 124/333/287 123/398/287 342/298/287
f 361/402/288 354/403/288 103/404/288
f 94/405/289 103/404/289 352/395/289
f 103/404/290 97/359/290 343/348/290
f 352/395/291 343/348/291 121/293/291
f 485/406/292 96/407/292 353/400/292
f 355/408/293 362/409/293 485/406/293
f 344/338/294 353/400/294 124/333/294
f 98/339/295 485/406/295 344/338/295
f 346/365/296 355/408/296 98/339/296
f 116/366/297 396/410/297 346/365/297
f 356/411/298 363/412/298 396/410/298
f 396/410/299 126/413/299 355/408/299
f 369/414/300 114/343/300 347/357/300
f 354/403/301 347/357/301 97/359/301
f 357/415/302 349/340/302 114/343/302
f 348/416/303 5/417/303 349/340/303
f 125/418/304 369/414/304 354/403/304
f 364/419/305 357/415/305 369/414/305
f 128/420/306 348/416/306 357/415/306
f 365/421/307 224/422/307 348/416/307
f 360/401/308 367/423/308 95/399/308
f 96/407/309 153/424/309 360/401/309
f 152/425/310 125/418/310 361/402/310
f 428/426/311 361/402/311 94/405/311
f 362/409/312 429/427/312 96/407/312
f 126/413/313 21/428/313 362/409/313
f 127/429/314 20/430/314 363/412/314
f 363/412/315 431/431/315 126/413/315
f 430/432/316 364/419/316 125/418/316
f 3/433/317 128/420/317 364/419/317
f 190/434/318 127/429/318 366/435/318
f 86/436/319 46/437/319 434/438/319
f 46/437/320 99/439/320 434/438/320
f 465/440/321 100/330/321 435/441/321
f 435/441/322 283/332/322 46/437/322
f 437/442/323 284/337/323 465/440/323
f 464/443/324 104/257/324 438/444/324
f 456/445/325 105/255/325 439/446/325
f 351/447/326 106/263/326 440/448/326
f 438/444/327 287/256/327 456/445/327
f 441/449/328 292/371/328 107/367/328
f 439/446/329 290/262/329 351/447/329
f 331/450/330 106/263/330 292/371/330
f 320/451/331 107/367/331 301/369/331
f 437/442/332 301/369/332 101/335/332
f 434/438/333 302/452/333 316/453/333
f 86/436/334 316/453/334 321/454/334
f 442/455/335 448/8/335 262/10/335
f 345/456/336 267/140/336 449/139/336
f 443/303/337 449/139/337 263/135/337
f 446/302/338 450/1/338 151/457/338
f 151/457/339 264/3/339 444/458/339
f 149/459/340 262/10/340 453/9/340
f 445/460/341 453/9/341 267/140/341
f 447/461/342 452/2/342 269/6/342
f 150/462/343 264/3/343 452/2/343
f 86/436/344 150/462/344 447/461/344
f 597/463/345 598/464/345 599/465/345
f 612/466/346 613/467/346 614/468/346
f 617/469/347 618/470/347 619/471/347
f 620/472/348 622/473/348 623/474/348
f 624/475/349 625/476/349 626/477/349
f 629/478/350 630/479/350 631/480/350
f 652/481/351 653/482/351 654/483/351
f 661/484/352 662/485/352 663/486/352
f 674/487/353 675/488/353 676/489/353
f 681/490/354 682/491/354 683/492/354
f 688/493/355 689/494/355 690/495/355
f 695/496/356 696/497/356 697/498/356
f 700/499/357 701/500/357 702/501/357
f 711/502/358 712/503/358 713/504/358
f 720/505/359 721/506/359 722/507/359
f 723/508/360 724/509/360 725/510/360
f 730/511/361 731/512/361 732/513/361
f 735/514/362 736/515/362 737/516/362
f 739/517/363 741/518/363 738/519/363
f 742/520/364 743/521/364 744/522/364
f 761/523/365 762/524/365 763/525/365
f 764/526/366 765/527/366 766/528/366
f 773/529/367 774/530/367 775/531/367
f 778/532/368 779/533/368 780/534/368
f 791/535/369 792/536/369 793/537/369
f 796/538/370 797/539/370 798/540/370
f 804/541/371 806/542/371 803/543/371
f 807/544/372 808/545/372 809/546/372
f 832/547/373 833/548/373 834/549/373
f 835/550/374 836/551/374 837/552/374
f 838/553/375 839/554/375 840/555/375
f 843/556/376 844/557/376 845/558/376
f 846/559/377 847/560/377 848/561/377
f 859/562/378 860/563/378 861/564/378
f 866/565/379 867/566/379 868/567/379
f 871/568/380 872/569/380 873/570/380
f 894/571/381 895/572/381 896/573/381
f 901/574/382 902/575/382 903/576/382
f 909/577/383 911/578/383 908/579/383
f 912/580/384 913/581/384 914/582/384
f 931/583/385 932/584/385 933/585/385
f 934/586/386 935/587/386 936/588/386
f 943/589/387 944/590/387 945/591/387
f 948/592/388 949/593/388 950/594/388
f 961/595/389 962/596/389 963/597/389
f 974/598/390 975/599/390 976/600/390
f 979/601/391 980/602/391 981/603/391
f 998/604/392 999/605/392 1000/606/392
f 1005/607/393 1006/608/393 1007/609/393
f 1008/610/394 1009/611/394 1010/612/394
f 1011/613/395 1012/614/395 1013/615/395
f 1034/616/396 1035/617/396 1036/618/396
f 1041/619/397 1042/620/397 1043/621/397
f 1044/622/398 1045/623/398 1046/624/398
f 1047/625/399 1048/626/399 1049/627/399
f 1050/628/400 1051/629/400 1052/630/400
f 1065/631/401 1066/632/401 1067/633/401
f 1068/634/402 1069/635/402 1070/636/402
f 1071/637/403 1072/638/403 1073/639/403
f 1090/640/404 1091/641/404 1092/642/404
f 1093/643/405 1094/644/405 1095/645/405
f 1098/646/406 1099/647/406 1100/648/406
f 1121/649/407 1122/650/407 1123/651/407
f 1124/652/408 1125/653/408 1126/654/408
f 1127/655/409 1128/656/409 1129/657/409
f 591/658/410 693/659/410 694/660/410
f 591/658/411 697/498/411 592/661/411
f 695/496/412 594/662/412 696/497/412
f 593/663/413 699/664/413 594/662/413
f 698/665/414 596/666/414 699/664/414
f 589/667/415 700/499/415 590/668/415
f 803/669/416 683/492/416 804/670/416
f 906/671/417 820/672/417 821/673/417
f 687/674/418 1143/675/418 686/676/418
f 628/677/419 741/518/419 627/678/419
f 629/478/420 740/679/420 739/517/420
f 742/520/421 631/480/421 630/479/421
f 743/521/422 633/680/422 744/522/422
f 627/678/423 746/681/423 628/677/423
f 745/682/424 635/683/424 746/681/424
f 747/684/425 633/680/425 632/685/425
f 636/686/426 748/687/426 747/684/426
f 749/688/427 638/689/427 639/690/427
f 637/691/428 750/692/428 749/688/428
f 641/693/429 752/694/429 640/695/429
f 751/696/430 634/697/430 752/694/430
f 597/463/431 760/698/431 598/464/431
f 759/699/432 601/700/432 760/698/432
f 762/524/433 604/701/433 605/702/433
f 764/526/434 607/703/434 765/527/434
f 767/704/435 607/703/435 606/705/435
f 610/706/436 768/707/436 767/704/436
f 769/708/437 608/709/437 609/710/437
f 611/711/438 770/712/438 769/708/438
f 600/713/439 772/714/439 601/700/439
f 771/715/440 608/709/440 772/714/440
f 595/716/441 773/529/441 596/666/441
f 776/717/442 585/718/442 586/719/442
f 613/467/443 777/720/443 776/717/443
f 779/533/444 587/721/444 588/722/444
f 643/723/445 784/724/445 642/725/445
f 783/726/446 640/695/446 784/724/446
f 712/503/447 1096/727/447 1097/728/447
f 789/729/448 644/730/448 645/731/448
f 639/690/449 790/732/449 789/729/449
f 797/539/450 615/733/450 616/734/450
f 805/735/451 620/472/451 623/474/451
f 618/470/452 803/543/452 806/542/452
f 807/544/453 621/736/453 808/545/453
f 622/473/454 810/737/454 623/474/454
f 814/738/455 625/476/455 624/475/455
f 616/734/456 815/739/456 814/738/456
f 835/740/457 629/478/457 836/741/457
f 839/554/458 605/702/458 604/701/458
f 1085/742/459 656/743/459 1084/744/459
f 865/745/460 649/746/460 864/747/460
f 650/748/461 866/565/461 868/567/461
f 867/566/462 649/746/462 648/749/462
f 659/750/463 869/751/463 870/752/463
f 870/752/464 651/753/464 650/748/464
f 872/569/465 647/754/465 646/755/465
f 644/756/466 960/757/466 645/758/466
f 657/759/467 1082/760/467 1083/761/467
f 909/577/468 677/762/468 678/763/468
f 848/561/469 914/582/469 846/559/469
f 910/764/470 847/560/470 911/578/470
f 915/765/471 678/763/471 677/762/471
f 849/766/472 913/581/472 912/580/472
f 849/766/473 918/767/473 850/768/473
f 851/769/474 916/770/474 915/765/474
f 917/771/475 854/772/475 918/767/475
f 953/773/476 643/774/476 642/775/476
f 920/776/477 853/777/477 919/778/477
f 856/779/478 919/778/478 855/780/478
f 852/781/479 921/782/479 922/783/479
f 922/783/480 857/784/480 858/785/480
f 587/786/481 950/594/481 588/787/481
f 585/788/482 947/789/482 586/790/482
f 929/791/483 662/485/483 661/484/483
f 667/792/484 931/583/484 666/793/484
f 664/794/485 930/795/485 929/791/485
f 669/796/486 938/797/486 668/798/486
f 669/796/487 935/587/487 934/586/487
f 658/799/488 1078/800/488 1079/801/488
f 671/802/489 940/803/489 670/804/489
f 937/805/490 673/806/490 938/797/490
f 939/807/491 672/808/491 940/803/491
f 671/802/492 941/809/492 942/810/492
f 942/810/493 665/811/493 664/794/493
f 944/590/494 660/812/494 659/750/494
f 946/813/495 674/487/495 947/789/495
f 858/785/496 954/814/496 953/773/496
f 832/547/497 655/815/497 833/548/497
f 959/816/498 855/780/498 960/757/498
f 1087/817/499 680/818/499 1086/819/499
f 847/560/500 1091/820/500 1090/821/500
f 666/793/501 1093/643/501 667/792/501
f 1089/822/502 679/823/502 1088/824/502
f 982/825/503 705/826/503 706/827/503
f 692/828/504 982/825/504 691/829/504
f 708/830/505 985/831/505 707/832/505
f 705/826/506 984/833/506 706/827/506
f 710/834/507 987/835/507 709/836/507
f 707/832/508 986/837/508 708/830/508
f 704/838/509 989/839/509 703/840/509
f 709/836/510 988/841/510 710/834/510
f 1117/842/511 684/843/511 685/844/511
f 990/845/512 714/846/512 715/847/512
f 688/493/513 990/845/513 689/494/513
f 992/848/514 716/849/514 717/850/514
f 993/851/515 715/847/515 714/846/515
f 994/852/516 718/853/516 719/854/516
f 995/855/517 717/850/517 716/849/517
f 788/856/518 997/857/518 787/858/518
f 997/857/519 719/854/519 718/853/519
f 970/859/520 621/860/520 620/861/520
f 1088/824/521 1000/606/521 1089/822/521
f 786/862/522 1002/863/522 785/864/522
f 684/865/523 1001/866/523 685/867/523
f 729/868/524 1004/869/524 728/870/524
f 727/871/525 1003/872/525 726/873/525
f 1005/874/526 730/511/526 732/513/526
f 1006/608/527 697/498/527 696/497/527
f 728/870/528 1006/875/528 729/868/528
f 1091/641/529 998/604/529 1092/642/529
f 691/829/530 1010/612/530 692/828/530
f 1009/876/531 694/660/531 693/659/531
f 731/512/532 1009/611/532 732/513/532
f 734/877/533 1011/613/533 733/878/533
f 733/878/534 1015/879/534 734/877/534
f 735/514/535 1014/880/535 736/515/535
f 754/881/536 1017/882/536 753/883/536
f 703/840/537 1016/884/537 704/838/537
f 1018/885/538 755/886/538 756/887/538
f 753/883/539 1018/885/539 754/881/539
f 758/888/540 1021/889/540 757/890/540
f 755/886/541 1020/891/541 756/887/541
f 1022/892/542 690/495/542 689/494/542
f 757/890/543 1022/892/543 758/888/543
f 726/873/544 1025/893/544 727/871/544
f 785/894/545 1024/895/545 786/896/545
f 1000/897/546 914/582/546 913/581/546
f 1092/642/547 654/483/547 1090/640/547
f 1026/898/548 687/674/548 686/676/548
f 1027/899/549 788/856/549 787/858/549
f 1028/900/550 794/901/550 795/902/550
f 779/533/551 1028/900/551 780/534/551
f 813/903/552 1031/904/552 812/905/552
f 782/906/553 1030/907/553 781/908/553
f 791/535/554 1032/909/554 792/536/554
f 1032/909/555 795/902/555 794/901/555
f 1035/617/556 799/910/556 800/911/556
f 781/908/557 1038/912/557 782/906/557
f 802/913/558 1037/914/558 801/915/558
f 780/534/559 1040/916/559 778/532/559
f 1040/916/560 800/911/560 799/910/560
f 1042/620/561 806/542/561 805/735/561
f 811/917/562 1042/620/562 810/737/562
f 801/915/563 1043/621/563 802/913/563
f 1045/623/564 813/903/564 812/905/564
f 740/679/565 1047/625/565 741/518/565
f 817/918/566 1050/628/566 816/919/566
f 820/672/567 1054/920/567 821/673/567
f 819/921/568 1053/922/568 818/923/568
f 825/924/569 1056/925/569 824/926/569
f 823/927/570 1055/928/570 822/929/570
f 1057/930/571 828/931/571 829/932/571
f 1058/933/572 826/934/572 827/935/572
f 1059/936/573 830/937/573 831/938/573
f 1060/939/574 829/932/574 828/931/574
f 818/923/575 1062/940/575 819/921/575
f 824/926/576 1061/941/576 825/924/576
f 1063/942/577 827/935/577 826/934/577
f 1064/943/578 834/549/578 833/548/578
f 738/519/579 1065/944/579 739/517/579
f 822/929/580 1066/632/580 823/927/580
f 1065/631/581 837/552/581 836/551/581
f 742/520/582 1068/945/582 743/521/582
f 1070/636/583 835/550/583 837/552/583
f 1068/634/584 831/938/584 830/937/584
f 842/946/585 1071/637/585 841/947/585
f 841/947/586 1075/948/586 842/946/586
f 843/556/587 1074/949/587 844/557/587
f 1084/744/588 893/950/588 1085/742/588
f 1086/819/589 892/951/589 1087/817/589
f 1103/952/590 878/953/590 879/954/590
f 1101/955/591 862/956/591 863/957/591
f 877/958/592 1101/955/592 876/959/592
f 1105/960/593 880/961/593 881/962/593
f 1104/963/594 877/958/594 876/959/594
f 1107/964/595 881/962/595 880/961/595
f 1108/965/596 874/966/596 875/967/596
f 1106/968/597 879/954/597 878/953/597
f 885/969/598 1112/970/598 884/971/598
f 1109/972/599 859/562/599 861/564/599
f 883/973/600 1109/972/600 882/974/600
f 887/975/601 1114/976/601 886/977/601
f 882/974/602 1111/978/602 883/973/602
f 886/977/603 1116/979/603 887/975/603
f 1116/979/604 957/980/604 958/981/604
f 884/971/605 1113/982/605 885/969/605
f 1119/983/606 890/984/606 891/985/606
f 1118/986/607 955/987/607 956/988/607
f 867/566/608 1121/649/608 868/567/608
f 894/571/609 1122/989/609 895/572/609
f 1120/990/610 888/991/610 889/992/610
f 1124/652/611 896/573/611 895/572/611
f 864/747/612 1124/993/612 865/745/612
f 1126/654/613 863/957/613 862/956/613
f 1121/994/614 891/985/614 890/984/614
f 904/995/615 1080/996/615 1081/997/615
f 905/998/616 1083/761/616 1082/760/616
f 907/999/617 1079/801/617 1078/800/617
f 1128/656/618 899/1000/618 900/1001/618
f 1130/1002/619 902/575/619 901/574/619
f 1131/1003/620 900/1001/620 899/1000/620
f 1132/1004/621 875/967/621 874/966/621
f 1133/1005/622 923/1006/622 924/1007/622
f 1136/1008/623 927/1009/623 928/1010/623
f 1134/1011/624 924/1007/624 923/1006/624
f 926/1012/625 1134/1011/625 925/1013/625
f 602/1014/626 1099/647/626 1098/646/626
f 860/563/627 1139/1015/627 861/564/627
f 1137/1016/628 926/1012/628 925/1013/628
f 1139/1015/629 928/1010/629 927/1009/629
f 1140/1017/630 889/992/630 888/991/630
f 1141/1018/631 956/1019/631 955/1020/631
f 1144/1021/632 950/594/632 949/593/632
f 965/1022/633 1144/1021/633 964/1023/633
f 957/980/634 1142/1024/634 958/981/634
f 1146/1025/635 977/1026/635 978/1027/635
f 603/1028/636 1097/728/636 1096/727/636
f 1147/1029/637 951/1030/637 952/1031/637
f 964/1023/638 1076/1032/638 965/1022/638
f 1076/1032/639 962/596/639 961/595/639
f 967/1033/640 979/601/640 966/1034/640
f 972/1035/641 968/1036/641 969/1037/641
f 973/1038/642 952/1031/642 951/1030/642
f 966/1034/643 898/1039/643 967/1033/643
f 898/1039/644 949/593/644 948/592/644
f 683/492/645 971/1040/645 970/859/645
f 682/491/646 969/1037/646 968/1036/646
f 977/1026/647 974/598/647 978/1027/647
f 721/506/648 910/764/648 909/577/648
f 653/482/649 1081/997/649 1080/996/649
f 654/1041/650 908/579/650 911/578/650
f 724/509/651 817/1042/651 816/1043/651
f 690/495/652 1148/1044/652 688/493/652
f 730/511/653 1150/1045/653 731/512/653
f 834/549/654 1152/1046/654 832/547/654
f 1155/1047/655 860/563/655 859/562/655
f 1157/1048/656 894/571/656 896/573/656
f 463/281/657 586/790/657 947/789/657
f 586/719/658 376/35/658 776/717/658
f 946/813/659 132/1049/659 466/277/659
f 132/1050/660 777/720/660 377/44/660
f 778/532/661 208/1051/661 587/721/661
f 1029/1052/662 588/722/662 200/1053/662
f 208/1054/663 948/592/663 587/786/663
f 588/787/664 1145/1055/664 200/1056/664
f 590/1057/665 694/1058/665 1008/610/665
f 373/29/666 590/668/666 700/499/666
f 701/1059/667 691/829/667 982/825/667
f 164/30/668 694/660/668 373/29/668
f 592/661/669 1005/607/669 732/1060/669
f 693/659/670 732/1060/670 1009/876/670
f 374/32/671 591/658/671 164/30/671
f 374/32/672 593/663/672 695/496/672
f 594/662/673 1003/1061/673 729/1062/673
f 696/497/674 729/1062/674 1006/608/674
f 165/31/675 698/665/675 593/663/675
f 375/33/676 595/716/676 698/665/676
f 699/664/677 726/1063/677 1003/1061/677
f 166/34/678 774/530/678 595/716/678
f 596/666/679 1024/1064/679 726/1063/679
f 1071/637/680 599/465/680 841/947/680
f 242/206/681 597/463/681 599/465/681
f 1074/949/682 598/464/682 760/698/682
f 597/463/683 414/207/683 759/699/683
f 844/557/684 760/698/684 601/700/684
f 414/207/685 600/713/685 759/699/685
f 845/558/686 844/557/686 601/700/686
f 243/208/687 771/715/687 600/713/687
f 603/1028/688 266/304/688 1099/647/688
f 1096/727/689 455/138/689 603/1028/689
f 661/484/690 602/1014/690 929/791/690
f 929/791/691 1098/646/691 664/794/691
f 605/702/692 423/231/692 762/524/692
f 415/209/693 604/701/693 761/523/693
f 187/220/694 250/233/694 605/702/694
f 838/553/695 187/220/695 605/702/695
f 764/526/696 249/227/696 606/705/696
f 768/707/697 245/212/697 607/703/697
f 245/212/698 765/527/698 607/703/698
f 606/705/699 422/224/699 767/704/699
f 770/712/700 248/221/700 608/709/700
f 419/217/701 609/710/701 771/715/701
f 609/710/702 418/216/702 769/708/702
f 248/221/703 772/714/703 608/709/703
f 767/704/704 251/226/704 610/706/704
f 769/708/705 246/214/705 611/711/705
f 611/711/706 417/213/706 768/707/706
f 610/706/707 425/237/707 770/712/707
f 197/38/708 167/133/708 613/467/708
f 612/466/709 614/468/709 167/133/709
f 613/467/710 376/35/710 197/38/710
f 377/44/711 612/466/711 196/41/711
f 1147/1029/712 616/1065/712 977/1026/712
f 615/733/713 1030/907/713 813/903/713
f 813/903/714 815/739/714 615/733/714
f 814/1066/715 977/1026/715 616/1065/715
f 618/470/716 1041/619/716 801/915/716
f 617/1067/717 681/490/717 803/669/717
f 619/471/718 618/470/718 801/915/718
f 969/1037/719 619/1068/719 205/1069/719
f 804/670/720 970/859/720 620/861/720
f 807/544/721 1036/618/721 811/917/721
f 805/735/722 810/737/722 1042/620/722
f 981/603/723 980/602/723 808/1070/723
f 366/435/724 976/600/724 975/599/724
f 1044/622/725 232/201/725 625/476/725
f 232/201/726 412/200/726 240/1071/726
f 240/1072/727 190/434/727 366/435/727
f 738/519/728 823/1073/728 1066/1074/728
f 234/192/729 741/518/729 1047/625/729
f 628/1075/730 1056/925/730 823/927/730
f 234/192/731 745/682/731 627/678/731
f 739/517/732 836/741/732 629/478/732
f 407/189/733 631/480/733 744/522/733
f 1048/626/734 631/480/734 233/191/734
f 630/479/735 1069/1076/735 742/520/735
f 743/1077/736 830/937/736 632/1078/736
f 409/194/737 633/680/737 748/687/737
f 235/190/738 744/522/738 633/680/738
f 632/1078/739 1060/939/739 747/1079/739
f 746/1080/740 824/926/740 1056/925/740
f 408/193/741 634/697/741 745/682/741
f 635/1081/742 1062/940/742 824/926/742
f 236/198/743 752/694/743 634/697/743
f 747/1079/744 828/931/744 636/1082/744
f 237/195/745 749/688/745 410/196/745
f 237/195/746 748/687/746 637/691/746
f 636/1082/747 1058/933/747 750/1083/747
f 750/1083/748 827/935/748 638/1084/748
f 238/197/749 789/729/749 412/200/749
f 410/196/750 639/690/750 238/197/750
f 638/1084/751 1064/943/751 790/1085/751
f 751/1086/752 819/921/752 1062/940/752
f 411/199/753 640/695/753 752/694/753
f 641/1087/754 1054/920/754 819/921/754
f 1052/630/755 1051/629/755 784/724/755
f 783/1088/756 821/673/756 1054/920/756
f 954/1089/757 821/673/757 643/1090/757
f 1051/629/758 642/725/758 784/724/758
f 723/508/759 642/775/759 817/1042/759
f 790/732/760 833/1091/760 644/730/760
f 412/200/761 645/731/761 240/1071/761
f 833/1092/762 959/816/762 644/756/762
f 645/758/763 190/434/763 240/1072/763
f 1125/653/764 864/1093/764 646/1094/764
f 646/755/765 460/264/765 872/569/765
f 863/957/766 871/1095/766 1101/955/766
f 864/747/767 295/269/767 460/264/767
f 895/1096/768 865/745/768 1124/993/768
f 649/746/769 461/1097/769 295/269/769
f 1122/650/770 648/749/770 895/1096/770
f 461/1097/771 651/753/771 296/271/771
f 890/1098/772 868/567/772 1121/649/772
f 296/271/773 869/751/773 462/272/773
f 1120/1099/774 650/748/774 890/1098/774
f 566/1100/775 652/481/775 1092/642/775
f 908/579/776 1080/1101/776 677/762/776
f 1090/821/777 911/578/777 847/560/777
f 652/481/778 561/1102/778 1081/997/778
f 487/1103/779 1084/744/779 656/743/779
f 655/815/780 856/1104/780 959/1105/780
f 1152/1046/781 656/743/781 832/547/781
f 1083/761/782 488/1106/782 657/759/782
f 921/1107/783 1079/801/783 857/1108/783
f 851/1109/784 658/799/784 921/1107/784
f 657/759/785 560/1110/785 1078/800/785
f 462/272/786 660/812/786 297/273/786
f 297/273/787 943/589/787 484/376/787
f 889/1111/788 870/752/788 1120/1099/788
f 1141/1112/789 659/750/789 889/1111/789
f 662/485/790 465/440/790 435/441/790
f 663/486/791 712/503/791 1097/728/791
f 663/486/792 435/441/792 46/437/792
f 665/811/793 465/440/793 930/795/793
f 664/794/794 1100/648/794 368/1113/794
f 941/809/795 437/442/795 665/811/795
f 666/793/796 151/457/796 444/458/796
f 321/454/797 1094/644/797 666/793/797
f 667/792/798 464/443/798 932/584/798
f 321/454/799 444/458/799 150/462/799
f 668/798/800 345/456/800 443/303/800
f 934/586/801 439/446/801 669/796/801
f 937/805/802 439/446/802 351/447/802
f 935/587/803 443/303/803 45/301/803
f 939/807/804 442/455/804 149/459/804
f 670/804/805 331/450/805 441/449/805
f 942/810/806 442/455/806 671/802/806
f 670/804/807 320/451/807 941/809/807
f 938/797/808 445/460/808 345/456/808
f 672/808/809 351/447/809 440/448/809
f 673/806/810 149/459/810 445/460/810
f 940/803/811 440/448/811 331/450/811
f 674/487/812 298/374/812 330/279/812
f 675/488/813 466/277/813 329/274/813
f 298/374/814 676/489/814 675/488/814
f 674/487/815 463/281/815 947/789/815
f 428/426/816 916/770/816 152/425/816
f 909/577/817 428/426/817 721/506/817
f 677/1114/818 905/998/818 915/1115/818
f 1087/817/819 489/1116/819 679/823/819
f 680/818/820 850/1117/820 918/1118/820
f 1086/819/821 918/1118/821 854/1119/821
f 489/1116/822 1088/824/822 679/823/822
f 968/1036/823 336/1120/823 682/491/823
f 336/1120/824 971/1040/824 682/491/824
f 685/844/825 278/280/825 1117/842/825
f 1118/1121/826 490/1122/826 684/1123/826
f 142/37/827 685/867/827 1001/866/827
f 490/1122/828 1002/1124/828 684/1123/828
f 686/1125/829 322/346/829 1/345/829
f 551/1126/830 687/674/830 1027/899/830
f 687/674/831 584/1127/831 1142/1024/831
f 686/1128/832 188/96/832 1026/1129/832
f 7/66/833 1022/1130/833 689/1131/833
f 990/1132/834 7/66/834 689/1131/834
f 1023/1133/835 1149/1134/835 690/495/835
f 1148/1044/836 991/1135/836 688/493/836
f 545/1136/837 692/828/837 1010/612/837
f 692/828/838 533/1137/838 983/1138/838
f 163/25/839 373/29/839 700/499/839
f 15/27/840 702/501/840 701/500/840
f 134/80/841 704/1139/841 1016/1140/841
f 493/1141/842 1017/882/842 703/840/842
f 8/84/843 988/1142/843 704/1139/843
f 536/1143/844 703/840/844 989/839/844
f 984/1144/845 15/27/845 706/1145/845
f 494/1146/846 985/831/846 705/826/846
f 983/1138/847 494/1146/847 705/826/847
f 144/1147/848 708/1148/848 986/1149/848
f 495/1150/849 987/835/849 707/832/849
f 16/1151/850 984/1144/850 708/1148/850
f 534/1152/851 707/832/851 985/831/851
f 145/1153/852 710/1154/852 988/1142/852
f 496/1155/853 989/839/853 709/836/853
f 17/1156/854 986/1149/854 710/1154/854
f 535/1157/855 709/836/855 987/835/855
f 86/436/856 447/461/856 713/504/856
f 713/504/857 447/461/857 269/6/857
f 711/502/858 265/137/858 1096/727/858
f 992/1158/859 14/67/859 715/1159/859
f 497/1160/860 993/851/860 714/846/860
f 715/1159/861 141/64/861 990/1132/861
f 537/1161/862 714/846/862 991/1135/862
f 994/1162/863 13/104/863 717/1163/863
f 498/1164/864 995/855/864 716/849/864
f 717/1163/865 140/112/865 992/1158/865
f 538/1165/866 716/849/866 993/851/866
f 996/1166/867 12/107/867 719/1167/867
f 499/1168/868 997/857/868 718/853/868
f 719/1167/869 139/108/869 994/1162/869
f 539/1169/870 718/853/870 995/855/870
f 721/506/871 428/426/871 94/405/871
f 722/507/872 95/399/872 720/505/872
f 848/561/873 720/505/873 367/423/873
f 433/1170/874 724/509/874 365/421/874
f 953/773/875 723/508/875 725/510/875
f 724/509/876 66/1171/876 365/421/876
f 1025/893/877 500/1172/877 727/871/877
f 500/1172/878 1004/869/878 727/871/878
f 728/870/879 544/1173/879 1007/1174/879
f 1004/869/880 501/1175/880 728/870/880
f 731/512/881 545/1136/881 1010/612/881
f 544/1173/882 730/511/882 1007/1174/882
f 734/877/883 144/1147/883 17/1156/883
f 1012/614/884 17/1156/884 145/1153/884
f 37/1176/885 1014/880/885 733/878/885
f 171/218/886 733/878/886 1011/613/886
f 737/516/887 372/26/887 143/28/887
f 1015/879/888 16/1151/888 144/1147/888
f 38/13/889 155/12/889 372/26/889
f 154/1177/890 736/515/890 1014/880/890
f 1018/1178/891 9/79/891 754/1179/891
f 502/1180/892 1019/1181/892 753/883/892
f 9/79/893 1016/1140/893 754/1179/893
f 546/1182/894 753/883/894 1017/882/894
f 136/73/895 756/1183/895 1020/1184/895
f 503/1185/896 1021/889/896 755/886/896
f 756/1183/897 135/77/897 1018/1178/897
f 547/1186/898 755/886/898 1019/1181/898
f 137/65/899 758/1187/899 1022/1130/899
f 757/890/900 549/1188/900 1023/1133/900
f 11/71/901 1020/1184/901 758/1187/901
f 1021/889/902 504/1189/902 757/890/902
f 415/209/903 761/523/903 763/525/903
f 252/230/904 763/525/904 423/231/904
f 426/241/905 764/526/905 766/528/905
f 416/211/906 244/210/906 22/1190/906
f 773/529/907 43/39/907 786/862/907
f 43/39/908 775/531/908 774/530/908
f 48/155/909 1039/1191/909 780/534/909
f 795/902/910 780/534/910 1028/900/910
f 4/1192/911 1037/914/911 781/908/911
f 1031/904/912 49/148/912 201/144/912
f 798/540/913 4/1192/913 781/908/913
f 782/906/914 206/1193/914 49/148/914
f 505/1194/915 1025/893/915 785/894/915
f 43/39/916 1001/866/916 786/862/916
f 542/1195/917 785/894/917 1002/1124/917
f 1026/1129/918 42/98/918 788/1196/918
f 506/1197/919 1027/899/919 787/858/919
f 788/1196/920 138/114/920 996/1166/920
f 540/1198/921 787/858/921 997/857/921
f 54/122/922 1033/1199/922 791/535/922
f 792/536/923 52/47/923 169/129/923
f 392/124/924 791/535/924 793/537/924
f 792/536/925 794/901/925 52/47/925
f 52/47/926 1029/1052/926 198/45/926
f 1033/1199/927 48/155/927 795/902/927
f 952/1031/928 798/1200/928 797/1201/928
f 208/1051/929 799/910/929 55/1202/929
f 800/911/930 204/157/930 1035/617/930
f 55/1202/931 799/910/931 1034/616/931
f 1039/1191/932 56/158/932 800/911/932
f 1038/912/933 57/150/933 206/1193/933
f 802/913/934 203/151/934 57/150/934
f 980/602/935 967/1033/935 55/1203/935
f 811/917/936 203/151/936 1043/621/936
f 1035/617/937 204/157/937 58/152/937
f 812/905/938 222/177/938 1045/623/938
f 812/905/939 201/144/939 53/142/939
f 66/1204/940 1050/628/940 231/187/940
f 507/1205/941 1061/941/941 818/923/941
f 552/1206/942 818/923/942 1053/922/942
f 907/999/943 508/1207/943 820/672/943
f 508/1207/944 1053/922/944 820/672/944
f 509/1208/945 1067/633/945 822/929/945
f 553/1209/946 822/929/946 1055/928/946
f 556/1210/947 825/924/947 1061/941/947
f 510/1211/948 1055/928/948 825/924/948
f 826/934/949 557/1212/949 1063/942/949
f 1057/930/950 511/1213/950 826/934/950
f 555/1214/951 829/932/951 1059/936/951
f 829/932/952 554/1215/952 1057/930/952
f 1070/636/953 513/1216/953 831/938/953
f 831/938/954 555/1214/954 1059/936/954
f 1063/942/955 1153/1217/955 834/549/955
f 837/552/956 559/1218/956 1070/636/956
f 1067/633/957 514/1219/957 837/552/957
f 37/1176/958 171/218/958 420/219/958
f 154/1177/959 840/555/959 839/554/959
f 261/245/960 842/946/960 1075/948/960
f 70/246/961 1072/638/961 842/946/961
f 71/243/962 1075/948/962 843/556/962
f 254/222/963 843/556/963 845/558/963
f 999/1220/964 846/559/964 914/582/964
f 153/424/965 848/561/965 367/423/965
f 1089/822/966 913/1221/966 850/1117/966
f 429/427/967 912/580/967 153/424/967
f 21/428/968 849/766/968 429/427/968
f 915/1115/969 1082/760/969 851/1109/969
f 430/432/970 922/783/970 3/433/970
f 152/425/971 852/781/971 430/432/971
f 431/431/972 917/771/972 21/428/972
f 893/950/973 854/1119/973 920/1222/973
f 919/778/974 431/431/974 20/430/974
f 1085/742/975 920/1222/975 856/1104/975
f 855/780/976 20/430/976 432/1223/976
f 960/757/977 432/1223/977 190/434/977
f 3/433/978 858/785/978 433/1170/978
f 857/1108/979 906/671/979 954/1089/979
f 1139/1224/980 75/314/980 861/1225/980
f 1154/1226/981 1138/1227/981 860/563/981
f 1109/1228/982 75/314/982 277/313/982
f 1110/1229/983 1155/1047/983 859/562/983
f 862/956/984 578/1230/984 1126/654/984
f 567/1231/985 862/956/985 1102/1232/985
f 872/569/986 460/264/986 294/265/986
f 83/266/987 871/568/987 873/570/987
f 874/1233/988 270/327/988 1132/1234/988
f 1107/1235/989 76/326/989 874/1233/989
f 1133/1005/990 516/1236/990 875/967/990
f 875/967/991 570/1237/991 1108/965/991
f 1103/952/992 517/1238/992 877/958/992
f 517/1238/993 1102/1232/993 877/958/993
f 1104/1239/994 83/266/994 279/268/994
f 878/1240/995 280/1241/995 1106/1242/995
f 1104/1239/996 84/1243/996 878/1240/996
f 1105/960/997 518/1244/997 879/954/997
f 879/954/998 568/1245/998 1103/952/998
f 1106/1242/999 85/1246/999 880/1247/999
f 1108/965/1000 519/1248/1000 881/962/1000
f 881/962/1001 569/1249/1001 1105/960/1001
f 880/1247/1002 281/1250/1002 1107/1235/1002
f 882/1251/1003 277/313/1003 82/312/1003
f 1111/978/1004 520/1252/1004 883/973/1004
f 883/973/1005 571/1253/1005 1110/1229/1005
f 1112/1254/1006 82/312/1006 276/356/1006
f 1114/1255/1007 81/354/1007 275/353/1007
f 884/1256/1008 276/356/1008 81/354/1008
f 1113/982/1009 521/1257/1009 885/969/1009
f 885/969/1010 572/1258/1010 1111/978/1010
f 886/1259/1011 275/353/1011 80/352/1011
f 1116/979/1012 522/1260/1012 887/975/1012
f 887/975/1013 573/1261/1013 1113/982/1013
f 1115/1262/1014 80/352/1014 274/360/1014
f 523/1263/1015 1140/1017/1015 888/991/1015
f 1119/983/1016 523/1263/1016 888/991/1016
f 577/1264/1017 891/985/1017 1123/1265/1017
f 524/1266/1018 1119/983/1018 891/985/1018
f 563/1267/1019 892/951/1019 1084/744/1019
f 525/1268/1020 1087/817/1020 892/951/1020
f 578/1230/1021 896/573/1021 1126/654/1021
f 894/571/1022 577/1264/1022 1123/1265/1022
f 208/1054/1023 967/1033/1023 898/1039/1023
f 897/1269/1024 118/392/1024 340/388/1024
f 897/1269/1025 112/390/1025 949/593/1025
f 85/1246/1026 1127/655/1026 281/1250/1026
f 1130/1002/1027 102/1270/1027 900/1001/1027
f 280/1241/1028 899/1000/1028 85/1246/1028
f 900/1001/1029 302/452/1029 1128/656/1029
f 84/1243/1030 1131/1003/1030 280/1241/1030
f 459/267/1031 286/254/1031 104/257/1031
f 279/268/1032 903/576/1032 902/575/1032
f 901/574/1033 285/1271/1033 1130/1002/1033
f 1081/997/1034 526/1272/1034 904/995/1034
f 904/995/1035 562/1273/1035 1083/761/1035
f 1078/800/1036 527/1274/1036 907/999/1036
f 1132/1234/1037 77/328/1037 923/1275/1037
f 1135/1276/1038 528/1277/1038 924/1007/1038
f 924/1007/1039 579/1278/1039 1133/1005/1039
f 1134/1279/1040 77/328/1040 271/320/1040
f 925/1280/1041 272/316/1041 1137/1281/1041
f 925/1280/1042 271/320/1042 78/322/1042
f 1136/1008/1043 529/1282/1043 926/1012/1043
f 926/1012/1044 580/1283/1044 1135/1276/1044
f 1137/1281/1045 79/310/1045 927/1284/1045
f 582/1285/1046 928/1010/1046 1138/1227/1046
f 530/1286/1047 1136/1008/1047 928/1010/1047
f 927/1284/1048 273/311/1048 1139/1224/1048
f 933/585/1049 464/443/1049 438/444/1049
f 933/585/1050 446/302/1050 151/457/1050
f 87/1287/1051 438/444/1051 456/445/1051
f 936/588/1052 45/301/1052 446/302/1052
f 109/1288/1053 945/591/1053 944/590/1053
f 943/589/1054 945/591/1054 109/1288/1054
f 949/593/1055 964/1023/1055 1144/1021/1055
f 972/1035/1056 4/1289/1056 952/1031/1056
f 338/387/1057 951/1030/1057 113/383/1057
f 113/383/1058 1146/1025/1058 334/378/1058
f 1117/842/1059 109/1288/1059 955/987/1059
f 1140/1017/1060 531/1290/1060 956/1019/1060
f 956/1019/1061 575/1291/1061 1118/1121/1061
f 1143/1292/1062 108/347/1062 322/346/1062
f 957/1293/1063 274/360/1063 108/347/1063
f 1142/1024/1064 532/1294/1064 958/981/1064
f 958/981/1065 574/1295/1065 1116/979/1065
f 1077/1296/1066 117/362/1066 962/596/1066
f 481/368/1067 963/597/1067 962/596/1067
f 965/1022/1068 961/595/1068 115/286/1068
f 300/373/1069 115/286/1069 961/595/1069
f 1145/1055/1070 115/286/1070 332/285/1070
f 112/390/1071 1077/1296/1071 964/1023/1071
f 337/393/1072 966/1034/1072 979/601/1072
f 119/386/1073 973/1038/1073 338/387/1073
f 120/385/1074 979/601/1074 981/603/1074
f 127/429/1075 974/598/1075 366/435/1075
f 978/1027/1076 356/411/1076 116/366/1076
f 334/378/1077 978/1027/1077 116/366/1077
f 565/1297/1078 998/604/1078 1088/824/1078
f 541/1298/1079 1092/642/1079 998/604/1079
f 34/89/1080 1011/613/1080 1013/615/1080
f 1013/615/1081 1012/614/1081 145/1153/1081
f 198/45/1082 200/1053/1082 51/48/1082
f 202/141/1083 194/153/1083 1033/1199/1083
f 1045/623/1084 64/179/1084 232/201/1084
f 29/171/1085 1047/625/1085 1049/627/1085
f 1048/626/1086 30/163/1086 1049/627/1086
f 1050/628/1087 1052/630/1087 239/1299/1087
f 1073/639/1088 253/235/1088 18/202/1088
f 1072/638/1089 257/247/1089 74/248/1089
f 327/389/1090 335/381/1090 1077/1296/1090
f 1095/645/1091 102/1270/1091 285/1271/1091
f 316/453/1092 302/452/1092 102/1270/1092
f 1099/647/1093 266/304/1093 448/8/1093
f 1128/656/1094 302/452/1094 99/439/1094
f 281/1250/1095 1129/657/1095 282/323/1095
f 200/1056/1096 332/285/1096 51/288/1096
f 1609/1300/1097 1607/1301/1097 1421/1302/1097
f 1425/1303/1098 1176/1304/1098 1611/1305/1098
f 1426/1306/1099 1176/1304/1099 1609/1300/1099
f 1610/1307/1100 1605/1308/1100 1419/1309/1100
f 1312/1310/1101 1313/1311/1101 1195/1312/1101
f 1527/1313/1102 1196/1314/1102 1313/1311/1102
f 1527/1313/1103 1181/1315/1103 1315/1316/1103
f 1180/1317/1104 1527/1313/1104 1312/1310/1104
f 1196/1314/1105 1528/1318/1105 1316/1319/1105
f 1316/1319/1106 1319/1320/1106 1197/1321/1106
f 1528/1318/1107 1182/1322/1107 1319/1320/1107
f 1315/1316/1108 1317/1323/1108 1528/1318/1108
f 1320/1324/1109 1312/1310/1109 1529/1325/1109
f 1172/1326/1110 1529/1325/1110 1300/1327/1110
f 1530/1328/1111 1180/1317/1111 1320/1324/1111
f 1321/1329/1112 1314/1330/1112 1180/1317/1112
f 1314/1330/1113 1322/1331/1113 1181/1315/1113
f 1181/1315/1114 1532/1332/1114 1317/1323/1114
f 1317/1323/1115 1323/1333/1115 1182/1322/1115
f 1533/1334/1116 1159/1335/1116 1288/1336/1116
f 1354/1337/1117 1299/1338/1117 1533/1334/1117
f 1353/1339/1118 1348/1340/1118 1204/1341/1118
f 1534/1342/1119 1163/1343/1119 1348/1340/1119
f 1352/1344/1120 1355/1345/1120 1209/1346/1120
f 1535/1347/1121 1208/1348/1121 1355/1345/1121
f 1348/1340/1122 1290/1349/1122 1535/1347/1122
f 1204/1341/1123 1535/1347/1123 1352/1344/1123
f 1183/1350/1124 1536/1351/1124 1331/1352/1124
f 1331/1352/1125 1367/1353/1125 1216/1354/1125
f 1536/1351/1126 1217/1355/1126 1367/1353/1126
f 1329/1356/1127 1332/1357/1127 1536/1351/1127
f 1184/1358/1128 1537/1359/1128 1332/1357/1128
f 1332/1357/1129 1368/1360/1129 1217/1355/1129
f 1333/1361/1130 1368/1360/1130 1537/1359/1130
f 1330/1362/1131 1333/1361/1131 1537/1359/1131
f 1294/1363/1132 1298/1364/1132 1164/1365/1132
f 1538/1366/1133 1171/1367/1133 1298/1364/1133
f 1334/1368/1134 1342/1369/1134 1538/1366/1134
f 1168/1370/1135 1538/1366/1135 1294/1363/1135
f 1168/1370/1136 1539/1371/1136 1334/1368/1136
f 1334/1368/1137 1329/1356/1137 1183/1350/1137
f 1539/1371/1138 1184/1358/1138 1329/1356/1138
f 1293/1372/1139 1335/1373/1139 1539/1371/1139
f 1167/1374/1140 1540/1375/1140 1335/1373/1140
f 1335/1373/1141 1330/1362/1141 1184/1358/1141
f 1540/1375/1142 1185/1376/1142 1330/1362/1142
f 1292/1377/1143 1336/1378/1143 1540/1375/1143
f 1291/1379/1144 1336/1378/1144 1166/1380/1144
f 1541/1381/1145 1185/1376/1145 1336/1378/1145
f 1303/1382/1146 1337/1383/1146 1541/1381/1146
f 1165/1384/1147 1541/1381/1147 1291/1379/1147
f 1337/1383/1148 1333/1361/1148 1185/1376/1148
f 1333/1361/1149 1338/1385/1149 1218/1386/1149
f 1542/1387/1150 1192/1388/1150 1338/1385/1150
f 1337/1383/1151 1304/1389/1151 1542/1387/1151
f 1218/1386/1152 1543/1390/1152 1370/1391/1152
f 1370/1391/1153 1339/1392/1153 1190/1393/1153
f 1543/1390/1154 1193/1394/1154 1339/1392/1154
f 1338/1385/1155 1305/1395/1155 1543/1390/1155
f 1349/1396/1156 1345/1397/1156 1199/1398/1156
f 1544/1399/1157 1158/1400/1157 1345/1397/1157
f 1373/1401/1158 1287/1402/1158 1544/1399/1158
f 1207/1403/1159 1544/1399/1159 1349/1396/1159
f 1170/1404/1160 1545/1405/1160 1296/1406/1160
f 1545/1405/1161 1169/1407/1161 1296/1406/1161
f 1369/1408/1162 1340/1409/1162 1545/1405/1162
f 1341/1410/1163 1369/1408/1163 1545/1405/1163
f 1342/1369/1164 1297/1411/1164 1171/1367/1164
f 1297/1411/1165 1341/1410/1165 1170/1404/1165
f 1546/1412/1166 1216/1354/1166 1341/1410/1166
f 1342/1369/1167 1331/1352/1167 1546/1412/1167
f 1340/1409/1168 1295/1413/1168 1169/1407/1168
f 1547/1414/1169 1199/1398/1169 1295/1413/1169
f 1372/1415/1170 1349/1396/1170 1547/1414/1170
f 1189/1416/1171 1547/1414/1171 1340/1409/1171
f 1190/1393/1172 1548/1417/1172 1371/1418/1172
f 1371/1418/1173 1356/1419/1173 1210/1420/1173
f 1548/1417/1174 1211/1421/1174 1356/1419/1174
f 1339/1392/1175 1346/1422/1175 1548/1417/1175
f 1193/1394/1176 1549/1423/1176 1346/1422/1176
f 1198/1424/1177 1549/1423/1177 1327/1425/1177
f 1198/1424/1178 1550/1426/1178 1326/1427/1178
f 1550/1426/1179 1209/1346/1179 1326/1427/1179
f 1550/1426/1180 1204/1341/1180 1352/1344/1180
f 1318/1428/1181 1325/1429/1181 1550/1426/1181
f 1197/1321/1182 1551/1430/1182 1325/1429/1182
f 1325/1429/1183 1353/1339/1183 1204/1341/1183
f 1319/1320/1184 1324/1431/1184 1551/1430/1184
f 1182/1322/1185 1552/1432/1185 1324/1431/1185
f 1420/1433/1186 1176/1304/1186 1606/1434/1186
f 1422/1435/1187 1176/1304/1187 1608/1436/1187
f 1606/1434/1188 1610/1307/1188 1424/1437/1188
f 1359/1438/1189 1356/1419/1189 1211/1421/1189
f 1554/1439/1190 1210/1420/1190 1356/1419/1190
f 1350/1440/1191 1358/1441/1191 1554/1439/1191
f 1201/1442/1192 1554/1439/1192 1359/1438/1192
f 1364/1443/1193 1350/1440/1193 1201/1442/1193
f 1555/1444/1194 1206/1445/1194 1350/1440/1194
f 1555/1444/1195 1214/1446/1195 1363/1447/1195
f 1215/1448/1196 1555/1444/1196 1364/1443/1196
f 1366/1449/1197 1351/1450/1197 1205/1451/1197
f 1556/1452/1198 1201/1442/1198 1351/1450/1198
f 1361/1453/1199 1364/1443/1199 1556/1452/1199
f 1213/1454/1200 1556/1452/1200 1366/1449/1200
f 1217/1355/1201 1557/1455/1201 1367/1353/1201
f 1557/1455/1202 1216/1354/1202 1367/1353/1202
f 1382/1456/1203 1375/1457/1203 1557/1455/1203
f 1374/1458/1204 1382/1456/1204 1557/1455/1204
f 1218/1386/1205 1558/1459/1205 1368/1360/1205
f 1368/1360/1206 1374/1458/1206 1217/1355/1206
f 1558/1459/1207 1187/1460/1207 1374/1458/1207
f 1376/1461/1208 1383/1462/1208 1558/1459/1208
f 1375/1457/1209 1369/1408/1209 1216/1354/1209
f 1559/1463/1210 1189/1416/1210 1369/1408/1210
f 1384/1464/1211 1377/1465/1211 1559/1463/1211
f 1186/1466/1212 1559/1463/1212 1375/1457/1212
f 1190/1393/1213 1560/1467/1213 1370/1391/1213
f 1370/1391/1214 1376/1461/1214 1218/1386/1214
f 1560/1467/1215 1188/1468/1215 1376/1461/1215
f 1378/1469/1216 1385/1470/1216 1560/1467/1216
f 1210/1420/1217 1561/1471/1217 1371/1418/1217
f 1371/1418/1218 1378/1469/1218 1190/1393/1218
f 1561/1471/1219 1220/1472/1219 1378/1469/1219
f 1379/1473/1220 1386/1474/1220 1561/1471/1220
f 1377/1465/1221 1372/1415/1221 1189/1416/1221
f 1562/1475/1222 1207/1403/1222 1372/1415/1222
f 1387/1476/1223 1380/1477/1223 1562/1475/1223
f 1219/1478/1224 1562/1475/1224 1377/1465/1224
f 1380/1477/1225 1373/1401/1225 1207/1403/1225
f 1563/1479/1226 1162/1480/1226 1373/1401/1226
f 1388/1481/1227 1381/1482/1227 1563/1479/1227
f 1222/1483/1228 1563/1479/1228 1380/1477/1228
f 1188/1468/1229 1564/1484/1229 1383/1462/1229
f 1383/1462/1230 1390/1485/1230 1187/1460/1230
f 1391/1486/1231 1384/1464/1231 1186/1466/1231
f 1565/1487/1232 1219/1478/1232 1384/1464/1232
f 1220/1472/1233 1566/1488/1233 1385/1470/1233
f 1385/1470/1234 1392/1489/1234 1188/1468/1234
f 1221/1490/1235 1567/1491/1235 1386/1474/1235
f 1386/1474/1236 1394/1492/1236 1220/1472/1236
f 1393/1493/1237 1387/1476/1237 1219/1478/1237
f 1568/1494/1238 1222/1483/1238 1387/1476/1238
f 1569/1495/1239 1221/1490/1239 1389/1496/1239
f 1175/1497/1240 1570/1498/1240 1398/1499/1240
f 1570/1498/1241 1191/1500/1241 1398/1499/1241
f 1399/1501/1242 1304/1389/1242 1570/1498/1242
f 1571/1502/1243 1192/1388/1243 1399/1501/1243
f 1400/1503/1244 1305/1395/1244 1571/1502/1244
f 1572/1504/1245 1195/1312/1245 1401/1505/1245
f 1573/1506/1246 1196/1314/1246 1402/1507/1246
f 1401/1505/1247 1313/1311/1247 1573/1506/1247
f 1574/1508/1248 1197/1321/1248 1403/1509/1248
f 1402/1507/1249 1316/1319/1249 1574/1508/1249
f 1404/1510/1250 1318/1428/1250 1198/1424/1250
f 1575/1511/1251 1197/1321/1251 1318/1428/1251
f 1400/1503/1252 1327/1425/1252 1193/1394/1252
f 1576/1512/1253 1198/1424/1253 1327/1425/1253
f 1398/1499/1254 1328/1513/1254 1577/1514/1254
f 1175/1497/1255 1577/1514/1255 1344/1515/1255
f 1405/1516/1256 1411/1517/1256 1224/1518/1256
f 1579/1519/1257 1229/1520/1257 1412/1521/1257
f 1406/1522/1258 1412/1521/1258 1225/1523/1258
f 1409/1524/1259 1413/1525/1259 1580/1526/1259
f 1580/1526/1260 1226/1527/1260 1407/1528/1260
f 1175/1497/1261 1581/1529/1261 1410/1530/1261
f 1581/1529/1262 1226/1527/1262 1415/1531/1262
f 1410/1530/1263 1415/1531/1263 1231/1532/1263
f 1582/1533/1264 1224/1518/1264 1416/1534/1264
f 1408/1535/1265 1416/1534/1265 1229/1520/1265
f 1406/1522/1266 1417/1536/1266 1583/1537/1266
f 1583/1537/1267 1230/1538/1267 1409/1524/1267
f 1228/1539/1268 1584/1540/1268 1411/1517/1268
f 1227/1541/1269 1584/1540/1269 1418/1542/1269
f 1231/1532/1270 1584/1540/1270 1414/1543/1270
f 1413/1525/1271 1415/1531/1271 1226/1527/1271
f 1230/1538/1272 1584/1540/1272 1413/1525/1272
f 1225/1523/1273 1584/1540/1273 1417/1536/1273
f 1416/1534/1274 1412/1521/1274 1229/1520/1274
f 1411/1517/1275 1416/1534/1275 1224/1518/1275
f 1614/1544/1276 1246/1545/1276 1445/1546/1276
f 1614/1544/1277 1245/1547/1277 1443/1548/1277
f 1262/1549/1278 1614/1544/1278 1444/1550/1278
f 1444/1550/1279 1443/1548/1279 1261/1551/1279
f 1615/1552/1280 1247/1553/1280 1448/1554/1280
f 1446/1555/1281 1448/1554/1281 1246/1545/1281
f 1447/1556/1282 1450/1557/1282 1615/1552/1282
f 1262/1549/1283 1615/1552/1283 1446/1555/1283
f 1245/1547/1284 1617/1558/1284 1451/1559/1284
f 1616/1560/1285 1240/1561/1285 1436/1562/1285
f 1443/1548/1286 1451/1559/1286 1616/1560/1286
f 1445/1546/1287 1452/1563/1287 1245/1547/1287
f 1445/1546/1288 1453/1564/1288 1618/1565/1288
f 1246/1545/1289 1619/1566/1289 1453/1564/1289
f 1448/1554/1290 1454/1567/1290 1619/1566/1290
f 1481/1568/1291 1486/1569/1291 1268/1570/1291
f 1163/1343/1292 1623/1571/1292 1481/1568/1292
f 1487/1572/1293 1435/1573/1293 1266/1574/1293
f 1620/1575/1294 1159/1335/1294 1435/1573/1294
f 1489/1576/1295 1485/1577/1295 1272/1578/1295
f 1208/1348/1296 1624/1579/1296 1489/1576/1296
f 1248/1580/1297 1625/1581/1297 1460/1582/1297
f 1462/1583/1298 1498/1584/1298 1625/1581/1298
f 1624/1579/1299 1268/1570/1299 1485/1577/1299
f 1290/1349/1300 1481/1568/1300 1624/1579/1300
f 1249/1585/1301 1626/1586/1301 1461/1587/1301
f 1463/1588/1302 1499/1589/1302 1626/1586/1302
f 1460/1582/1303 1463/1588/1303 1249/1585/1303
f 1625/1581/1304 1279/1590/1304 1463/1588/1304
f 1425/1303/1305 1202/1591/1305 1603/1592/1305
f 1611/1305/1306 1600/1593/1306 1202/1591/1306
f 1423/1594/1307 1176/1304/1307 1612/1595/1307
f 1461/1587/1308 1464/1596/1308 1250/1597/1308
f 1499/1589/1309 1464/1596/1309 1626/1586/1309
f 1475/1598/1310 1466/1599/1310 1627/1600/1310
f 1627/1600/1311 1236/1601/1311 1430/1602/1311
f 1239/1603/1312 1627/1600/1312 1434/1604/1312
f 1434/1604/1313 1430/1602/1313 1232/1605/1313
f 1628/1606/1314 1249/1585/1314 1467/1607/1314
f 1429/1608/1315 1467/1607/1315 1235/1609/1315
f 1466/1599/1316 1460/1582/1316 1628/1606/1316
f 1236/1601/1317 1628/1606/1317 1429/1608/1317
f 1629/1610/1318 1250/1597/1318 1468/1611/1318
f 1428/1612/1319 1468/1611/1319 1234/1613/1319
f 1467/1607/1320 1461/1587/1320 1629/1610/1320
f 1235/1609/1321 1629/1610/1321 1428/1612/1321
f 1469/1614/1322 1439/1615/1322 1630/1616/1322
f 1630/1616/1323 1233/1617/1323 1427/1618/1323
f 1250/1597/1324 1630/1616/1324 1468/1611/1324
f 1468/1611/1325 1427/1618/1325 1234/1613/1325
f 1631/1619/1326 1257/1620/1326 1440/1621/1326
f 1469/1614/1327 1440/1621/1327 1256/1622/1327
f 1464/1596/1328 1470/1623/1328 1631/1619/1328
f 1464/1596/1329 1469/1614/1329 1250/1597/1329
f 1632/1624/1330 1258/1625/1330 1441/1626/1330
f 1470/1623/1331 1441/1626/1331 1257/1620/1331
f 1501/1627/1332 1471/1628/1332 1632/1624/1332
f 1281/1629/1333 1632/1624/1333 1470/1623/1333
f 1287/1402/1334 1506/1630/1334 1633/1631/1334
f 1633/1631/1335 1271/1632/1335 1482/1633/1335
f 1158/1400/1336 1633/1631/1336 1479/1634/1336
f 1479/1634/1337 1482/1633/1337 1265/1635/1337
f 1472/1636/1338 1500/1637/1338 1634/1638/1338
f 1474/1639/1339 1500/1637/1339 1278/1640/1339
f 1237/1641/1340 1634/1638/1340 1432/1642/1340
f 1238/1643/1341 1634/1638/1341 1474/1639/1341
f 1635/1644/1342 1278/1640/1342 1462/1583/1342
f 1475/1598/1343 1462/1583/1343 1248/1580/1343
f 1433/1645/1344 1474/1639/1344 1635/1644/1344
f 1433/1645/1345 1475/1598/1345 1239/1603/1345
f 1482/1633/1346 1504/1646/1346 1636/1647/1346
f 1636/1647/1347 1254/1648/1347 1472/1636/1347
f 1265/1635/1348 1636/1647/1348 1431/1649/1348
f 1431/1649/1349 1472/1636/1349 1237/1641/1349
f 1637/1650/1350 1274/1651/1350 1480/1652/1350
f 1471/1628/1351 1480/1652/1351 1258/1625/1351
f 1503/1653/1352 1490/1654/1352 1637/1650/1352
f 1255/1655/1353 1637/1650/1353 1471/1628/1353
f 1638/1656/1354 1264/1657/1354 1458/1658/1354
f 1258/1625/1355 1638/1656/1355 1458/1658/1355
f 1639/1659/1356 1268/1570/1356 1456/1660/1356
f 1449/1661/1357 1456/1660/1357 1263/1662/1357
f 1272/1578/1358 1639/1659/1358 1457/1663/1358
f 1264/1657/1359 1639/1659/1359 1449/1661/1359
f 1450/1557/1360 1455/1664/1360 1247/1553/1360
f 1456/1660/1361 1486/1569/1361 1640/1665/1361
f 1263/1662/1362 1640/1665/1362 1450/1557/1362
f 1247/1553/1363 1641/1666/1363 1454/1567/1363
f 1491/1667/1364 1483/1668/1364 1593/1669/1364
f 1593/1669/1365 1267/1670/1365 1492/1671/1365
f 1273/1672/1366 1593/1669/1366 1490/1654/1366
f 1490/1654/1367 1492/1671/1367 1274/1651/1367
f 1270/1673/1368 1515/1674/1368 1483/1668/1368
f 1483/1668/1369 1496/1675/1369 1267/1670/1369
f 1515/1674/1370 1277/1676/1370 1496/1675/1370
f 1515/1674/1371 1276/1677/1371 1493/1678/1371
f 1484/1679/1372 1497/1680/1372 1269/1681/1372
f 1267/1670/1373 1465/1682/1373 1484/1679/1373
f 1465/1682/1374 1275/1683/1374 1497/1680/1374
f 1496/1675/1375 1494/1684/1375 1465/1682/1375
f 1509/1685/1376 1516/1686/1376 1286/1687/1376
f 1507/1688/1377 1516/1686/1377 1252/1689/1377
f 1278/1640/1378 1286/1687/1378 1498/1584/1378
f 1279/1590/1379 1286/1687/1379 1507/1688/1379
f 1280/1690/1380 1252/1689/1380 1517/1691/1380
f 1510/1692/1381 1517/1691/1381 1253/1693/1381
f 1499/1589/1382 1507/1688/1382 1280/1690/1382
f 1281/1629/1383 1280/1690/1383 1510/1692/1383
f 1511/1694/1384 1518/1695/1384 1260/1696/1384
f 1260/1696/1385 1251/1697/1385 1509/1685/1385
f 1254/1648/1386 1260/1696/1386 1500/1637/1386
f 1500/1637/1387 1509/1685/1387 1278/1640/1387
f 1642/1698/1388 1253/1693/1388 1519/1699/1388
f 1512/1700/1389 1519/1699/1389 1283/1701/1389
f 1501/1627/1390 1510/1692/1390 1642/1698/1390
f 1255/1655/1391 1642/1698/1391 1512/1700/1391
f 1503/1653/1392 1512/1700/1392 1553/1702/1392
f 1273/1672/1393 1553/1702/1393 1513/1703/1393
f 1513/1703/1394 1520/1704/1394 1284/1705/1394
f 1553/1702/1395 1283/1701/1395 1520/1704/1395
f 1271/1632/1396 1526/1706/1396 1504/1646/1396
f 1504/1646/1397 1511/1694/1397 1254/1648/1397
f 1506/1630/1398 1514/1707/1398 1271/1632/1398
f 1162/1480/1399 1505/1708/1399 1506/1630/1399
f 1526/1706/1400 1282/1709/1400 1511/1694/1400
f 1514/1707/1401 1521/1710/1401 1526/1706/1401
f 1505/1708/1402 1285/1711/1402 1514/1707/1402
f 1381/1482/1403 1522/1712/1403 1505/1708/1403
f 1517/1691/1404 1524/1713/1404 1310/1714/1404
f 1253/1693/1405 1310/1714/1405 1586/1715/1405
f 1282/1709/1406 1309/1716/1406 1518/1695/1406
f 1518/1695/1407 1585/1717/1407 1251/1697/1407
f 1519/1699/1408 1586/1715/1408 1178/1718/1408
f 1283/1701/1409 1178/1718/1409 1588/1719/1409
f 1284/1705/1410 1177/1720/1410 1589/1721/1410
f 1520/1704/1411 1588/1719/1411 1177/1720/1411
f 1521/1710/1412 1587/1722/1412 1282/1709/1412
f 1285/1711/1413 1160/1723/1413 1521/1710/1413
f 1284/1705/1414 1347/1724/1414 1523/1725/1414
f 1243/1726/1415 1203/1727/1415 1476/1728/1415
f 1256/1622/1416 1203/1727/1416 1591/1729/1416
f 1257/1620/1417 1622/1730/1417 1592/1731/1417
f 1440/1621/1418 1592/1731/1418 1203/1727/1418
f 1441/1626/1419 1594/1732/1419 1622/1730/1419
f 1261/1551/1420 1621/1733/1420 1595/1734/1420
f 1262/1549/1421 1613/1735/1421 1596/1736/1421
f 1263/1662/1422 1508/1737/1422 1597/1738/1422
f 1444/1550/1423 1595/1734/1423 1613/1735/1423
f 1598/1739/1424 1449/1661/1424 1488/1740/1424
f 1447/1556/1425 1596/1736/1425 1508/1737/1425
f 1488/1740/1426 1263/1662/1426 1597/1738/1426
f 1477/1741/1427 1264/1657/1427 1598/1739/1427
f 1594/1732/1428 1458/1658/1428 1477/1741/1428
f 1459/1742/1429 1591/1729/1429 1473/1743/1429
f 1473/1743/1430 1243/1726/1430 1478/1744/1430
f 1599/1745/1431 1605/1308/1431 1525/1746/1431
f 1502/1747/1432 1424/1437/1432 1602/1748/1432
f 1600/1593/1433 1606/1434/1433 1502/1747/1433
f 1607/1301/1434 1603/1592/1434 1308/1749/1434
f 1421/1302/1435 1308/1749/1435 1601/1750/1435
f 1306/1751/1436 1419/1309/1436 1599/1745/1436
f 1602/1748/1437 1610/1307/1437 1306/1751/1437
f 1604/1752/1438 1609/1300/1438 1307/1753/1438
f 1307/1753/1439 1421/1302/1439 1601/1750/1439
f 1243/1726/1440 1307/1753/1440 1478/1744/1440
f 1754/1754/1441 1756/1755/1441 1755/1756/1441
f 1769/1757/1442 1771/1758/1442 1770/1759/1442
f 1774/1760/1443 1776/1761/1443 1775/1762/1443
f 1777/1763/1444 1779/1764/1444 1778/1765/1444
f 1781/1766/1445 1783/1767/1445 1782/1768/1445
f 1786/478/1446 1788/480/1446 1787/479/1446
f 1809/1769/1447 1811/1041/1447 1810/1770/1447
f 1818/1771/1448 1820/1772/1448 1819/1773/1448
f 1831/1774/1449 1833/1775/1449 1832/1776/1449
f 1838/1777/1450 1840/1778/1450 1839/1779/1450
f 1845/1780/1451 1847/1781/1451 1846/1131/1451
f 1852/1782/1452 1854/1783/1452 1853/1784/1452
f 1857/499/1453 1859/501/1453 1858/500/1453
f 1868/1785/1454 1870/1786/1454 1869/1787/1454
f 1877/1788/1455 1879/1789/1455 1878/1790/1455
f 1880/1791/1456 1882/1792/1456 1881/1793/1456
f 1887/1794/1457 1889/1060/1457 1888/1795/1457
f 1892/1796/1458 1894/1797/1458 1893/1798/1458
f 1898/518/1459 1896/517/1459 1895/519/1459
f 1899/520/1460 1901/522/1460 1900/521/1460
f 1918/1799/1461 1920/1800/1461 1919/1801/1461
f 1921/1802/1462 1923/1803/1462 1922/1804/1462
f 1930/1805/1463 1932/1806/1463 1931/1807/1463
f 1935/1808/1464 1937/1809/1464 1936/1810/1464
f 1948/1811/1465 1950/1812/1465 1949/1813/1465
f 1953/1814/1466 1955/1815/1466 1954/1816/1466
f 1963/1817/1467 1961/1818/1467 1960/1819/1467
f 1964/1820/1468 1966/1821/1468 1965/1822/1468
f 1989/1823/1469 1991/1824/1469 1990/1092/1469
f 1992/740/1470 1994/1825/1470 1993/741/1470
f 1995/553/1471 1997/555/1471 1996/554/1471
f 2000/1826/1472 2002/1827/1472 2001/1828/1472
f 2003/559/1473 2005/561/1473 2004/560/1473
f 2016/1829/1474 2018/1225/1474 2017/1830/1474
f 2023/1831/1475 2025/1832/1475 2024/1833/1475
f 2028/568/1476 2030/570/1476 2029/569/1476
f 2051/1834/1477 2053/1835/1477 2052/1096/1477
f 2058/1836/1478 2060/1837/1478 2059/1838/1478
f 2068/578/1479 2066/577/1479 2065/579/1479
f 2069/580/1480 2071/582/1480 2070/581/1480
f 2088/1839/1481 2090/1840/1481 2089/1841/1481
f 2091/1842/1482 2093/1843/1482 2092/1844/1482
f 2100/1845/1483 2102/1846/1483 2101/1847/1483
f 2105/1848/1484 2107/1849/1484 2106/1850/1484
f 2118/1851/1485 2120/1852/1485 2119/1853/1485
f 2131/1854/1486 2133/1855/1486 2132/1856/1486
f 2136/1857/1487 2138/1858/1487 2137/1859/1487
f 2155/1860/1488 2157/897/1488 2156/1220/1488
f 2162/607/1489 2164/609/1489 2163/608/1489
f 2165/1861/1490 2167/1862/1490 2166/876/1490
f 2168/1863/1491 2170/1864/1491 2169/1865/1491
f 2191/1866/1492 2193/1867/1492 2192/1868/1492
f 2198/1869/1493 2200/1870/1493 2199/1871/1493
f 2201/1872/1494 2203/1873/1494 2202/1874/1494
f 2204/1875/1495 2206/1876/1495 2205/1877/1495
f 2207/1878/1496 2209/1879/1496 2208/1880/1496
f 2222/944/1497 2224/1881/1497 2223/1074/1497
f 2225/945/1498 2227/1882/1498 2226/1076/1498
f 2228/1883/1499 2230/1884/1499 2229/1885/1499
f 2247/821/1500 2249/1886/1500 2248/820/1500
f 2250/643/1501 2252/645/1501 2251/644/1501
f 2255/1887/1502 2257/1888/1502 2256/1889/1502
f 2278/649/1503 2280/651/1503 2279/650/1503
f 2281/993/1504 2283/1890/1504 2282/1891/1504
f 2284/1892/1505 2286/1893/1505 2285/1894/1505
f 1850/1895/1506 1748/1896/1506 1851/1897/1506
f 1748/1896/1507 1854/1783/1507 1852/1782/1507
f 1852/1782/1508 1751/1898/1508 1750/1899/1508
f 1750/1899/1509 1856/1900/1509 1855/1901/1509
f 1855/1901/1510 1753/1902/1510 1752/1903/1510
f 1746/667/1511 1857/499/1511 1858/500/1511
f 1960/669/1512 1840/492/1512 1838/490/1512
f 1977/1904/1513 2063/1905/1513 1978/1906/1513
f 1844/1907/1514 2300/1292/1514 2299/1908/1514
f 1785/677/1515 1898/518/1515 1895/519/1515
f 1897/679/1516 1786/478/1516 1896/517/1516
f 1787/479/1517 1901/522/1517 1899/520/1517
f 1900/521/1518 1790/680/1518 1789/685/1518
f 1784/678/1519 1903/681/1519 1902/682/1519
f 1902/682/1520 1792/683/1520 1791/697/1520
f 1790/680/1521 1904/684/1521 1789/685/1521
f 1905/687/1522 1793/686/1522 1904/684/1522
f 1795/689/1523 1906/688/1523 1796/690/1523
f 1907/692/1524 1794/691/1524 1906/688/1524
f 1798/693/1525 1909/694/1525 1908/696/1525
f 1908/696/1526 1791/697/1526 1792/683/1526
f 1754/1754/1527 1917/1909/1527 1916/1910/1527
f 1916/1910/1528 1758/1911/1528 1757/1912/1528
f 1761/1913/1529 1919/1801/1529 1762/1914/1529
f 1921/1802/1530 1764/1915/1530 1763/1916/1530
f 1764/1915/1531 1924/1917/1531 1763/1916/1531
f 1925/1918/1532 1767/1919/1532 1924/1917/1532
f 1765/1920/1533 1926/1921/1533 1766/1922/1533
f 1927/1923/1534 1768/1924/1534 1926/1921/1534
f 1757/1912/1535 1929/1925/1535 1928/1926/1535
f 1928/1926/1536 1765/1920/1536 1766/1922/1536
f 1752/1903/1537 1930/1805/1537 1931/1807/1537
f 1742/1927/1538 1933/1928/1538 1743/1929/1538
f 1934/1930/1539 1770/1759/1539 1933/1928/1539
f 1744/1931/1540 1936/1810/1540 1745/1932/1540
f 1800/723/1541 1941/724/1541 1940/726/1541
f 1940/726/1542 1797/695/1542 1798/693/1542
f 2253/1933/1543 1869/1787/1543 2254/1934/1543
f 1801/730/1544 1946/729/1544 1802/731/1544
f 1947/732/1545 1796/690/1545 1946/729/1545
f 1772/1935/1546 1954/1816/1546 1773/1936/1546
f 1777/1763/1547 1962/1937/1547 1780/1938/1547
f 1963/1817/1548 1774/1760/1548 1775/1762/1548
f 1965/1822/1549 1779/1764/1549 1964/1820/1549
f 1779/1764/1550 1967/1939/1550 1968/1940/1550
f 1782/1768/1551 1971/1941/1551 1781/1766/1551
f 1972/1942/1552 1773/1936/1552 1971/1941/1552
f 1992/740/1553 1786/478/1553 1787/479/1553
f 1762/1914/1554 1996/1943/1554 1761/1913/1554
f 2242/1944/1555 1813/1945/1555 1812/1946/1555
f 2022/1947/1556 1806/1948/1556 1805/1949/1556
f 2023/1831/1557 1807/1950/1557 2025/1832/1557
f 1806/1948/1558 2024/1833/1558 1805/1949/1558
f 2026/1951/1559 1816/1952/1559 2027/1953/1559
f 1808/1954/1560 2027/1953/1560 1807/1950/1560
f 1804/754/1561 2029/569/1561 1803/755/1561
f 1801/756/1562 2117/757/1562 2116/816/1562
f 2239/1955/1563 1814/1956/1563 2240/1957/1563
f 1834/762/1564 2066/577/1564 1835/763/1564
f 2003/559/1565 2069/580/1565 2005/561/1565
f 2067/764/1566 2004/560/1566 2005/561/1566
f 1835/763/1567 2072/765/1567 1834/762/1567
f 2070/581/1568 2006/766/1568 2069/580/1568
f 2006/766/1569 2075/767/1569 2074/771/1569
f 2073/770/1570 2008/769/1570 2072/765/1570
f 2074/771/1571 2011/772/1571 2010/777/1571
f 1800/774/1572 2110/773/1572 1799/775/1572
f 2077/776/1573 2010/777/1573 2011/772/1573
f 2013/779/1574 2076/778/1574 2077/776/1574
f 2078/782/1575 2009/781/1575 2079/783/1575
f 2014/784/1576 2079/783/1576 2015/785/1576
f 1744/1931/1577 2107/1849/1577 2105/1848/1577
f 1742/1927/1578 2104/1958/1578 2103/1959/1578
f 1819/1773/1579 2086/1960/1579 1818/1771/1579
f 1824/1961/1580 2088/1839/1580 2089/1841/1580
f 2087/1962/1581 1821/1963/1581 2086/1960/1581
f 1826/1964/1582 2095/1965/1582 2094/1966/1582
f 2092/1844/1583 1826/1964/1583 2091/1842/1583
f 2235/1967/1584 1815/1968/1584 2236/1969/1584
f 1828/1970/1585 2097/1971/1585 2096/1972/1585
f 2094/1966/1586 1830/1973/1586 1829/1974/1586
f 2096/1972/1587 1829/1974/1587 1830/1973/1587
f 2098/1975/1588 1828/1970/1588 2099/1976/1588
f 1822/1977/1589 2099/1976/1589 1821/1963/1589
f 1817/1978/1590 2101/1847/1590 1816/1952/1590
f 2103/1959/1591 1831/1774/1591 1832/1776/1591
f 2111/814/1592 2015/785/1592 2110/773/1592
f 1989/1823/1593 1812/1946/1593 1813/1945/1593
f 2116/816/1594 2012/780/1594 2013/779/1594
f 2244/1979/1595 1837/1980/1595 1836/1981/1595
f 2248/820/1596 2004/560/1596 2247/821/1596
f 1823/1982/1597 2250/1983/1597 2251/1984/1597
f 2246/1985/1598 1836/1981/1598 1837/1980/1598
f 1862/1986/1599 2139/1987/1599 1863/1145/1599
f 1849/1988/1600 2139/1987/1600 2140/1989/1600
f 1865/1148/1601 2142/1990/1601 2141/1144/1601
f 1863/1145/1602 2142/1990/1602 1862/1986/1602
f 1867/1154/1603 2144/1991/1603 2143/1149/1603
f 1864/1992/1604 2143/1149/1604 2144/1991/1604
f 1861/1139/1605 2146/1993/1605 2145/1142/1605
f 1866/1994/1606 2145/1142/1606 2146/1993/1606
f 1841/843/1607 2274/842/1607 1842/844/1607
f 1871/1995/1608 2147/1132/1608 1872/1159/1608
f 1845/1780/1609 2147/1132/1609 2148/1996/1609
f 1873/1997/1610 2149/1158/1610 1874/1163/1610
f 1872/1159/1611 2150/1998/1611 1871/1995/1611
f 1875/1999/1612 2151/1162/1612 1876/1167/1612
f 1874/1163/1613 2152/2000/1613 1873/1997/1613
f 1944/2001/1614 2153/1166/1614 1945/1196/1614
f 1876/1167/1615 2154/2002/1615 1875/1999/1615
f 1778/1765/1616 2127/2003/1616 1777/1763/1616
f 2245/2004/1617 2157/897/1617 2155/1860/1617
f 1943/862/1618 2159/863/1618 2158/866/1618
f 1841/865/1619 2158/866/1619 2159/863/1619
f 1886/1062/1620 2161/2005/1620 2160/1061/1620
f 1884/2006/1621 2160/1061/1621 2161/2005/1621
f 1887/1794/1622 2162/607/1622 1889/1060/1622
f 1854/1783/1623 2163/2007/1623 1853/1784/1623
f 1885/2008/1624 2163/608/1624 2164/609/1624
f 2248/820/1625 2155/1860/1625 2156/1220/1625
f 1848/2009/1626 2167/1862/1626 2165/1861/1626
f 1851/1897/1627 2166/2010/1627 1850/1895/1627
f 1888/1795/1628 2166/876/1628 2167/1862/1628
f 1891/2011/1629 2168/1863/1629 2169/1865/1629
f 1890/2012/1630 2172/2013/1630 2171/2014/1630
f 1892/1796/1631 2171/2014/1631 2172/2013/1631
f 1911/1179/1632 2174/2015/1632 2173/1140/1632
f 1860/2016/1633 2173/1140/1633 2174/2015/1633
f 1912/2017/1634 2175/1178/1634 1913/1183/1634
f 1910/2018/1635 2175/1178/1635 2176/2019/1635
f 1915/1187/1636 2178/2020/1636 2177/1184/1636
f 1912/2017/1637 2177/1184/1637 2178/2020/1637
f 1847/1781/1638 2179/1130/1638 1846/1131/1638
f 1914/2021/1639 2179/1130/1639 2180/2022/1639
f 1883/1063/1640 2182/2023/1640 2181/1064/1640
f 1942/864/1641 2181/1064/1641 2182/2023/1641
f 2071/582/1642 2157/897/1642 2070/581/1642
f 2249/1886/1643 1811/1041/1643 1809/1769/1643
f 1844/2024/1644 2183/1129/1644 1843/1128/1644
f 1945/1196/1645 2184/2025/1645 1944/2001/1645
f 1951/2026/1646 2185/2027/1646 1952/2028/1646
f 1936/1810/1647 2185/2027/1647 2186/2029/1647
f 1970/2030/1648 2188/2031/1648 2187/2032/1648
f 1939/2033/1649 2187/2032/1649 2188/2031/1649
f 1948/1811/1650 2189/2034/1650 2190/2035/1650
f 1952/2028/1651 2189/2034/1651 1951/2026/1651
f 1956/2036/1652 2192/1868/1652 1957/2037/1652
f 1938/2038/1653 2195/2039/1653 2194/2040/1653
f 1959/2041/1654 2194/2040/1654 2195/2039/1654
f 1937/1809/1655 2197/2042/1655 2196/2043/1655
f 1957/2037/1656 2197/2042/1656 1956/2036/1656
f 1963/542/1657 2199/620/1657 1962/735/1657
f 1968/1940/1658 2199/1871/1658 2200/1870/1658
f 1958/2044/1659 2200/1870/1659 2198/1869/1659
f 1970/2030/1660 2202/1874/1660 1969/2045/1660
f 1897/2046/1661 2204/1875/1661 2205/1877/1661
f 1973/2047/1662 2208/1880/1662 1974/2048/1662
f 1977/2049/1663 2211/2050/1663 2210/2051/1663
f 1976/2052/1664 2210/2051/1664 2211/2050/1664
f 1982/2053/1665 2213/2054/1665 2212/2055/1665
f 1980/1073/1666 2212/2055/1666 2213/2054/1666
f 1985/2056/1667 2214/2057/1667 1986/2058/1667
f 1983/2059/1668 2215/2060/1668 1984/2061/1668
f 1987/2062/1669 2216/2063/1669 1988/2064/1669
f 1986/2058/1670 2217/2065/1670 1985/2056/1670
f 1975/2066/1671 2219/2067/1671 2218/2068/1671
f 1981/2069/1672 2218/2068/1672 2219/2067/1672
f 1984/2061/1673 2220/2070/1673 1983/2059/1673
f 1991/2071/1674 2221/2072/1674 1990/1091/1674
f 1895/519/1675 2222/944/1675 2223/1074/1675
f 1979/2073/1676 2223/1074/1676 2224/1881/1676
f 1994/1825/1677 2222/944/1677 1993/741/1677
f 1899/520/1678 2225/945/1678 2226/1076/1678
f 1992/740/1679 2227/1882/1679 1994/1825/1679
f 1988/2064/1680 2225/945/1680 1987/2062/1680
f 1999/2074/1681 2228/1883/1681 2229/1885/1681
f 1998/2075/1682 2232/2076/1682 2231/2077/1682
f 2000/1826/1683 2231/2077/1683 2232/2076/1683
f 2241/2078/1684 2050/2079/1684 2049/2080/1684
f 2243/2081/1685 2049/2080/1685 2050/2079/1685
f 2035/1240/1686 2260/2082/1686 2036/2083/1686
f 2019/2084/1687 2258/2085/1687 2020/2086/1687
f 2034/2087/1688 2258/2085/1688 2259/2088/1688
f 2037/1247/1689 2262/2089/1689 2038/2090/1689
f 2033/2091/1690 2260/2082/1690 2261/1239/1690
f 2038/2090/1691 2264/1235/1691 2037/1247/1691
f 2031/1233/1692 2265/2092/1692 2032/2093/1692
f 2036/2083/1693 2263/1242/1693 2035/1240/1693
f 2042/2094/1694 2269/1254/1694 2268/2095/1694
f 2016/1829/1695 2266/1228/1695 2018/1225/1695
f 2040/2096/1696 2266/1228/1696 2267/2097/1696
f 2044/2098/1697 2271/1255/1697 2270/2099/1697
f 2039/1251/1698 2268/2095/1698 2269/1254/1698
f 2043/1259/1699 2273/2100/1699 2272/1262/1699
f 2115/2101/1700 2272/1262/1700 2273/2100/1700
f 2041/1256/1701 2270/2099/1701 2271/1255/1701
f 2047/1098/1702 2276/2102/1702 2048/2103/1702
f 2112/987/1703 2275/986/1703 2113/988/1703
f 2024/1833/1704 2278/2104/1704 2279/2105/1704
f 2051/1834/1705 2279/650/1705 2280/651/1705
f 2045/2106/1706 2277/1099/1706 2046/1111/1706
f 2053/1835/1707 2281/993/1707 2052/1096/1707
f 2021/2107/1708 2281/2108/1708 2282/2109/1708
f 2020/2086/1709 2283/1890/1709 2019/2084/1709
f 2048/2103/1710 2278/649/1710 2047/1098/1710
f 2237/1101/1711 2061/2110/1711 2238/2111/1711
f 2240/1957/1712 2062/2112/1712 2239/1955/1712
f 2236/1969/1713 2064/2113/1713 2235/1967/1713
f 2056/2114/1714 2285/1894/1714 2057/2115/1714
f 2059/1838/1715 2287/2116/1715 2058/1836/1715
f 2057/2115/1716 2288/2117/1716 2056/2114/1716
f 2032/2093/1717 2289/1234/1717 2031/1233/1717
f 2080/1275/1718 2290/2118/1718 2081/2119/1718
f 2084/1284/1719 2293/2120/1719 2085/2121/1719
f 2081/2119/1720 2291/1279/1720 2080/1275/1720
f 2083/2122/1721 2291/1279/1721 2292/2123/1721
f 2256/1889/1722 1759/2124/1722 2255/1887/1722
f 2017/1830/1723 2296/1224/1723 2295/2125/1723
f 2083/2122/1724 2294/1281/1724 2082/1280/1724
f 2085/2121/1725 2296/1224/1725 2084/1284/1725
f 2046/1111/1726 2297/2126/1726 2045/2106/1726
f 2113/988/1727 2298/1112/1727 2112/987/1727
f 2107/1849/1728 2301/2127/1728 2106/1850/1728
f 2122/2128/1729 2301/2127/1729 2302/2129/1729
f 2114/1293/1730 2299/1908/1730 2300/1292/1730
f 2134/2130/1731 2303/2131/1731 2135/2132/1731
f 2254/1934/1732 1760/2133/1732 2253/1933/1732
f 2108/2134/1733 2304/2135/1733 2109/2136/1733
f 2121/2137/1734 2233/2138/1734 2234/2139/1734
f 2119/1853/1735 2233/2138/1735 2118/1851/1735
f 2124/2140/1736 2136/1857/1736 2137/1859/1736
f 2125/2141/1737 2129/2142/1737 2126/2143/1737
f 2109/2136/1738 2130/2144/1738 2108/2134/1738
f 2123/2145/1739 2055/2146/1739 2054/2147/1739
f 2106/1850/1740 2055/2146/1740 2105/1848/1740
f 2128/2148/1741 1840/1778/1741 2127/2003/1741
f 2126/2143/1742 1839/1779/1742 2125/2141/1742
f 2134/2130/1743 2131/1854/1743 2132/1856/1743
f 2067/2149/1744 1878/1790/1744 2066/2150/1744
f 2238/2111/1745 1810/1770/1745 2237/1101/1745
f 2065/579/1746 1811/1041/1746 2068/578/1746
f 1973/2047/1747 1880/1791/1747 1881/1793/1747
f 1847/1781/1748 2305/2151/1748 2306/2152/1748
f 1888/1795/1749 2308/2153/1749 1887/1794/1749
f 1989/2154/1750 2310/2155/1750 1991/2071/1750
f 2017/1830/1751 2312/2156/1751 2016/1829/1751
f 2053/1835/1752 2313/2157/1752 2314/2158/1752
f 1743/1929/1753 1620/1575/1753 2104/1958/1753
f 1533/1334/1754 1743/1929/1754 1933/1928/1754
f 1289/2159/1755 2103/1959/1755 1623/1571/1755
f 1934/1930/1756 1289/2159/1756 1534/1342/1756
f 1365/2160/1757 1935/1808/1757 1744/1931/1757
f 1745/1932/1758 2186/2029/1758 1357/2161/1758
f 2105/1848/1759 1365/2160/1759 1744/1931/1759
f 2302/2129/1760 1745/1932/1760 1357/2161/1760
f 2165/2162/1761 1851/1897/1761 1747/2163/1761
f 1747/2163/1762 1530/1328/1762 1857/2164/1762
f 1848/2009/1763 1858/500/1763 2139/1987/1763
f 1851/1897/1764 1321/1329/1764 1530/1328/1764
f 2162/2165/1765 1749/2166/1765 1889/2167/1765
f 1889/2167/1766 1850/1895/1766 2166/2010/1766
f 1748/1896/1767 1531/2168/1767 1321/1329/1767
f 1531/2168/1768 1750/1899/1768 1322/1331/1768
f 2160/1061/1769 1751/662/1769 1886/1062/1769
f 1886/2169/1770 1853/1784/1770 2163/2007/1770
f 1322/1331/1771 1855/1901/1771 1532/1332/1771
f 1532/1332/1772 1752/1903/1772 1323/1333/1772
f 1883/2170/1773 1856/1900/1773 2160/2171/1773
f 1323/1333/1774 1931/1807/1774 1552/1432/1774
f 2181/2172/1775 1753/1902/1775 1883/2170/1775
f 1998/2075/1776 1756/1755/1776 2228/1883/1776
f 1756/1755/1777 1399/1501/1777 1570/1498/1777
f 1755/1756/1778 2231/2077/1778 1917/1909/1778
f 1754/1754/1779 1571/1502/1779 1399/1501/1779
f 1917/1909/1780 2001/1828/1780 1758/1911/1780
f 1757/1912/1781 1571/1502/1781 1916/1910/1781
f 1758/1911/1782 2002/1827/1782 1578/2173/1782
f 1928/1926/1783 1400/1503/1783 1757/1912/1783
f 1423/1594/1784 1760/2133/1784 2256/1889/1784
f 1612/1595/1785 2253/1933/1785 1760/2133/1785
f 1759/2124/1786 1818/1771/1786 2086/1960/1786
f 2255/1887/1787 2086/1960/1787 1821/1963/1787
f 1762/1914/1788 1580/1526/1788 1407/1528/1788
f 1761/1913/1789 1572/1504/1789 1918/1799/1789
f 1344/1515/1790 1407/1528/1790 1581/1529/1790
f 1344/1515/1791 1995/2174/1791 1762/1914/1791
f 1921/1802/1792 1406/1522/1792 1583/1537/1792
f 1925/1918/1793 1402/1507/1793 1574/1508/1793
f 1922/1804/1794 1402/1507/1794 1764/1915/1794
f 1763/1916/1795 1579/1519/1795 1406/1522/1795
f 1927/1923/1796 1405/1516/1796 1582/1533/1796
f 1766/1922/1797 1576/1512/1797 1928/1926/1797
f 1766/1922/1798 1575/1511/1798 1404/1510/1798
f 1929/1925/1799 1405/1516/1799 1765/1920/1799
f 1924/1917/1800 1408/1535/1800 1579/1519/1800
f 1926/1921/1801 1403/1509/1801 1575/1511/1801
f 1768/1924/1802 1574/1508/1802 1403/1509/1802
f 1767/1919/1803 1582/1533/1803 1408/1535/1803
f 1770/1759/1804 1324/1431/1804 1354/1337/1804
f 1324/1431/1805 1771/1758/1805 1769/1757/1805
f 1770/1759/1806 1533/1334/1806 1933/1928/1806
f 1769/1757/1807 1534/1342/1807 1353/1339/1807
f 1773/1936/1808 2304/2135/1808 2134/2130/1808
f 2187/2032/1809 1772/1935/1809 1970/2030/1809
f 1972/1942/1810 1970/2030/1810 1772/1935/1810
f 2134/2130/1811 1971/1941/1811 1773/1936/1811
f 1775/1762/1812 2198/1869/1812 1963/1817/1812
f 1774/1760/1813 1838/1777/1813 2126/2143/1813
f 1958/2044/1814 1776/1761/1814 1362/2175/1814
f 1776/1761/1815 1774/1760/1815 2126/2143/1815
f 1961/670/1816 2127/859/1816 1840/492/1816
f 2193/1867/1817 2191/1866/1817 1964/1820/1817
f 1962/735/1818 1967/737/1818 1780/474/1818
f 1965/1822/1819 2138/1858/1819 2128/2148/1819
f 2132/1856/1820 1523/1725/1820 1781/1766/1820
f 1389/1496/1821 2203/1873/1821 2201/1872/1821
f 1397/2176/1822 1389/1496/1822 1782/1768/1822
f 1523/1725/1823 1347/1724/1823 1397/2176/1823
f 1895/519/1824 1980/1073/1824 1785/677/1824
f 1898/2177/1825 1391/1486/1825 2204/1875/1825
f 1785/677/1826 2213/2054/1826 1903/681/1826
f 1391/1486/1827 1902/2178/1827 1565/1487/1827
f 1993/741/1828 1896/517/1828 1786/478/1828
f 1564/1484/1829 1788/2179/1829 1390/1485/1829
f 1390/1485/1830 1897/2046/1830 2205/1877/1830
f 2226/1076/1831 1787/479/1831 1899/520/1831
f 1987/2062/1832 1900/521/1832 1789/685/1832
f 1566/1488/1833 1790/2180/1833 1392/1489/1833
f 1392/1489/1834 1901/2181/1834 1564/1484/1834
f 2217/2065/1835 1789/685/1835 1904/684/1835
f 1903/681/1836 1981/2069/1836 1792/683/1836
f 1565/1487/1837 1791/2182/1837 1393/1493/1837
f 1792/683/1838 2219/2067/1838 1908/696/1838
f 1393/1493/1839 1909/2183/1839 1568/1494/1839
f 1985/2056/1840 1904/684/1840 1793/686/1840
f 1906/688/1841 1394/195/1841 1567/196/1841
f 1394/195/1842 1905/687/1842 1566/194/1842
f 2215/2060/1843 1793/686/1843 1907/692/1843
f 1984/2061/1844 1907/692/1844 1795/689/1844
f 1946/729/1845 1395/197/1845 1569/200/1845
f 1796/2184/1846 1567/1491/1846 1395/2185/1846
f 2221/2072/1847 1795/689/1847 1947/732/1847
f 1908/696/1848 1976/2052/1848 1798/693/1848
f 1568/1494/1849 1797/2186/1849 1396/2187/1849
f 1798/693/1850 2211/2050/1850 1940/726/1850
f 1941/2188/1851 2208/1880/1851 2209/1879/1851
f 1940/726/1852 1978/2189/1852 1800/723/1852
f 2111/814/1853 1978/1906/1853 2063/1905/1853
f 2208/1880/1854 1799/2190/1854 1974/2048/1854
f 1880/1791/1855 1799/2190/1855 2110/2191/1855
f 1990/1091/1856 1947/732/1856 1801/730/1856
f 1802/2192/1857 1569/1495/1857 1397/2176/1857
f 2116/816/1858 1990/1092/1858 1801/756/1858
f 1347/1724/1859 1802/2192/1859 1397/2176/1859
f 1803/2193/1860 2021/2107/1860 2282/2109/1860
f 1617/1558/1861 1803/2193/1861 2029/2194/1861
f 2028/568/1862 2020/2086/1862 2258/2085/1862
f 1452/1563/1863 2021/2107/1863 1617/1558/1863
f 2022/1947/1864 2052/2195/1864 2281/2108/1864
f 1618/1565/1865 1806/1948/1865 1452/1563/1865
f 1805/1949/1866 2279/2105/1866 2052/2195/1866
f 1618/1565/1867 1808/1954/1867 2023/1831/1867
f 2025/1832/1868 2047/2196/1868 2278/2104/1868
f 1453/1564/1869 2026/1951/1869 1808/1954/1869
f 1807/748/1870 2277/1099/1870 2047/1098/1870
f 1809/1769/1871 1723/2197/1871 2249/1886/1871
f 2065/579/1872 2237/1101/1872 1810/1770/1872
f 2068/578/1873 2247/821/1873 2004/560/1873
f 1809/1769/1874 1718/2198/1874 1643/2199/1874
f 2241/2078/1875 1644/2200/1875 1813/1945/1875
f 2013/779/1876 1812/1946/1876 2116/816/1876
f 1813/1945/1877 2309/2201/1877 1989/1823/1877
f 2240/1957/1878 1645/2202/1878 1719/2203/1878
f 2078/782/1879 2236/1969/1879 1815/1968/1879
f 2008/769/1880 1815/1968/1880 2239/1955/1880
f 1814/1956/1881 1717/2204/1881 1645/2202/1881
f 1619/1566/1882 1817/1978/1882 2026/1951/1882
f 1454/1567/1883 2100/1845/1883 1817/1978/1883
f 2027/1953/1884 2046/2205/1884 2277/2206/1884
f 1816/1952/1885 2298/2207/1885 2046/2205/1885
f 1819/1773/1886 1622/1730/1886 2087/1962/1886
f 1869/1787/1887 1476/1728/1887 1820/1772/1887
f 1592/1731/1888 1819/1773/1888 1820/1772/1888
f 1622/1730/1889 1822/1977/1889 2087/1962/1889
f 2257/1888/1890 2255/1887/1890 1821/1963/1890
f 1594/1732/1891 2098/1975/1891 1822/1977/1891
f 1823/1982/1892 1308/1749/1892 2088/1839/1892
f 2251/1984/1893 1478/1744/1893 1823/1982/1893
f 1621/1733/1894 1824/1961/1894 2089/1841/1894
f 1478/1744/1895 1601/1750/1895 1823/1982/1895
f 1825/2208/1896 1502/1747/1896 2095/1965/1896
f 1596/1736/1897 2091/1842/1897 1826/1964/1897
f 2094/1966/1898 1596/1736/1898 1826/1964/1898
f 2092/1844/1899 1600/1593/1899 1825/2208/1899
f 2096/1972/1900 1599/1745/1900 1828/1970/1900
f 1827/2209/1901 1488/1740/1901 2097/1971/1901
f 1599/1745/1902 2099/1976/1902 1828/1970/1902
f 1477/1741/1903 1827/2209/1903 2098/1975/1903
f 2095/1965/1904 1602/1748/1904 1830/1973/1904
f 1829/1974/1905 1508/1737/1905 2094/1966/1905
f 1830/1973/1906 1306/1751/1906 2096/1972/1906
f 2097/1971/1907 1597/1738/1907 1829/1974/1907
f 1487/1572/1908 1455/1664/1908 1831/1774/1908
f 1623/1571/1909 1832/1776/1909 1486/1569/1909
f 1832/1776/1910 1833/1775/1910 1455/1664/1910
f 1831/1774/1911 1620/1575/1911 1487/1572/1911
f 1585/1717/1912 2073/2210/1912 1835/2211/1912
f 1585/1717/1913 2066/2150/1913 1878/1790/1913
f 1834/762/1914 2062/2112/1914 2237/1101/1914
f 2244/1979/1915 1646/2212/1915 1721/2213/1915
f 2007/768/1916 1837/1980/1916 2075/767/1916
f 2075/767/1917 2243/2081/1917 2011/772/1917
f 2245/2004/1918 1646/2212/1918 1836/1981/1918
f 2125/2141/1919 1493/1678/1919 1276/1677/1919
f 2128/2148/1920 1493/1678/1920 1839/1779/1920
f 1435/1573/1921 1842/2214/1921 2274/2215/1921
f 2275/986/1922 1647/2216/1922 1732/2217/1922
f 1842/2214/1923 1299/1338/1923 2158/2218/1923
f 2159/863/1924 1647/2219/1924 1841/865/1924
f 1843/1125/1925 1479/346/1925 2300/1292/1925
f 1844/2024/1926 1708/2220/1926 2184/2025/1926
f 1844/1907/1927 1741/2221/1927 1648/2222/1927
f 1843/1128/1928 1345/96/1928 1158/99/1928
f 2179/1130/1929 1164/66/1929 1846/1131/1929
f 2147/2223/1930 1164/1365/1930 1298/1364/1930
f 2180/2022/1931 2306/2152/1931 1706/2224/1931
f 2148/1996/1932 2305/2151/1932 1845/1780/1932
f 1849/1988/1933 1702/2225/1933 2167/1862/1933
f 1849/1988/1934 1690/2226/1934 1649/2227/1934
f 1857/2164/1935 1530/1328/1935 1320/1324/1935
f 1172/27/1936 1858/500/1936 1859/501/1936
f 1861/2228/1937 1291/1379/1937 2173/2229/1937
f 2174/2015/1938 1650/2230/1938 1860/2016/1938
f 2145/2231/1939 1165/1384/1939 1861/2228/1939
f 1860/2016/1940 1693/2232/1940 2146/1993/1940
f 1863/1145/1941 1300/28/1941 2141/1144/1941
f 1862/1986/1942 1691/2233/1942 1651/2234/1942
f 2140/1989/1943 1651/2234/1943 1690/2226/1943
f 1865/1148/1944 1301/1147/1944 2143/1149/1944
f 2144/1991/1945 1652/2235/1945 1864/1992/1945
f 2141/1144/1946 1173/1151/1946 1865/1148/1946
f 1864/1992/1947 1691/2233/1947 2142/1990/1947
f 1867/1154/1948 1302/1153/1948 2145/1142/1948
f 2146/1993/1949 1653/2236/1949 1866/1994/1949
f 2143/1149/1950 1174/1156/1950 1867/1154/1950
f 1866/1994/1951 1692/2237/1951 2144/1991/1951
f 1870/1786/1952 1604/1752/1952 1243/1726/1952
f 1426/1306/1953 1604/1752/1953 1870/1786/1953
f 1422/1435/1954 1868/1785/1954 2253/1933/1954
f 2149/2238/1955 1171/1367/1955 1297/1411/1955
f 2150/1998/1956 1654/2239/1956 1871/1995/1956
f 1872/2240/1957 1298/1364/1957 1171/1367/1957
f 1871/1995/1958 1694/2241/1958 2148/1996/1958
f 2151/2242/1959 1170/1404/1959 1296/1406/1959
f 2152/2000/1960 1655/2243/1960 1873/1997/1960
f 1874/2244/1961 1297/1411/1961 1170/1404/1961
f 1873/1997/1962 1695/2245/1962 2150/1998/1962
f 2153/2246/1963 1169/1407/1963 1295/1413/1963
f 2154/2002/1964 1656/2247/1964 1875/1999/1964
f 1876/2248/1965 1296/1406/1965 1169/1407/1965
f 1875/1999/1966 1696/2249/1966 2152/2000/1966
f 1251/1697/1967 1585/1717/1967 1878/1790/1967
f 1877/1788/1968 1252/1689/1968 1879/1789/1968
f 1524/1713/1969 2067/2149/1969 2005/2250/1969
f 1881/1793/1970 1882/1792/1970 1590/2251/1970
f 1882/1792/1971 1880/1791/1971 2110/2191/1971
f 1223/2252/1972 1881/1793/1972 1522/1712/1972
f 1884/2006/1973 1707/2253/1973 2182/2023/1973
f 2161/2005/1974 1657/2254/1974 1884/2006/1974
f 1885/2008/1975 1701/2255/1975 1658/2256/1975
f 2161/2005/1976 1658/2256/1976 1700/2257/1976
f 1888/1795/1977 1702/2225/1977 2307/2258/1977
f 1887/1794/1978 1701/2255/1978 2164/609/1978
f 1301/2259/1979 1891/2011/1979 1174/2260/1979
f 1174/2260/1980 2169/1865/1980 1302/2261/1980
f 2171/2014/1981 1194/2262/1981 1890/2012/1981
f 1890/2012/1982 1328/1513/1982 2168/1863/1982
f 1300/1327/1983 1894/1797/1983 1892/1796/1983
f 1173/2263/1984 2172/2013/1984 1301/2259/1984
f 1529/1325/1985 1195/1312/1985 1893/1798/1985
f 1893/1798/1986 1311/2264/1986 2171/2014/1986
f 2175/1178/1987 1166/79/1987 1292/77/1987
f 2176/2019/1988 1659/2265/1988 1910/2018/1988
f 2173/2229/1989 1166/1380/1989 1911/2266/1989
f 1910/2018/1990 1703/2267/1990 2174/2015/1990
f 1913/1183/1991 1293/73/1991 2177/1184/1991
f 2178/2020/1992 1660/2268/1992 1912/2017/1992
f 1913/1183/1993 1292/77/1993 1167/75/1993
f 1912/2017/1994 1704/2269/1994 2176/2019/1994
f 1915/1187/1995 1294/65/1995 2179/1130/1995
f 1914/2021/1996 1706/2224/1996 1661/2270/1996
f 2177/1184/1997 1168/71/1997 1915/1187/1997
f 2178/2020/1998 1661/2270/1998 1705/2271/1998
f 1918/1799/1999 1572/1504/1999 1401/1505/1999
f 1580/1526/2000 1920/1800/2000 1409/1524/2000
f 1923/1803/2001 1583/1537/2001 1409/1524/2001
f 1179/2272/2002 1401/1505/2002 1573/1506/2002
f 1943/2273/2003 1932/1806/2003 1930/1805/2003
f 1931/1807/2004 1932/1806/2004 1200/2274/2004
f 2196/2043/2005 1205/1451/2005 1937/1809/2005
f 1937/1809/2006 1952/2028/2006 2185/2027/2006
f 2194/2040/2007 1161/2275/2007 1938/2038/2007
f 1206/1445/2008 2188/2031/2008 1358/1441/2008
f 1938/2038/2009 1955/1815/2009 1953/1814/2009
f 1363/1447/2010 1939/2033/2010 1206/1445/2010
f 2182/2023/2011 1662/2276/2011 1942/864/2011
f 2158/2218/2012 1200/2274/2012 1943/2273/2012
f 1942/864/2013 1699/2277/2013 2159/863/2013
f 2183/2278/2014 1199/1398/2014 1345/1397/2014
f 2184/2025/2015 1663/2279/2015 1944/2001/2015
f 1945/2280/2016 1295/1413/2016 1199/1398/2016
f 1944/2001/2017 1697/2281/2017 2154/2002/2017
f 2190/2035/2018 1211/1421/2018 1948/1811/2018
f 1326/1427/2019 1209/1346/2019 1949/1813/2019
f 1549/1423/2020 1950/1812/2020 1948/1811/2020
f 1951/2026/2021 1949/1813/2021 1209/1346/2021
f 2186/2029/2022 1209/1346/2022 1355/1345/2022
f 1205/1451/2023 2190/2035/2023 1952/2028/2023
f 1955/1815/2024 1161/2275/2024 2109/2136/2024
f 1365/2160/2025 1956/2036/2025 2197/2042/2025
f 1361/1453/2026 1957/2037/2026 2192/1868/2026
f 2191/1866/2027 1212/2282/2027 1966/1821/2027
f 2196/2043/2028 1213/1454/2028 1366/1449/2028
f 1214/1446/2029 2195/2039/2029 1363/1447/2029
f 1959/2041/2030 1360/2283/2030 2200/1870/2030
f 1212/2282/2031 2124/2140/2031 2137/1859/2031
f 1360/2283/2032 1968/1940/2032 2200/1870/2032
f 1215/1448/2033 2192/1868/2033 2193/1867/2033
f 1969/2045/2034 1379/1473/2034 1210/1420/2034
f 1358/1441/2035 1969/2045/2035 1210/1420/2035
f 2207/1878/2036 1223/2252/2036 1388/1481/2036
f 2218/2068/2037 1664/2284/2037 1975/2066/2037
f 1975/2066/2038 1709/2285/2038 2210/2051/2038
f 2064/2113/2039 1665/2286/2039 1684/2287/2039
f 2210/2051/2040 1665/2288/2040 1977/2049/2040
f 2224/1881/2041 1666/2289/2041 1979/2073/2041
f 1979/2073/2042 1710/2290/2042 2212/2055/2042
f 1982/2053/2043 1713/2291/2043 2218/2068/2043
f 2212/2055/2044 1667/2292/2044 1982/2053/2044
f 1983/2059/2045 1714/2293/2045 1668/2294/2045
f 2214/2057/2046 1668/2294/2046 1711/2295/2046
f 1986/2058/2047 1712/2296/2047 2216/2063/2047
f 1986/2058/2048 1711/2295/2048 1669/2297/2048
f 2227/1882/2049 1670/2298/2049 1716/2299/2049
f 1988/2064/2050 1712/2296/2050 1670/2298/2050
f 2220/2070/2051 2310/2155/2051 1714/2293/2051
f 1994/1825/2052 1716/2299/2052 1671/2300/2052
f 2224/1881/2053 1671/2300/2053 1715/2301/2053
f 1577/1514/2054 1328/1513/2054 1194/2262/2054
f 1997/2302/2055 1194/2262/2055 1311/2264/2055
f 1999/2074/2056 1418/1542/2056 2232/2076/2056
f 2229/1885/2057 1227/1541/2057 1999/2074/2057
f 2232/2076/2058 1228/1539/2058 2000/1826/2058
f 2000/1826/2059 1228/1539/2059 1411/1517/2059
f 2003/559/2060 2156/1220/2060 2071/582/2060
f 1310/1714/2061 2005/2250/2061 2069/2303/2061
f 2070/581/2062 2246/1985/2062 2007/768/2062
f 1586/1715/2063 2069/2303/2063 2006/2304/2063
f 1178/1718/2064 2006/2304/2064 2074/2305/2064
f 2072/765/2065 2239/1955/2065 2062/2112/2065
f 1587/1722/2066 2079/2306/2066 2009/2307/2066
f 1309/1716/2067 2009/2307/2067 2073/2210/2067
f 1588/431/2068 2074/771/2068 2010/777/2068
f 2011/772/2069 2050/2079/2069 2077/776/2069
f 1588/431/2070 2076/778/2070 1177/430/2070
f 2077/776/2071 2242/1944/2071 2013/779/2071
f 1177/1720/2072 2012/2308/2072 1589/1721/2072
f 1589/1223/2073 2117/757/2073 1347/434/2073
f 1160/1723/2074 2015/2309/2074 2079/2306/2074
f 2014/784/2075 2063/1905/2075 2236/1969/2075
f 1232/314/2076 2296/1224/2076 2018/1225/2076
f 2295/2125/2077 2311/2310/2077 2017/1830/2077
f 2266/2311/2078 1232/1605/2078 2018/2312/2078
f 2267/2097/2079 2312/2156/2079 1728/2313/2079
f 2019/2084/2080 1735/2314/2080 1672/2315/2080
f 2019/2084/2081 1724/2316/2081 2259/2088/2081
f 1451/1559/2082 2029/2194/2082 2030/2317/2082
f 1240/266/2083 2030/570/2083 2028/568/2083
f 1427/1618/2084 2031/2318/2084 2289/2319/2084
f 1233/1617/2085 2264/2320/2085 2031/2318/2085
f 2290/2118/2086 1673/2321/2086 1736/2322/2086
f 2032/2093/2087 1727/2323/2087 1673/2321/2087
f 2034/2087/2088 1725/2324/2088 2260/2082/2088
f 2259/2088/2089 1674/2325/2089 2034/2087/2089
f 1436/268/2090 2033/2091/2090 2261/1239/2090
f 1437/1241/2091 2035/1240/2091 2263/1242/2091
f 1241/1243/2092 2261/1239/2092 2035/1240/2092
f 2262/2089/2093 1675/2326/2093 1726/2327/2093
f 2036/2083/2094 1725/2324/2094 1675/2326/2094
f 1242/1246/2095 2263/1242/2095 2037/1247/2095
f 2265/2092/2096 1676/2328/2096 1727/2323/2096
f 2038/2090/2097 1726/2327/2097 1676/2328/2097
f 1438/1250/2098 2037/1247/2098 2264/1235/2098
f 2039/2329/2099 1434/1604/2099 2266/2311/2099
f 2268/2095/2100 1677/2330/2100 1729/2331/2100
f 2040/2096/2101 1728/2313/2101 1677/2330/2101
f 2269/2332/2102 1239/1603/2102 2039/2329/2102
f 2271/2333/2103 1238/1643/2103 2041/2334/2103
f 2041/2334/2104 1433/1645/2104 2269/2332/2104
f 2270/2099/2105 1678/2335/2105 1730/2336/2105
f 2042/2094/2106 1729/2331/2106 1678/2335/2106
f 2043/2337/2107 1432/1642/2107 2271/2333/2107
f 2273/2100/2108 1679/2338/2108 1731/2339/2108
f 2044/2098/2109 1730/2336/2109 1679/2338/2109
f 2272/2340/2110 1237/1641/2110 2043/2337/2110
f 2045/2106/2111 1740/2341/2111 1680/2342/2111
f 2276/2102/2112 1680/2342/2112 1733/2343/2112
f 2048/2103/2113 1734/2344/2113 2280/651/2113
f 2276/2102/2114 1681/2345/2114 2048/2103/2114
f 2049/2080/2115 1720/2346/2115 2241/2078/2115
f 2244/1979/2116 1682/2347/2116 2049/2080/2116
f 2053/1835/2117 1735/2314/2117 2283/1890/2117
f 2051/1834/2118 1734/2344/2118 2313/2157/2118
f 1365/2160/2119 2124/2140/2119 1212/2282/2119
f 2054/2147/2120 1275/1683/2120 2123/2145/2120
f 1269/1681/2121 2054/2147/2121 2106/1850/2121
f 2284/1892/2122 1242/2348/2122 1438/2349/2122
f 1259/2350/2123 2287/2116/2123 2057/2115/2123
f 2056/2114/2124 1437/2351/2124 1242/2348/2124
f 1459/1742/2125 2057/2115/2125 2285/1894/2125
f 2288/2117/2126 1241/2352/2126 1437/2351/2126
f 1261/1551/2127 1443/1548/2127 1616/1560/2127
f 2060/1837/2128 1616/1560/2128 1436/1562/2128
f 1442/2353/2129 2058/1836/2129 2287/2116/2129
f 2238/2111/2130 1683/2354/2130 1718/2198/2130
f 2061/2110/2131 1719/2203/2131 1683/2354/2131
f 2235/1967/2132 1684/2287/2132 1717/2204/2132
f 1234/1613/2133 2289/2319/2133 2080/2355/2133
f 2292/2123/2134 1685/2356/2134 1737/2357/2134
f 2081/2119/2135 1736/2322/2135 1685/2356/2135
f 2291/1279/2136 1234/328/2136 2080/1275/2136
f 1429/316/2137 2082/1280/2137 2294/1281/2137
f 2082/1280/2138 1428/320/2138 2291/1279/2138
f 2293/2120/2139 1686/2358/2139 1738/2359/2139
f 2083/2122/2140 1737/2357/2140 1686/2358/2140
f 1236/310/2141 2294/1281/2141 2084/1284/2141
f 2085/2121/2142 1739/2360/2142 2295/2125/2142
f 2293/2120/2143 1687/2361/2143 2085/2121/2143
f 1430/311/2144 2084/1284/2144 2296/1224/2144
f 1595/1734/2145 2089/1841/2145 2090/1840/2145
f 1603/1592/2146 1244/2362/2146 2090/1840/2146
f 1613/1735/2147 1244/2362/2147 2093/1843/2147
f 1202/1591/2148 2092/1844/2148 2093/1843/2148
f 2102/1846/2149 1266/1574/2149 2112/2363/2149
f 1266/1574/2150 2102/1846/2150 2100/1845/2150
f 2121/2137/2151 2106/1850/2151 2301/2127/2151
f 1161/2275/2152 2129/2142/2152 2109/2136/2152
f 2108/2134/2153 1495/2364/2153 1270/1673/2153
f 2303/2131/2154 1270/1673/2154 1491/1667/2154
f 1266/1574/2155 2274/2215/2155 2112/2363/2155
f 2297/2126/2156 1688/2365/2156 1740/2341/2156
f 2113/988/2157 1732/2217/2157 1688/2365/2157
f 2300/2366/2158 1265/1635/2158 2114/2367/2158
f 2114/2367/2159 1431/1649/2159 2272/2340/2159
f 2299/1908/2160 1689/2368/2160 1741/2221/2160
f 2115/2101/2161 1731/2339/2161 1689/2368/2161
f 1274/1651/2162 2234/2139/2162 2119/1853/2162
f 1638/1656/2163 2119/1853/2163 2120/1852/2163
f 2118/1851/2164 2122/2128/2164 1272/1578/2164
f 2118/1851/2165 1272/1578/2165 1457/1663/2165
f 1272/1578/2166 2302/2129/2166 1489/1576/2166
f 2234/2139/2167 1269/1681/2167 2121/2137/2167
f 2123/2145/2168 1494/1684/2168 2136/1857/2168
f 2130/2144/2169 1276/1677/2169 1495/2364/2169
f 2136/1857/2170 1494/1684/2170 1277/1676/2170
f 1284/1705/2171 1523/1725/2171 2131/1854/2171
f 2135/2132/2172 1513/1703/2172 2131/1854/2172
f 2135/2132/2173 1491/1667/2173 1273/1672/2173
f 2155/1860/2174 1722/2369/2174 2245/2004/2174
f 2249/1886/2175 1698/2370/2175 2155/1860/2175
f 2168/1863/2176 1328/1513/2176 1191/1500/2176
f 1302/2261/2177 2170/1864/2177 1303/1382/2177
f 1357/2161/2178 1355/1345/2178 1208/1348/2178
f 1351/1450/2179 1359/1438/2179 2190/2035/2179
f 1221/1490/2180 1379/1473/2180 2202/1874/2180
f 2204/1875/2181 1391/1486/2181 1186/1466/2181
f 2206/1876/2182 1187/1460/2182 2205/1877/2182
f 1396/2187/2183 2207/1878/2183 1388/1481/2183
f 1175/1497/2184 1410/1530/2184 2230/1884/2184
f 1231/1532/2185 1414/1543/2185 2229/1885/2185
f 1492/1671/2186 1484/1679/2186 2234/2139/2186
f 1442/2353/2187 2252/2371/2187 2250/1983/2187
f 1259/2350/2188 1473/1743/2188 2251/1984/2188
f 1605/1308/2189 2256/1889/2189 2257/1888/2189
f 1256/1622/2190 2285/1894/2190 2286/1893/2190
f 2286/1893/2191 2284/1892/2191 1438/2349/2191
f 1489/1576/2192 1357/2161/2192 1208/1348/2192
f 508/1207/2193 1684/2372/2193 1665/2373/2193
f 491/2374/2194 1741/2375/2194 584/1127/2194
f 487/1103/2195 1720/2376/2195 563/1267/2195
f 488/1106/2196 1719/2377/2196 1645/2378/2196
f 560/2204/2197 1645/2202/2197 1717/2204/2197
f 564/2213/2198 1646/2212/2198 489/2212/2198
f 489/2212/2199 1722/2369/2199 565/2369/2199
f 494/2234/2200 1690/2226/2200 1651/2234/2200
f 492/2379/2201 1690/2380/2201 533/1137/2201
f 534/1152/2202 1652/2381/2202 495/1150/2202
f 494/1146/2203 1691/2382/2203 534/1152/2203
f 535/1157/2204 1653/2383/2204 496/1155/2204
f 495/2235/2205 1692/2237/2205 535/2237/2205
f 536/1143/2206 1650/2384/2206 493/1141/2206
f 536/1143/2207 1653/2383/2207 1693/2385/2207
f 575/1291/2208 1647/2386/2208 490/1122/2208
f 497/1160/2209 1694/2387/2209 1654/2388/2209
f 498/1164/2210 1695/2389/2210 1655/2390/2210
f 538/1165/2211 1654/2388/2211 1695/2389/2211
f 499/1168/2212 1696/2391/2212 1656/2392/2212
f 498/1164/2213 1696/2391/2213 539/1169/2213
f 506/1197/2214 1697/2393/2214 1663/2394/2214
f 540/1198/2215 1656/2392/2215 1697/2393/2215
f 541/1298/2216 1722/2395/2216 1698/2396/2216
f 505/1194/2217 1699/2397/2217 1662/2398/2217
f 542/1195/2218 1647/2386/2218 1699/2397/2218
f 543/2399/2219 1658/2400/2219 501/1175/2219
f 543/2399/2220 1657/2401/2220 1700/2402/2220
f 501/1175/2221 1701/2403/2221 544/1173/2221
f 566/1100/2222 1698/2396/2222 1723/2404/2222
f 545/1136/2223 1649/2405/2223 492/2379/2223
f 546/1182/2224 1659/2406/2224 502/1180/2224
f 493/1141/2225 1703/2407/2225 546/1182/2225
f 503/1185/2226 1704/2408/2226 1660/2409/2226
f 547/1186/2227 1659/2406/2227 1704/2408/2227
f 548/2410/2228 1661/2411/2228 504/1189/2228
f 503/1185/2229 1705/2412/2229 548/2410/2229
f 504/1189/2230 1706/2413/2230 549/1188/2230
f 550/2414/2231 1657/2401/2231 500/1172/2231
f 505/1194/2232 1707/2415/2232 550/2414/2232
f 566/1100/2233 1643/2416/2233 486/2417/2233
f 491/2374/2234 1708/2418/2234 1648/2419/2234
f 551/1126/2235 1663/2394/2235 1708/2418/2235
f 508/1207/2236 1709/2420/2236 552/1206/2236
f 552/1206/2237 1664/2421/2237 507/1205/2237
f 510/2292/2238 1710/2290/2238 553/2290/2238
f 553/1209/2239 1666/2422/2239 509/1208/2239
f 554/2295/2240 1669/2297/2240 1711/2295/2240
f 554/1215/2241 1668/2423/2241 511/1213/2241
f 555/2296/2242 1670/2298/2242 1712/2296/2242
f 512/2297/2243 1712/2296/2243 1669/2297/2243
f 507/2284/2244 1713/2291/2244 556/2291/2244
f 556/1210/2245 1667/2424/2245 510/1211/2245
f 557/1212/2246 1668/2423/2246 1714/2425/2246
f 558/2426/2247 1666/2422/2247 1715/2427/2247
f 514/1219/2248 1715/2427/2248 1671/2428/2248
f 514/1219/2249 1716/2429/2249 559/1218/2249
f 559/1218/2250 1670/2430/2250 513/1216/2250
f 525/1268/2251 1720/2376/2251 1682/2431/2251
f 525/2347/2252 1721/2213/2252 564/2213/2252
f 568/1245/2253 1675/2432/2253 1725/2433/2253
f 515/2434/2254 1724/2435/2254 1672/2436/2254
f 517/2325/2255 1724/2316/2255 567/2316/2255
f 569/1249/2256 1676/2437/2256 1726/2438/2256
f 517/1238/2257 1725/2433/2257 1674/2439/2257
f 570/1237/2258 1676/2437/2258 519/1248/2258
f 570/1237/2259 1673/2440/2259 1727/2441/2259
f 518/2326/2260 1726/2327/2260 1675/2326/2260
f 521/1257/2261 1729/2442/2261 572/1258/2261
f 520/1252/2262 1728/2443/2262 571/1253/2262
f 522/1260/2263 1730/2444/2263 573/1261/2263
f 572/1258/2264 1677/2445/2264 520/1252/2264
f 574/1295/2265 1679/2446/2265 522/1260/2265
f 532/1294/2266 1731/2447/2266 574/1295/2266
f 521/1257/2267 1730/2444/2267 1678/2448/2267
f 576/2449/2268 1681/2450/2268 1733/2451/2268
f 531/1290/2269 1732/2452/2269 575/1291/2269
f 576/2449/2270 1680/2453/2270 523/1263/2270
f 578/1230/2271 1672/2436/2271 1735/2454/2271
f 524/1266/2272 1734/2455/2272 1681/2450/2272
f 526/1272/2273 1718/2456/2273 1683/2457/2273
f 562/2203/2274 1683/2354/2274 1719/2203/2274
f 527/1274/2275 1717/2458/2275 1684/2372/2275
f 516/1236/2276 1736/2459/2276 1673/2440/2276
f 579/1278/2277 1685/2460/2277 1736/2459/2277
f 581/2461/2278 1687/2462/2278 1738/2463/2278
f 580/1283/2279 1685/2460/2279 528/1277/2279
f 529/1282/2280 1737/2464/2280 580/1283/2280
f 529/1282/2281 1738/2463/2281 1686/2465/2281
f 530/1286/2282 1739/2466/2282 1687/2462/2282
f 583/2467/2283 1680/2453/2283 1740/2468/2283
f 531/1290/2284 1740/2468/2284 1688/2469/2284
f 584/1127/2285 1689/2470/2285 532/1294/2285
f 486/2417/2286 1718/2456/2286 561/1102/2286
f 1149/1134/2287 2305/2471/2287 1148/1044/2287
f 1151/2153/2288 2307/2258/2288 1150/2258/2288
f 1153/1217/2289 2309/2472/2289 1152/1046/2289
f 1154/1226/2290 2312/2473/2290 2311/2474/2290
f 1156/2157/2291 2314/2158/2291 2313/2157/2291
f 1152/1046/2292 1644/2475/2292 487/1103/2292
f 549/1188/2293 2306/2476/2293 1149/1134/2293
f 537/1161/2294 2305/2471/2294 1694/2387/2294
f 545/1136/2295 2307/2477/2295 1702/2478/2295
f 544/1173/2296 2308/2479/2296 1151/2480/2296
f 1153/1217/2297 1714/2425/2297 2310/2481/2297
f 582/1285/2298 2311/2474/2298 1739/2466/2298
f 571/1253/2299 2312/2473/2299 1155/1047/2299
f 578/1230/2300 2314/2482/2300 1157/1048/2300
f 577/1264/2301 2313/2483/2301 1734/2455/2301
f 450/1/2302 19/5/2302 452/2/2302
f 268/4/2303 454/136/2303 19/5/2303
f 269/6/2304 452/2/2304 19/5/2304
f 448/8/2305 19/5/2305 453/9/2305
f 156/11/2306 370/15/2306 155/12/2306
f 39/14/2307 158/20/2307 370/15/2307
f 370/15/2308 158/20/2308 24/16/2308
f 370/15/2309 157/17/2309 23/18/2309
f 39/14/2310 159/21/2310 371/19/2310
f 159/21/2311 40/131/2311 162/22/2311
f 371/19/2312 162/22/2312 25/23/2312
f 158/20/2313 371/19/2313 160/24/2313
f 155/12/2314 23/18/2314 163/25/2314
f 372/26/2315 163/25/2315 15/27/2315
f 23/18/2316 164/30/2316 373/29/2316
f 157/17/2317 374/32/2317 164/30/2317
f 157/17/2318 24/16/2318 165/31/2318
f 24/16/2319 160/24/2319 375/33/2319
f 160/24/2320 25/23/2320 166/34/2320
f 376/35/2321 131/2484/2321 2/36/2321
f 197/38/2322 376/35/2322 142/37/2322
f 191/40/2323 377/44/2323 196/41/2323
f 6/43/2324 132/1050/2324 377/44/2324
f 198/45/2325 378/49/2325 195/46/2325
f 51/48/2326 133/50/2326 378/49/2326
f 133/50/2327 6/43/2327 191/40/2327
f 378/49/2328 191/40/2328 47/42/2328
f 26/51/2329 174/54/2329 379/52/2329
f 174/54/2330 59/111/2330 210/55/2330
f 379/52/2331 210/55/2331 60/56/2331
f 172/53/2332 379/52/2332 175/57/2332
f 27/58/2333 175/57/2333 380/59/2333
f 175/57/2334 60/56/2334 211/61/2334
f 211/61/2335 61/90/2335 176/62/2335
f 173/60/2336 380/59/2336 176/62/2336
f 141/64/2337 381/68/2337 137/65/2337
f 14/67/2338 185/69/2338 381/68/2338
f 185/69/2339 26/51/2339 177/70/2339
f 381/68/2340 177/70/2340 11/71/2340
f 11/71/2341 177/70/2341 382/72/2341
f 177/70/2342 26/51/2342 172/53/2342
f 382/72/2343 172/53/2343 27/58/2343
f 136/73/2344 382/72/2344 178/74/2344
f 10/75/2345 178/74/2345 383/76/2345
f 178/74/2346 27/58/2346 173/60/2346
f 383/76/2347 173/60/2347 28/63/2347
f 135/77/2348 383/76/2348 179/78/2348
f 179/78/2349 384/81/2349 134/80/2349
f 28/63/2350 180/82/2350 384/81/2350
f 180/82/2351 34/89/2351 146/83/2351
f 384/81/2352 146/83/2352 8/84/2352
f 176/62/2353 385/86/2353 180/82/2353
f 176/62/2354 61/90/2354 181/85/2354
f 385/86/2355 181/85/2355 35/87/2355
f 180/82/2356 385/86/2356 147/88/2356
f 61/90/2357 213/92/2357 386/91/2357
f 213/92/2358 33/118/2358 182/93/2358
f 386/91/2359 182/93/2359 36/94/2359
f 181/85/2360 386/91/2360 148/95/2360
f 188/96/2361 387/100/2361 192/97/2361
f 1/99/2362 130/101/2362 387/100/2362
f 130/101/2363 5/184/2363 216/102/2363
f 387/100/2364 216/102/2364 50/103/2364
f 13/104/2365 139/108/2365 388/105/2365
f 12/107/2366 183/109/2366 388/105/2366
f 183/109/2367 32/117/2367 212/110/2367
f 184/106/2368 388/105/2368 212/110/2368
f 140/112/2369 389/113/2369 185/69/2369
f 140/112/2370 13/104/2370 184/106/2370
f 389/113/2371 184/106/2371 59/111/2371
f 185/69/2372 389/113/2372 174/54/2372
f 138/114/2373 390/115/2373 183/109/2373
f 42/98/2374 192/97/2374 390/115/2374
f 192/97/2375 50/103/2375 215/116/2375
f 390/115/2376 215/116/2376 32/117/2376
f 33/118/2377 214/120/2377 391/119/2377
f 214/120/2378 53/142/2378 199/121/2378
f 391/119/2379 199/121/2379 54/122/2379
f 182/93/2380 391/119/2380 189/123/2380
f 36/94/2381 189/123/2381 392/124/2381
f 392/124/2382 169/129/2382 41/126/2382
f 41/126/2383 169/129/2383 393/127/2383
f 169/129/2384 52/47/2384 195/46/2384
f 393/127/2385 195/46/2385 47/42/2385
f 161/128/2386 393/127/2386 168/130/2386
f 40/131/2387 168/130/2387 394/132/2387
f 168/130/2388 47/42/2388 196/41/2388
f 162/22/2389 394/132/2389 167/133/2389
f 25/23/2390 167/133/2390 395/134/2390
f 263/135/2391 449/139/2391 19/5/2391
f 265/137/2392 451/7/2392 19/5/2392
f 453/9/2393 19/5/2393 449/139/2393
f 199/121/2394 397/143/2394 202/141/2394
f 53/142/2395 201/144/2395 397/143/2395
f 201/144/2396 49/148/2396 193/145/2396
f 397/143/2397 193/145/2397 44/146/2397
f 193/145/2398 398/149/2398 207/147/2398
f 49/148/2399 206/1193/2399 398/149/2399
f 398/149/2400 206/1193/2400 57/150/2400
f 398/149/2401 203/151/2401 58/152/2401
f 194/153/2402 399/156/2402 209/154/2402
f 44/146/2403 207/147/2403 399/156/2403
f 207/147/2404 58/152/2404 204/157/2404
f 399/156/2405 204/157/2405 56/158/2405
f 60/56/2406 210/55/2406 400/159/2406
f 59/111/2407 218/161/2407 400/159/2407
f 218/161/2408 29/171/2408 225/162/2408
f 217/160/2409 400/159/2409 225/162/2409
f 61/90/2410 211/61/2410 401/164/2410
f 211/61/2411 60/56/2411 217/160/2411
f 401/164/2412 217/160/2412 30/163/2412
f 219/165/2413 401/164/2413 226/166/2413
f 212/110/2414 402/168/2414 218/161/2414
f 32/117/2415 220/169/2415 402/168/2415
f 220/169/2416 62/183/2416 227/170/2416
f 402/168/2417 227/170/2417 29/171/2417
f 33/118/2418 213/92/2418 403/172/2418
f 213/92/2419 61/90/2419 219/165/2419
f 403/172/2420 219/165/2420 31/167/2420
f 221/173/2421 403/172/2421 228/174/2421
f 53/142/2422 214/120/2422 404/176/2422
f 214/120/2423 33/118/2423 221/173/2423
f 404/176/2424 221/173/2424 63/175/2424
f 222/177/2425 404/176/2425 229/178/2425
f 215/116/2426 405/180/2426 220/169/2426
f 50/103/2427 223/181/2427 405/180/2427
f 223/181/2428 65/188/2428 230/182/2428
f 405/180/2429 230/182/2429 62/183/2429
f 216/102/2430 406/185/2430 223/181/2430
f 5/184/2431 224/186/2431 406/185/2431
f 224/186/2432 66/1204/2432 231/187/2432
f 406/185/2433 231/187/2433 65/188/2433
f 31/167/2434 226/166/2434 407/189/2434
f 226/166/2435 30/163/2435 233/191/2435
f 227/170/2436 408/193/2436 234/192/2436
f 62/183/2437 236/198/2437 408/193/2437
f 63/175/2438 228/174/2438 409/194/2438
f 228/174/2439 31/167/2439 235/190/2439
f 64/179/2440 229/178/2440 410/196/2440
f 229/178/2441 63/175/2441 237/195/2441
f 230/182/2442 411/199/2442 236/198/2442
f 65/188/2443 239/1299/2443 411/199/2443
f 64/179/2444 238/197/2444 412/200/2444
f 18/202/2445 241/205/2445 413/203/2445
f 34/89/2446 147/88/2446 413/203/2446
f 147/88/2447 35/87/2447 242/206/2447
f 35/87/2448 148/95/2448 414/207/2448
f 148/95/2449 36/94/2449 243/208/2449
f 38/13/2450 154/1177/2450 415/209/2450
f 39/14/2451 156/11/2451 416/211/2451
f 156/11/2452 38/13/2452 244/210/2452
f 40/131/2453 159/21/2453 417/213/2453
f 159/21/2454 39/14/2454 245/212/2454
f 247/215/2455 41/126/2455 161/128/2455
f 418/216/2456 161/128/2456 40/131/2456
f 243/208/2457 36/94/2457 170/125/2457
f 419/217/2458 170/125/2458 41/126/2458
f 171/218/2459 34/89/2459 241/205/2459
f 420/219/2460 241/205/2460 18/202/2460
f 248/221/2461 67/238/2461 254/222/2461
f 422/224/2462 255/228/2462 72/225/2462
f 249/227/2463 68/249/2463 255/228/2463
f 256/229/2464 73/242/2464 252/230/2464
f 69/232/2465 256/229/2465 423/231/2465
f 18/202/2466 253/235/2466 424/234/2466
f 424/234/2467 258/236/2467 69/232/2467
f 253/235/2468 74/248/2468 258/236/2468
f 425/237/2469 259/239/2469 67/238/2469
f 251/226/2470 72/225/2470 259/239/2470
f 260/240/2471 68/249/2471 249/227/2471
f 73/242/2472 260/240/2472 426/241/2472
f 71/243/2473 254/222/2473 427/244/2473
f 70/246/2474 261/245/2474 427/244/2474
f 74/248/2475 257/247/2475 427/244/2475
f 258/236/2476 427/244/2476 256/229/2476
f 73/242/2477 256/229/2477 427/244/2477
f 68/249/2478 260/240/2478 427/244/2478
f 255/228/2479 427/244/2479 259/239/2479
f 259/239/2480 427/244/2480 254/222/2480
f 457/250/2481 288/270/2481 89/251/2481
f 88/253/2482 288/270/2482 457/250/2482
f 457/250/2483 289/252/2483 105/255/2483
f 286/254/2484 457/250/2484 287/256/2484
f 458/258/2485 291/261/2485 90/259/2485
f 289/252/2486 89/251/2486 291/261/2486
f 290/262/2487 458/258/2487 293/260/2487
f 105/255/2488 289/252/2488 458/258/2488
f 460/264/2489 295/269/2489 88/253/2489
f 83/266/2490 294/265/2490 459/267/2490
f 294/265/2491 88/253/2491 286/254/2491
f 295/269/2492 461/1097/2492 288/270/2492
f 288/270/2493 461/1097/2493 296/271/2493
f 89/251/2494 296/271/2494 462/272/2494
f 291/261/2495 462/272/2495 297/273/2495
f 329/274/2496 466/277/2496 324/275/2496
f 466/277/2497 132/1049/2497 6/278/2497
f 330/279/2498 109/1288/2498 278/280/2498
f 463/281/2499 278/280/2499 2/282/2499
f 328/284/2500 467/287/2500 332/285/2500
f 467/287/2501 133/294/2501 51/288/2501
f 91/289/2502 303/300/2502 468/290/2502
f 305/291/2503 468/290/2503 341/292/2503
f 111/276/2504 324/275/2504 467/287/2504
f 324/275/2505 6/278/2505 133/294/2505
f 92/295/2506 304/305/2506 469/296/2506
f 306/297/2507 469/296/2507 342/298/2507
f 303/300/2508 92/295/2508 306/297/2508
f 468/290/2509 306/297/2509 122/299/2509
f 45/301/2510 454/136/2510 268/4/2510
f 443/303/2511 263/135/2511 454/136/2511
f 266/304/2512 455/138/2512 19/5/2512
f 304/305/2513 93/319/2513 307/306/2513
f 307/306/2514 124/333/2514 342/298/2514
f 309/307/2515 91/289/2515 318/308/2515
f 79/310/2516 309/307/2516 470/309/2516
f 470/309/2517 318/308/2517 82/312/2517
f 273/311/2518 470/309/2518 277/313/2518
f 471/315/2519 310/317/2519 92/295/2519
f 272/316/2520 78/322/2520 310/317/2520
f 309/307/2521 471/315/2521 303/300/2521
f 79/310/2522 272/316/2522 471/315/2522
f 472/318/2523 311/321/2523 93/319/2523
f 271/320/2524 77/328/2524 311/321/2524
f 310/317/2525 472/318/2525 304/305/2525
f 78/322/2526 271/320/2526 472/318/2526
f 282/323/2527 99/439/2527 312/324/2527
f 76/326/2528 282/323/2528 473/325/2528
f 473/325/2529 312/324/2529 93/319/2529
f 270/327/2530 473/325/2530 311/321/2530
f 474/329/2531 283/332/2531 100/330/2531
f 312/324/2532 99/439/2532 283/332/2532
f 307/306/2533 474/329/2533 313/331/2533
f 312/324/2534 474/329/2534 307/306/2534
f 475/334/2535 284/337/2535 101/335/2535
f 313/331/2536 100/330/2536 284/337/2536
f 344/338/2537 475/334/2537 314/336/2537
f 124/333/2538 313/331/2538 475/334/2538
f 349/340/2539 5/417/2539 130/341/2539
f 114/343/2540 349/340/2540 476/342/2540
f 476/342/2541 130/341/2541 1/345/2541
f 325/344/2542 476/342/2542 322/346/2542
f 343/348/2543 97/359/2543 315/349/2543
f 317/351/2544 121/293/2544 343/348/2544
f 477/350/2545 315/349/2545 80/352/2545
f 81/354/2546 317/351/2546 477/350/2546
f 478/355/2547 305/291/2547 121/293/2547
f 318/308/2548 91/289/2548 305/291/2548
f 276/356/2549 478/355/2549 317/351/2549
f 318/308/2550 478/355/2550 276/356/2550
f 347/357/2551 114/343/2551 325/344/2551
f 97/359/2552 347/357/2552 479/358/2552
f 479/358/2553 325/344/2553 108/347/2553
f 315/349/2554 479/358/2554 274/360/2554
f 480/361/2555 323/364/2555 117/362/2555
f 314/336/2556 101/335/2556 323/364/2556
f 346/365/2557 480/361/2557 333/363/2557
f 98/339/2558 314/336/2558 480/361/2558
f 107/367/2559 300/373/2559 481/368/2559
f 101/335/2560 301/369/2560 481/368/2560
f 482/370/2561 299/372/2561 111/276/2561
f 292/371/2562 106/263/2562 299/372/2562
f 300/373/2563 482/370/2563 328/284/2563
f 107/367/2564 292/371/2564 482/370/2564
f 293/260/2565 90/259/2565 298/374/2565
f 299/372/2566 483/375/2566 329/274/2566
f 106/263/2567 293/260/2567 483/375/2567
f 90/259/2568 297/273/2568 484/376/2568
f 326/377/2569 113/383/2569 334/378/2569
f 110/380/2570 326/377/2570 436/379/2570
f 436/379/2571 334/378/2571 116/366/2571
f 335/381/2572 436/379/2572 333/363/2572
f 358/382/2573 338/387/2573 113/383/2573
f 339/384/2574 358/382/2574 326/377/2574
f 120/385/2575 336/1120/2575 358/382/2575
f 358/382/2576 336/1120/2576 119/386/2576
f 340/388/2577 308/391/2577 327/389/2577
f 308/391/2578 339/384/2578 110/380/2578
f 118/392/2579 337/393/2579 308/391/2579
f 337/393/2580 120/385/2580 339/384/2580
f 359/394/2581 94/405/2581 352/395/2581
f 350/397/2582 95/399/2582 359/394/2582
f 129/396/2583 352/395/2583 121/293/2583
f 122/299/2584 350/397/2584 129/396/2584
f 123/398/2585 360/401/2585 95/399/2585
f 353/400/2586 96/407/2586 360/401/2586
f 342/298/2587 123/398/2587 350/397/2587
f 124/333/2588 353/400/2588 123/398/2588
f 361/402/2589 125/418/2589 354/403/2589
f 94/405/2590 361/402/2590 103/404/2590
f 103/404/2591 354/403/2591 97/359/2591
f 352/395/2592 103/404/2592 343/348/2592
f 485/406/2593 362/409/2593 96/407/2593
f 355/408/2594 126/413/2594 362/409/2594
f 344/338/2595 485/406/2595 353/400/2595
f 98/339/2596 355/408/2596 485/406/2596
f 346/365/2597 396/410/2597 355/408/2597
f 116/366/2598 356/411/2598 396/410/2598
f 356/411/2599 127/429/2599 363/412/2599
f 396/410/2600 363/412/2600 126/413/2600
f 369/414/2601 357/415/2601 114/343/2601
f 354/403/2602 369/414/2602 347/357/2602
f 357/415/2603 348/416/2603 349/340/2603
f 348/416/2604 224/422/2604 5/417/2604
f 125/418/2605 364/419/2605 369/414/2605
f 364/419/2606 128/420/2606 357/415/2606
f 128/420/2607 365/421/2607 348/416/2607
f 365/421/2608 66/1171/2608 224/422/2608
f 360/401/2609 153/424/2609 367/423/2609
f 96/407/2610 429/427/2610 153/424/2610
f 152/425/2611 430/432/2611 125/418/2611
f 428/426/2612 152/425/2612 361/402/2612
f 362/409/2613 21/428/2613 429/427/2613
f 126/413/2614 431/431/2614 21/428/2614
f 127/429/2615 432/1223/2615 20/430/2615
f 363/412/2616 20/430/2616 431/431/2616
f 430/432/2617 3/433/2617 364/419/2617
f 3/433/2618 433/1170/2618 128/420/2618
f 190/434/2619 432/1223/2619 127/429/2619
f 86/436/2620 319/2485/2620 46/437/2620
f 46/437/2621 283/332/2621 99/439/2621
f 465/440/2622 284/337/2622 100/330/2622
f 435/441/2623 100/330/2623 283/332/2623
f 437/442/2624 101/335/2624 284/337/2624
f 464/443/2625 285/1271/2625 104/257/2625
f 456/445/2626 287/256/2626 105/255/2626
f 351/447/2627 290/262/2627 106/263/2627
f 438/444/2628 104/257/2628 287/256/2628
f 441/449/2629 331/450/2629 292/371/2629
f 439/446/2630 105/255/2630 290/262/2630
f 331/450/2631 440/448/2631 106/263/2631
f 320/451/2632 441/449/2632 107/367/2632
f 437/442/2633 320/451/2633 301/369/2633
f 434/438/2634 99/439/2634 302/452/2634
f 86/436/2635 434/438/2635 316/453/2635
f 442/455/2636 368/1113/2636 448/8/2636
f 345/456/2637 445/460/2637 267/140/2637
f 443/303/2638 345/456/2638 449/139/2638
f 446/302/2639 268/4/2639 450/1/2639
f 151/457/2640 450/1/2640 264/3/2640
f 149/459/2641 442/455/2641 262/10/2641
f 445/460/2642 149/459/2642 453/9/2642
f 447/461/2643 150/462/2643 452/2/2643
f 150/462/2644 444/458/2644 264/3/2644
f 86/436/2645 321/454/2645 150/462/2645
f 620/472/348 621/736/348 622/473/348
f 739/517/2646 740/679/2646 741/518/2646
f 804/541/2647 805/735/2647 806/542/2647
f 909/577/2648 910/764/2648 911/578/2648
f 591/658/2649 592/661/2649 693/659/2649
f 591/658/2650 695/496/2650 697/498/2650
f 695/496/2651 593/663/2651 594/662/2651
f 593/663/2652 698/665/2652 699/664/2652
f 698/665/2653 595/716/2653 596/666/2653
f 589/667/2654 701/500/2654 700/499/2654
f 803/669/2655 681/490/2655 683/492/2655
f 906/671/2656 907/999/2656 820/672/2656
f 687/674/2657 1142/1024/2657 1143/675/2657
f 628/677/2658 738/519/2658 741/518/2658
f 629/478/2659 631/480/2659 740/679/2659
f 742/520/2660 744/522/2660 631/480/2660
f 743/521/2661 632/685/2661 633/680/2661
f 627/678/2662 745/682/2662 746/681/2662
f 745/682/2663 634/697/2663 635/683/2663
f 747/684/2664 748/687/2664 633/680/2664
f 636/686/2665 637/691/2665 748/687/2665
f 749/688/2666 750/692/2666 638/689/2666
f 637/691/2667 636/686/2667 750/692/2667
f 641/693/2668 751/696/2668 752/694/2668
f 751/696/2669 635/683/2669 634/697/2669
f 597/463/2670 759/699/2670 760/698/2670
f 759/699/2671 600/713/2671 601/700/2671
f 762/524/2672 761/523/2672 604/701/2672
f 764/526/2673 606/705/2673 607/703/2673
f 767/704/2674 768/707/2674 607/703/2674
f 610/706/2675 611/711/2675 768/707/2675
f 769/708/2676 770/712/2676 608/709/2676
f 611/711/2677 610/706/2677 770/712/2677
f 600/713/2678 771/715/2678 772/714/2678
f 771/715/2679 609/710/2679 608/709/2679
f 595/716/2680 774/530/2680 773/529/2680
f 776/717/2681 777/720/2681 585/718/2681
f 613/467/2682 612/466/2682 777/720/2682
f 779/533/2683 778/532/2683 587/721/2683
f 643/723/2684 783/726/2684 784/724/2684
f 783/726/2685 641/693/2685 640/695/2685
f 712/503/2686 711/502/2686 1096/727/2686
f 789/729/2687 790/732/2687 644/730/2687
f 639/690/2688 638/689/2688 790/732/2688
f 797/539/450 796/538/450 615/733/450
f 805/735/451 804/541/451 620/472/451
f 618/470/452 617/469/452 803/543/452
f 807/544/453 622/473/453 621/736/453
f 622/473/2689 811/917/2689 810/737/2689
f 814/738/2690 815/739/2690 625/476/2690
f 616/734/456 615/733/456 815/739/456
f 835/740/2691 630/479/2691 629/478/2691
f 839/554/2692 838/553/2692 605/702/2692
f 1085/742/2693 655/815/2693 656/743/2693
f 865/745/2694 648/749/2694 649/746/2694
f 650/748/2695 651/753/2695 866/565/2695
f 867/566/2696 866/565/2696 649/746/2696
f 659/750/2697 660/812/2697 869/751/2697
f 870/752/2698 869/751/2698 651/753/2698
f 872/569/2699 871/568/2699 647/754/2699
f 644/756/2700 959/816/2700 960/757/2700
f 657/759/2701 658/799/2701 1082/760/2701
f 909/577/2702 908/579/2702 677/762/2702
f 848/561/2703 912/580/2703 914/582/2703
f 910/764/2704 848/561/2704 847/560/2704
f 915/765/2705 916/770/2705 678/763/2705
f 849/766/2706 850/768/2706 913/581/2706
f 849/766/2707 917/771/2707 918/767/2707
f 851/769/2708 852/781/2708 916/770/2708
f 917/771/2709 853/777/2709 854/772/2709
f 953/773/2710 954/814/2710 643/774/2710
f 920/776/2711 854/772/2711 853/777/2711
f 856/779/2712 920/776/2712 919/778/2712
f 852/781/2713 851/769/2713 921/782/2713
f 922/783/2714 921/782/2714 857/784/2714
f 587/786/2715 948/592/2715 950/594/2715
f 585/788/2716 946/813/2716 947/789/2716
f 929/791/2717 930/795/2717 662/485/2717
f 667/792/2718 932/584/2718 931/583/2718
f 664/794/2719 665/811/2719 930/795/2719
f 669/796/2720 937/805/2720 938/797/2720
f 669/796/2721 668/798/2721 935/587/2721
f 658/799/2722 657/759/2722 1078/800/2722
f 671/802/2723 939/807/2723 940/803/2723
f 937/805/2724 672/808/2724 673/806/2724
f 939/807/2725 673/806/2725 672/808/2725
f 671/802/2726 670/804/2726 941/809/2726
f 942/810/2727 941/809/2727 665/811/2727
f 944/590/2728 943/589/2728 660/812/2728
f 946/813/2729 675/488/2729 674/487/2729
f 858/785/2730 857/784/2730 954/814/2730
f 832/547/2731 656/743/2731 655/815/2731
f 959/816/2732 856/779/2732 855/780/2732
f 1087/817/2733 679/823/2733 680/818/2733
f 847/560/2734 846/559/2734 1091/820/2734
f 666/793/2735 1094/644/2735 1093/643/2735
f 1089/822/2736 680/818/2736 679/823/2736
f 982/825/2737 983/1138/2737 705/826/2737
f 692/828/2738 983/1138/2738 982/825/2738
f 708/830/2739 984/833/2739 985/831/2739
f 705/826/2740 985/831/2740 984/833/2740
f 710/834/2741 986/837/2741 987/835/2741
f 707/832/2742 987/835/2742 986/837/2742
f 704/838/2743 988/841/2743 989/839/2743
f 709/836/2744 989/839/2744 988/841/2744
f 1117/842/2745 1118/986/2745 684/843/2745
f 990/845/2746 991/1135/2746 714/846/2746
f 688/493/2747 991/1135/2747 990/845/2747
f 992/848/2748 993/851/2748 716/849/2748
f 993/851/2749 992/848/2749 715/847/2749
f 994/852/2750 995/855/2750 718/853/2750
f 995/855/2751 994/852/2751 717/850/2751
f 788/856/2752 996/2486/2752 997/857/2752
f 997/857/2753 996/2486/2753 719/854/2753
f 970/859/2754 971/1040/2754 621/860/2754
f 1088/824/2755 998/604/2755 1000/606/2755
f 786/862/2756 1001/866/2756 1002/863/2756
f 684/865/2757 1002/863/2757 1001/866/2757
f 729/868/2758 1003/872/2758 1004/869/2758
f 727/871/2759 1004/869/2759 1003/872/2759
f 1005/874/2760 1007/1174/2760 730/511/2760
f 1006/608/2761 1005/607/2761 697/498/2761
f 728/870/2762 1007/1174/2762 1006/875/2762
f 1091/641/2763 999/605/2763 998/604/2763
f 691/829/2764 1008/610/2764 1010/612/2764
f 1009/876/2765 1008/1861/2765 694/660/2765
f 731/512/2766 1010/612/2766 1009/611/2766
f 734/877/2767 1012/614/2767 1011/613/2767
f 733/878/2768 1014/880/2768 1015/879/2768
f 735/514/2769 1015/879/2769 1014/880/2769
f 754/881/2770 1016/884/2770 1017/882/2770
f 703/840/2771 1017/882/2771 1016/884/2771
f 1018/885/2772 1019/1181/2772 755/886/2772
f 753/883/2773 1019/1181/2773 1018/885/2773
f 758/888/2774 1020/891/2774 1021/889/2774
f 755/886/2775 1021/889/2775 1020/891/2775
f 1022/892/2776 1023/1133/2776 690/495/2776
f 757/890/2777 1023/1133/2777 1022/892/2777
f 726/873/2778 1024/895/2778 1025/893/2778
f 785/894/2779 1025/893/2779 1024/895/2779
f 1000/897/2780 999/1220/2780 914/582/2780
f 1092/642/2781 652/481/2781 654/483/2781
f 1026/898/2782 1027/899/2782 687/674/2782
f 1027/899/2783 1026/898/2783 788/856/2783
f 1028/900/2784 1029/1052/2784 794/901/2784
f 779/533/2785 1029/1052/2785 1028/900/2785
f 813/903/2786 1030/907/2786 1031/904/2786
f 782/906/2787 1031/904/2787 1030/907/2787
f 791/535/2788 1033/1199/2788 1032/909/2788
f 1032/909/2789 1033/1199/2789 795/902/2789
f 1035/617/2790 1034/616/2790 799/910/2790
f 781/908/2791 1037/914/2791 1038/912/2791
f 802/913/2792 1038/912/2792 1037/914/2792
f 780/534/2793 1039/1191/2793 1040/916/2793
f 1040/916/2794 1039/1191/2794 800/911/2794
f 1042/620/2795 1041/619/2795 806/542/2795
f 811/917/2796 1043/621/2796 1042/620/2796
f 801/915/2797 1041/619/2797 1043/621/2797
f 1045/623/2798 1044/622/2798 813/903/2798
f 740/679/2799 1048/626/2799 1047/625/2799
f 817/918/2800 1051/629/2800 1050/628/2800
f 820/672/2801 1053/922/2801 1054/920/2801
f 819/921/2802 1054/920/2802 1053/922/2802
f 825/924/2803 1055/928/2803 1056/925/2803
f 823/927/2804 1056/925/2804 1055/928/2804
f 1057/930/2805 1058/933/2805 828/931/2805
f 1058/933/2806 1057/930/2806 826/934/2806
f 1059/936/2807 1060/939/2807 830/937/2807
f 1060/939/2808 1059/936/2808 829/932/2808
f 818/923/2809 1061/941/2809 1062/940/2809
f 824/926/2810 1062/940/2810 1061/941/2810
f 1063/942/2811 1064/943/2811 827/935/2811
f 1064/943/2812 1063/942/2812 834/549/2812
f 738/519/2813 1066/1074/2813 1065/944/2813
f 822/929/2814 1067/633/2814 1066/632/2814
f 1065/631/2815 1067/633/2815 837/552/2815
f 742/520/2816 1069/1076/2816 1068/945/2816
f 1070/636/2817 1069/635/2817 835/550/2817
f 1068/634/2818 1070/636/2818 831/938/2818
f 842/946/2819 1072/638/2819 1071/637/2819
f 841/947/2820 1074/949/2820 1075/948/2820
f 843/556/2821 1075/948/2821 1074/949/2821
f 1084/744/2822 892/951/2822 893/950/2822
f 1086/819/2823 893/950/2823 892/951/2823
f 1103/952/2824 1104/963/2824 878/953/2824
f 1101/955/2825 1102/1232/2825 862/956/2825
f 877/958/2826 1102/1232/2826 1101/955/2826
f 1105/960/2827 1106/968/2827 880/961/2827
f 1104/963/2828 1103/952/2828 877/958/2828
f 1107/964/2829 1108/965/2829 881/962/2829
f 1108/965/2830 1107/964/2830 874/966/2830
f 1106/968/2831 1105/960/2831 879/954/2831
f 885/969/2832 1111/978/2832 1112/970/2832
f 1109/972/2833 1110/1229/2833 859/562/2833
f 883/973/2834 1110/1229/2834 1109/972/2834
f 887/975/2835 1113/982/2835 1114/976/2835
f 882/974/2836 1112/970/2836 1111/978/2836
f 886/977/2837 1115/2487/2837 1116/979/2837
f 1116/979/2838 1115/2487/2838 957/980/2838
f 884/971/2839 1114/976/2839 1113/982/2839
f 1119/983/2840 1120/990/2840 890/984/2840
f 1118/986/2841 1117/842/2841 955/987/2841
f 867/566/2842 1122/650/2842 1121/649/2842
f 894/571/2843 1123/1265/2843 1122/989/2843
f 1120/990/2844 1119/983/2844 888/991/2844
f 1124/652/2845 1126/654/2845 896/573/2845
f 864/747/2846 1125/1891/2846 1124/993/2846
f 1126/654/2847 1125/653/2847 863/957/2847
f 1121/994/2848 1123/1265/2848 891/985/2848
f 904/995/2849 905/998/2849 1080/996/2849
f 905/998/2850 904/995/2850 1083/761/2850
f 907/999/2851 906/671/2851 1079/801/2851
f 1128/656/2852 1127/655/2852 899/1000/2852
f 1130/1002/2853 1131/1003/2853 902/575/2853
f 1131/1003/2854 1130/1002/2854 900/1001/2854
f 1132/1004/2855 1133/1005/2855 875/967/2855
f 1133/1005/2856 1132/1004/2856 923/1006/2856
f 1136/1008/2857 1137/1016/2857 927/1009/2857
f 1134/1011/2858 1135/1276/2858 924/1007/2858
f 926/1012/2859 1135/1276/2859 1134/1011/2859
f 602/1014/2860 603/1028/2860 1099/647/2860
f 860/563/2861 1138/1227/2861 1139/1015/2861
f 1137/1016/2862 1136/1008/2862 926/1012/2862
f 1139/1015/2863 1138/1227/2863 928/1010/2863
f 1140/1017/2864 1141/1018/2864 889/992/2864
f 1141/1018/2865 1140/1017/2865 956/1019/2865
f 1144/1021/2866 1145/1055/2866 950/594/2866
f 965/1022/2867 1145/1055/2867 1144/1021/2867
f 957/980/2868 1143/675/2868 1142/1024/2868
f 1146/1025/2869 1147/1029/2869 977/1026/2869
f 603/1028/2870 602/1014/2870 1097/728/2870
f 1147/1029/2871 1146/1025/2871 951/1030/2871
f 964/1023/2872 1077/1296/2872 1076/1032/2872
f 1076/1032/2873 1077/1296/2873 962/596/2873
f 967/1033/2874 980/602/2874 979/601/2874
f 972/1035/2875 973/1038/2875 968/1036/2875
f 973/1038/2876 972/1035/2876 952/1031/2876
f 966/1034/2877 897/1269/2877 898/1039/2877
f 898/1039/2878 897/1269/2878 949/593/2878
f 683/492/2879 682/491/2879 971/1040/2879
f 682/491/2880 681/490/2880 969/1037/2880
f 977/1026/2881 975/599/2881 974/598/2881
f 721/506/2882 720/505/2882 910/764/2882
f 653/482/2883 652/481/2883 1081/997/2883
f 654/1041/2884 653/1770/2884 908/579/2884
f 724/509/2885 723/508/2885 817/1042/2885
f 690/495/2886 1149/1134/2886 1148/1044/2886
f 730/511/2887 1151/2480/2887 1150/1045/2887
f 834/549/654 1153/1217/654 1152/1046/654
f 1155/1047/2888 1154/1226/2888 860/563/2888
f 1157/1048/2889 1156/2488/2889 894/571/2889
f 463/281/2890 131/283/2890 586/790/2890
f 586/719/2891 131/2484/2891 376/35/2891
f 946/813/2892 585/788/2892 132/1049/2892
f 132/1050/2893 585/718/2893 777/720/2893
f 778/532/2894 1040/916/2894 208/1051/2894
f 1029/1052/2895 779/533/2895 588/722/2895
f 208/1054/2896 898/1039/2896 948/592/2896
f 588/787/2897 950/594/2897 1145/1055/2897
f 1008/610/2898 691/829/2898 590/1057/2898
f 691/829/2899 589/2489/2899 590/1057/2899
f 373/29/2900 694/660/2900 590/668/2900
f 701/1059/2901 589/2489/2901 691/829/2901
f 164/30/2902 591/658/2902 694/660/2902
f 592/661/2903 697/498/2903 1005/607/2903
f 693/659/2904 592/661/2904 732/1060/2904
f 374/32/2905 695/496/2905 591/658/2905
f 374/32/2906 165/31/2906 593/663/2906
f 594/662/2907 699/664/2907 1003/1061/2907
f 696/497/2908 594/662/2908 729/1062/2908
f 165/31/2909 375/33/2909 698/665/2909
f 375/33/2910 166/34/2910 595/716/2910
f 699/664/2911 596/666/2911 726/1063/2911
f 166/34/2912 395/134/2912 774/530/2912
f 596/666/2913 773/529/2913 1024/1064/2913
f 186/204/2914 599/465/2914 1071/637/2914
f 599/465/2915 598/464/2915 841/947/2915
f 599/465/2916 186/204/2916 413/203/2916
f 413/203/2917 242/206/2917 599/465/2917
f 1074/949/2918 841/947/2918 598/464/2918
f 597/463/2919 242/206/2919 414/207/2919
f 844/557/2920 1074/949/2920 760/698/2920
f 414/207/2921 243/208/2921 600/713/2921
f 601/700/2922 772/714/2922 421/223/2922
f 421/223/2923 845/558/2923 601/700/2923
f 243/208/2924 419/217/2924 771/715/2924
f 603/1028/2925 455/138/2925 266/304/2925
f 1096/727/2926 265/137/2926 455/138/2926
f 661/484/2927 1097/728/2927 602/1014/2927
f 929/791/2928 602/1014/2928 1098/646/2928
f 605/702/2929 250/233/2929 423/231/2929
f 415/209/2930 839/554/2930 604/701/2930
f 187/220/2931 424/234/2931 250/233/2931
f 838/553/2932 420/219/2932 187/220/2932
f 764/526/2933 426/241/2933 249/227/2933
f 768/707/2934 417/213/2934 245/212/2934
f 245/212/2935 416/211/2935 765/527/2935
f 606/705/2936 249/227/2936 422/224/2936
f 770/712/2937 425/237/2937 248/221/2937
f 419/217/2938 247/215/2938 609/710/2938
f 609/710/2939 247/215/2939 418/216/2939
f 248/221/2940 421/223/2940 772/714/2940
f 767/704/2941 422/224/2941 251/226/2941
f 769/708/2942 418/216/2942 246/214/2942
f 611/711/2943 246/214/2943 417/213/2943
f 610/706/2944 251/226/2944 425/237/2944
f 395/134/2945 167/133/2945 197/38/2945
f 167/133/2946 614/468/2946 613/467/2946
f 167/133/2947 394/132/2947 612/466/2947
f 394/132/2948 196/41/2948 612/466/2948
f 613/467/2949 776/717/2949 376/35/2949
f 377/44/2950 777/720/2950 612/466/2950
f 1147/1029/2951 797/1201/2951 616/1065/2951
f 615/733/2952 796/538/2952 1030/907/2952
f 813/903/2953 1044/622/2953 815/739/2953
f 814/1066/2954 975/599/2954 977/1026/2954
f 618/470/2955 806/542/2955 1041/619/2955
f 617/1067/2956 969/1037/2956 681/490/2956
f 801/915/2957 1037/914/2957 205/2490/2957
f 205/2490/2958 619/471/2958 801/915/2958
f 205/1069/2959 972/1035/2959 969/1037/2959
f 969/1037/2960 617/1067/2960 619/1068/2960
f 804/670/2961 683/492/2961 970/859/2961
f 811/917/2962 622/473/2962 807/544/2962
f 807/544/2963 1034/616/2963 1036/618/2963
f 805/735/2964 623/474/2964 810/737/2964
f 808/1070/2965 621/860/2965 971/1040/2965
f 971/1040/2966 981/603/2966 808/1070/2966
f 975/599/2967 814/1066/2967 624/2491/2967
f 624/2491/2968 366/435/2968 975/599/2968
f 625/476/2969 815/739/2969 1044/622/2969
f 1044/622/2970 1046/624/2970 232/201/2970
f 240/1071/2971 626/477/2971 625/476/2971
f 625/476/2972 232/201/2972 240/1071/2972
f 366/435/2973 624/2491/2973 240/1072/2973
f 624/2491/2974 626/2492/2974 240/1072/2974
f 738/519/2975 628/677/2975 823/1073/2975
f 234/192/2976 627/678/2976 741/518/2976
f 628/1075/2977 746/1080/2977 1056/925/2977
f 234/192/2978 408/193/2978 745/682/2978
f 739/517/2979 1065/944/2979 836/741/2979
f 407/189/2980 233/191/2980 631/480/2980
f 1048/626/2981 740/679/2981 631/480/2981
f 630/479/2982 835/740/2982 1069/1076/2982
f 743/1077/2983 1068/634/2983 830/937/2983
f 409/194/2984 235/190/2984 633/680/2984
f 235/190/2985 407/189/2985 744/522/2985
f 632/1078/2986 830/937/2986 1060/939/2986
f 746/1080/2987 635/1081/2987 824/926/2987
f 408/193/2988 236/198/2988 634/697/2988
f 635/1081/2989 751/1086/2989 1062/940/2989
f 236/198/2990 411/199/2990 752/694/2990
f 747/1079/2991 1060/939/2991 828/931/2991
f 237/195/2992 637/691/2992 749/688/2992
f 237/195/2993 409/194/2993 748/687/2993
f 636/1082/2994 828/931/2994 1058/933/2994
f 750/1083/2995 1058/933/2995 827/935/2995
f 238/197/2996 639/690/2996 789/729/2996
f 410/196/2997 749/688/2997 639/690/2997
f 638/1084/2998 827/935/2998 1064/943/2998
f 751/1086/2999 641/1087/2999 819/921/2999
f 411/199/3000 239/1299/3000 640/695/3000
f 641/1087/3001 783/1088/3001 1054/920/3001
f 640/695/3002 239/1299/3002 784/724/3002
f 239/1299/3003 1052/630/3003 784/724/3003
f 783/1088/3004 643/1090/3004 821/673/3004
f 954/1089/3005 906/671/3005 821/673/3005
f 1051/629/3006 817/918/3006 642/725/3006
f 723/508/3007 953/773/3007 642/775/3007
f 790/732/3008 1064/2072/3008 833/1091/3008
f 412/200/3009 789/729/3009 645/731/3009
f 833/1092/3010 655/1946/3010 959/816/3010
f 645/758/3011 960/757/3011 190/434/3011
f 647/2493/3012 863/957/3012 646/1094/3012
f 863/957/3013 1125/653/3013 646/1094/3013
f 646/755/3014 864/747/3014 460/264/3014
f 863/957/3015 647/2493/3015 871/1095/3015
f 864/747/3016 649/746/3016 295/269/3016
f 895/1096/3017 648/749/3017 865/745/3017
f 649/746/3018 866/565/3018 461/1097/3018
f 1122/650/3019 867/566/3019 648/749/3019
f 461/1097/3020 866/565/3020 651/753/3020
f 890/1098/3021 650/748/3021 868/567/3021
f 296/271/3022 651/753/3022 869/751/3022
f 1120/1099/3023 870/752/3023 650/748/3023
f 566/1100/3024 486/2417/3024 652/481/3024
f 908/579/3025 653/1770/3025 1080/1101/3025
f 1090/821/3026 654/1041/3026 911/578/3026
f 652/481/3027 486/2417/3027 561/1102/3027
f 487/1103/3028 563/1267/3028 1084/744/3028
f 655/815/3029 1085/742/3029 856/1104/3029
f 1152/1046/3030 487/1103/3030 656/743/3030
f 1083/761/3031 562/1273/3031 488/1106/3031
f 921/1107/3032 658/799/3032 1079/801/3032
f 851/1109/3033 1082/760/3033 658/799/3033
f 657/759/3034 488/1106/3034 560/1110/3034
f 462/272/3035 869/751/3035 660/812/3035
f 297/273/3036 660/812/3036 943/589/3036
f 889/1111/3037 659/750/3037 870/752/3037
f 1141/1112/3038 944/590/3038 659/750/3038
f 662/485/3039 930/795/3039 465/440/3039
f 1097/728/3040 661/484/3040 663/486/3040
f 663/486/3041 319/2485/3041 712/503/3041
f 46/437/3042 319/2485/3042 663/486/3042
f 663/486/3043 662/485/3043 435/441/3043
f 665/811/3044 437/442/3044 465/440/3044
f 368/1113/3045 942/810/3045 664/794/3045
f 664/794/3046 1098/646/3046 1100/648/3046
f 941/809/3047 320/451/3047 437/442/3047
f 666/793/3048 931/583/3048 151/457/3048
f 321/454/3049 316/453/3049 1094/644/3049
f 667/792/3050 1093/643/3050 464/443/3050
f 321/454/3051 666/793/3051 444/458/3051
f 668/798/3052 938/797/3052 345/456/3052
f 934/586/3053 456/445/3053 439/446/3053
f 937/805/3054 669/796/3054 439/446/3054
f 935/587/3055 668/798/3055 443/303/3055
f 939/807/3056 671/802/3056 442/455/3056
f 670/804/3057 940/803/3057 331/450/3057
f 942/810/3058 368/1113/3058 442/455/3058
f 670/804/3059 441/449/3059 320/451/3059
f 938/797/3060 673/806/3060 445/460/3060
f 672/808/3061 937/805/3061 351/447/3061
f 673/806/3062 939/807/3062 149/459/3062
f 940/803/3063 672/808/3063 440/448/3063
f 676/489/3064 298/374/3064 674/487/3064
f 298/374/3065 484/376/3065 330/279/3065
f 675/488/3066 946/813/3066 466/277/3066
f 329/274/3067 483/375/3067 675/488/3067
f 483/375/3068 298/374/3068 675/488/3068
f 674/487/3069 330/279/3069 463/281/3069
f 428/426/3070 678/763/3070 916/770/3070
f 909/577/3071 678/763/3071 428/426/3071
f 677/1114/3072 1080/996/3072 905/998/3072
f 1087/817/3073 564/2494/3073 489/1116/3073
f 680/818/3074 1089/822/3074 850/1117/3074
f 1086/819/3075 680/818/3075 918/1118/3075
f 489/1116/3076 565/1297/3076 1088/824/3076
f 968/1036/3077 119/386/3077 336/1120/3077
f 336/1120/3078 120/385/3078 971/1040/3078
f 685/844/3079 2/282/3079 278/280/3079
f 1118/1121/3080 575/1291/3080 490/1122/3080
f 142/37/3081 2/36/3081 685/867/3081
f 490/1122/3082 542/1195/3082 1002/1124/3082
f 686/1125/3083 1143/1292/3083 322/346/3083
f 551/1126/3084 491/2374/3084 687/674/3084
f 687/674/3085 491/2374/3085 584/1127/3085
f 686/1128/3086 1/99/3086 188/96/3086
f 7/66/3087 137/65/3087 1022/1130/3087
f 990/1132/3088 141/64/3088 7/66/3088
f 1023/1133/3089 549/1188/3089 1149/1134/3089
f 1148/1044/3090 537/1161/3090 991/1135/3090
f 545/1136/3091 492/2379/3091 692/828/3091
f 692/828/3092 492/2379/3092 533/1137/3092
f 702/501/3093 15/27/3093 700/499/3093
f 15/27/3094 163/25/3094 700/499/3094
f 982/1987/3095 706/1145/3095 701/500/3095
f 706/1145/3096 15/27/3096 701/500/3096
f 134/80/3097 8/84/3097 704/1139/3097
f 493/1141/3098 546/1182/3098 1017/882/3098
f 8/84/3099 145/1153/3099 988/1142/3099
f 536/1143/3100 493/1141/3100 703/840/3100
f 984/1144/3101 143/28/3101 15/27/3101
f 494/1146/3102 534/1152/3102 985/831/3102
f 983/1138/3103 533/1137/3103 494/1146/3103
f 144/1147/3104 16/1151/3104 708/1148/3104
f 495/1150/3105 535/1157/3105 987/835/3105
f 16/1151/3106 143/28/3106 984/1144/3106
f 534/1152/3107 495/1150/3107 707/832/3107
f 145/1153/3108 17/1156/3108 710/1154/3108
f 496/1155/3109 536/1143/3109 989/839/3109
f 17/1156/3110 144/1147/3110 986/1149/3110
f 535/1157/3111 496/1155/3111 709/836/3111
f 712/503/3112 319/2485/3112 713/504/3112
f 319/2485/3113 86/436/3113 713/504/3113
f 451/7/3114 711/502/3114 269/6/3114
f 711/502/3115 713/504/3115 269/6/3115
f 711/502/3116 451/7/3116 265/137/3116
f 992/1158/3117 140/112/3117 14/67/3117
f 497/1160/3118 538/1165/3118 993/851/3118
f 715/1159/3119 14/67/3119 141/64/3119
f 537/1161/3120 497/1160/3120 714/846/3120
f 994/1162/3121 139/108/3121 13/104/3121
f 498/1164/3122 539/1169/3122 995/855/3122
f 717/1163/3123 13/104/3123 140/112/3123
f 538/1165/3124 498/1164/3124 716/849/3124
f 996/1166/3125 138/114/3125 12/107/3125
f 499/1168/3126 540/1198/3126 997/857/3126
f 719/1167/3127 12/107/3127 139/108/3127
f 539/1169/3128 499/1168/3128 718/853/3128
f 94/405/3129 359/394/3129 722/507/3129
f 722/507/3130 721/506/3130 94/405/3130
f 359/394/3131 95/399/3131 722/507/3131
f 95/399/3132 367/423/3132 720/505/3132
f 848/561/3133 910/764/3133 720/505/3133
f 365/421/3134 128/420/3134 433/1170/3134
f 433/1170/3135 725/510/3135 724/509/3135
f 725/510/3136 433/1170/3136 953/773/3136
f 433/1170/3137 858/785/3137 953/773/3137
f 724/509/3138 816/1043/3138 66/1171/3138
f 1025/893/3139 550/2414/3139 500/1172/3139
f 500/1172/3140 543/2399/3140 1004/869/3140
f 728/870/3141 501/1175/3141 544/1173/3141
f 1004/869/3142 543/2399/3142 501/1175/3142
f 731/512/3143 1150/1045/3143 545/1136/3143
f 544/1173/3144 1151/2480/3144 730/511/3144
f 734/877/3145 1015/879/3145 144/1147/3145
f 1012/614/3146 734/877/3146 17/1156/3146
f 37/1176/3147 154/1177/3147 1014/880/3147
f 171/218/3148 37/1176/3148 733/878/3148
f 143/28/3149 16/1151/3149 735/514/3149
f 735/514/3150 737/516/3150 143/28/3150
f 1015/879/3151 735/514/3151 16/1151/3151
f 372/26/3152 737/516/3152 736/515/3152
f 736/515/3153 38/13/3153 372/26/3153
f 154/1177/3154 38/13/3154 736/515/3154
f 1018/1178/3155 135/77/3155 9/79/3155
f 502/1180/3156 547/1186/3156 1019/1181/3156
f 9/79/3157 134/80/3157 1016/1140/3157
f 546/1182/3158 502/1180/3158 753/883/3158
f 136/73/3159 10/75/3159 756/1183/3159
f 503/1185/3160 548/2410/3160 1021/889/3160
f 756/1183/3161 10/75/3161 135/77/3161
f 547/1186/3162 503/1185/3162 755/886/3162
f 137/65/3163 11/71/3163 758/1187/3163
f 757/890/3164 504/1189/3164 549/1188/3164
f 11/71/3165 136/73/3165 1020/1184/3165
f 1021/889/3166 548/2410/3166 504/1189/3166
f 763/525/3167 22/1190/3167 244/210/3167
f 244/210/3168 415/209/3168 763/525/3168
f 22/1190/3169 763/525/3169 252/230/3169
f 763/525/3170 762/524/3170 423/231/3170
f 766/528/3171 22/1190/3171 252/230/3171
f 252/230/3172 426/241/3172 766/528/3172
f 22/1190/3173 766/528/3173 416/211/3173
f 766/528/3174 765/527/3174 416/211/3174
f 786/862/3175 1024/1064/3175 773/529/3175
f 773/529/3176 775/531/3176 43/39/3176
f 774/530/3177 395/134/3177 43/39/3177
f 395/134/3178 197/38/3178 43/39/3178
f 48/155/3179 209/154/3179 1039/1191/3179
f 795/902/3180 48/155/3180 780/534/3180
f 4/1192/3181 205/2490/3181 1037/914/3181
f 1031/904/3182 782/906/3182 49/148/3182
f 781/908/3183 1030/907/3183 796/538/3183
f 796/538/3184 798/540/3184 781/908/3184
f 782/906/3185 1038/912/3185 206/1193/3185
f 505/1194/3186 550/2414/3186 1025/893/3186
f 43/39/3187 142/37/3187 1001/866/3187
f 542/1195/3188 505/1194/3188 785/894/3188
f 1026/1129/3189 188/96/3189 42/98/3189
f 506/1197/3190 551/1126/3190 1027/899/3190
f 788/1196/3191 42/98/3191 138/114/3191
f 540/1198/3192 506/1197/3192 787/858/3192
f 54/122/3193 202/141/3193 1033/1199/3193
f 169/129/3194 392/124/3194 792/536/3194
f 392/124/3195 793/537/3195 792/536/3195
f 392/124/3196 189/123/3196 791/535/3196
f 189/123/3197 54/122/3197 791/535/3197
f 792/536/3198 1032/909/3198 794/901/3198
f 52/47/3199 794/901/3199 1029/1052/3199
f 1033/1199/3200 194/153/3200 48/155/3200
f 797/1201/3201 1147/1029/3201 952/1031/3201
f 952/1031/3202 4/1289/3202 798/1200/3202
f 208/1051/3203 1040/916/3203 799/910/3203
f 800/911/3204 56/158/3204 204/157/3204
f 1034/616/3205 807/544/3205 809/546/3205
f 809/546/3206 55/1202/3206 1034/616/3206
f 1039/1191/3207 209/154/3207 56/158/3207
f 1038/912/3208 802/913/3208 57/150/3208
f 802/913/3209 1043/621/3209 203/151/3209
f 55/1203/3210 809/2495/3210 980/602/3210
f 809/2495/3211 808/1070/3211 980/602/3211
f 811/917/3212 58/152/3212 203/151/3212
f 58/152/3213 811/917/3213 1036/618/3213
f 1036/618/3214 1035/617/3214 58/152/3214
f 812/905/3215 53/142/3215 222/177/3215
f 812/905/3216 1031/904/3216 201/144/3216
f 66/1204/3217 816/919/3217 1050/628/3217
f 507/1205/3218 556/1210/3218 1061/941/3218
f 552/1206/3219 507/1205/3219 818/923/3219
f 907/999/3220 527/1274/3220 508/1207/3220
f 508/1207/3221 552/1206/3221 1053/922/3221
f 509/1208/3222 558/2426/3222 1067/633/3222
f 553/1209/3223 509/1208/3223 822/929/3223
f 556/1210/3224 510/1211/3224 825/924/3224
f 510/1211/3225 553/1209/3225 1055/928/3225
f 826/934/3226 511/1213/3226 557/1212/3226
f 1057/930/3227 554/1215/3227 511/1213/3227
f 555/1214/3228 512/2496/3228 829/932/3228
f 829/932/3229 512/2496/3229 554/1215/3229
f 1070/636/3230 559/1218/3230 513/1216/3230
f 831/938/3231 513/1216/3231 555/1214/3231
f 1063/942/3232 557/1212/3232 1153/1217/3232
f 837/552/3233 514/1219/3233 559/1218/3233
f 1067/633/3234 558/2426/3234 514/1219/3234
f 420/219/3235 838/553/3235 37/1176/3235
f 838/553/3236 840/555/3236 37/1176/3236
f 839/554/3237 415/209/3237 154/1177/3237
f 154/1177/3238 37/1176/3238 840/555/3238
f 261/245/3239 70/246/3239 842/946/3239
f 70/246/3240 257/247/3240 1072/638/3240
f 71/243/3241 261/245/3241 1075/948/3241
f 845/558/3242 421/223/3242 254/222/3242
f 254/222/3243 71/243/3243 843/556/3243
f 999/1220/3244 1091/820/3244 846/559/3244
f 153/424/3245 912/580/3245 848/561/3245
f 1089/822/3246 1000/606/3246 913/1221/3246
f 429/427/3247 849/766/3247 912/580/3247
f 21/428/3248 917/771/3248 849/766/3248
f 915/1115/3249 905/998/3249 1082/760/3249
f 430/432/3250 852/781/3250 922/783/3250
f 152/425/3251 916/770/3251 852/781/3251
f 431/431/3252 853/777/3252 917/771/3252
f 893/950/3253 1086/819/3253 854/1119/3253
f 919/778/3254 853/777/3254 431/431/3254
f 1085/742/3255 893/950/3255 920/1222/3255
f 855/780/3256 919/778/3256 20/430/3256
f 960/757/3257 855/780/3257 432/1223/3257
f 3/433/3258 922/783/3258 858/785/3258
f 857/1108/3259 1079/801/3259 906/671/3259
f 1139/1224/3260 273/311/3260 75/314/3260
f 1154/1226/3261 582/1285/3261 1138/1227/3261
f 1109/1228/3262 861/1225/3262 75/314/3262
f 1110/1229/3263 571/1253/3263 1155/1047/3263
f 862/956/3264 515/2434/3264 578/1230/3264
f 567/1231/3265 515/2434/3265 862/956/3265
f 294/265/3266 83/266/3266 872/569/3266
f 83/266/3267 873/570/3267 872/569/3267
f 83/266/3268 876/2091/3268 871/568/3268
f 876/2091/3269 1101/2085/3269 871/568/3269
f 874/1233/3270 76/326/3270 270/327/3270
f 1107/1235/3271 281/1250/3271 76/326/3271
f 1133/1005/3272 579/1278/3272 516/1236/3272
f 875/967/3273 516/1236/3273 570/1237/3273
f 1103/952/3274 568/1245/3274 517/1238/3274
f 517/1238/3275 567/1231/3275 1102/1232/3275
f 1104/1239/3276 876/2091/3276 83/266/3276
f 878/1240/3277 84/1243/3277 280/1241/3277
f 1104/1239/3278 279/268/3278 84/1243/3278
f 1105/960/3279 569/1249/3279 518/1244/3279
f 879/954/3280 518/1244/3280 568/1245/3280
f 1106/1242/3281 280/1241/3281 85/1246/3281
f 1108/965/3282 570/1237/3282 519/1248/3282
f 881/962/3283 519/1248/3283 569/1249/3283
f 880/1247/3284 85/1246/3284 281/1250/3284
f 882/1251/3285 1109/1228/3285 277/313/3285
f 1111/978/3286 572/1258/3286 520/1252/3286
f 883/973/3287 520/1252/3287 571/1253/3287
f 1112/1254/3288 882/1251/3288 82/312/3288
f 1114/1255/3289 884/1256/3289 81/354/3289
f 884/1256/3290 1112/1254/3290 276/356/3290
f 1113/982/3291 573/1261/3291 521/1257/3291
f 885/969/3292 521/1257/3292 572/1258/3292
f 886/1259/3293 1114/1255/3293 275/353/3293
f 1116/979/3294 574/1295/3294 522/1260/3294
f 887/975/3295 522/1260/3295 573/1261/3295
f 1115/1262/3296 886/1259/3296 80/352/3296
f 523/1263/3297 583/2467/3297 1140/1017/3297
f 1119/983/3298 576/2449/3298 523/1263/3298
f 577/1264/3299 524/1266/3299 891/985/3299
f 524/1266/3300 576/2449/3300 1119/983/3300
f 563/1267/3301 525/1268/3301 892/951/3301
f 525/1268/3302 564/2494/3302 1087/817/3302
f 578/1230/3303 1157/1048/3303 896/573/3303
f 894/571/3304 1156/2488/3304 577/1264/3304
f 208/1054/3305 55/1203/3305 967/1033/3305
f 897/1269/3306 966/1034/3306 118/392/3306
f 897/1269/3307 340/388/3307 112/390/3307
f 85/1246/3308 899/1000/3308 1127/655/3308
f 1130/1002/3309 285/1271/3309 102/1270/3309
f 280/1241/3310 1131/1003/3310 899/1000/3310
f 900/1001/3311 102/1270/3311 302/452/3311
f 84/1243/3312 902/575/3312 1131/1003/3312
f 104/257/3313 901/574/3313 459/267/3313
f 901/574/3314 903/576/3314 459/267/3314
f 902/575/3315 84/1243/3315 279/268/3315
f 279/268/3316 459/267/3316 903/576/3316
f 901/574/3317 104/257/3317 285/1271/3317
f 1081/997/3318 561/1102/3318 526/1272/3318
f 904/995/3319 526/1272/3319 562/1273/3319
f 1078/800/3320 560/1110/3320 527/1274/3320
f 1132/1234/3321 270/327/3321 77/328/3321
f 1135/1276/3322 580/1283/3322 528/1277/3322
f 924/1007/3323 528/1277/3323 579/1278/3323
f 1134/1279/3324 923/1275/3324 77/328/3324
f 925/1280/3325 78/322/3325 272/316/3325
f 925/1280/3326 1134/1279/3326 271/320/3326
f 1136/1008/3327 581/2461/3327 529/1282/3327
f 926/1012/3328 529/1282/3328 580/1283/3328
f 1137/1281/3329 272/316/3329 79/310/3329
f 582/1285/3330 530/1286/3330 928/1010/3330
f 530/1286/3331 581/2461/3331 1136/1008/3331
f 927/1284/3332 79/310/3332 273/311/3332
f 438/444/3333 87/1287/3333 933/585/3333
f 933/585/3334 932/584/3334 464/443/3334
f 151/457/3335 931/583/3335 933/585/3335
f 933/585/3336 87/1287/3336 446/302/3336
f 456/445/3337 934/586/3337 936/588/3337
f 936/588/3338 87/1287/3338 456/445/3338
f 446/302/3339 87/1287/3339 936/588/3339
f 936/588/3340 935/587/3340 45/301/3340
f 944/590/3341 1141/1112/3341 955/987/3341
f 955/987/3342 109/1288/3342 944/590/3342
f 330/279/3343 484/376/3343 109/1288/3343
f 484/376/3344 943/589/3344 109/1288/3344
f 949/593/3345 112/390/3345 964/1023/3345
f 972/1035/3346 205/1069/3346 4/1289/3346
f 338/387/3347 973/1038/3347 951/1030/3347
f 113/383/3348 951/1030/3348 1146/1025/3348
f 1117/842/3349 278/280/3349 109/1288/3349
f 1140/1017/3350 583/2467/3350 531/1290/3350
f 956/1019/3351 531/1290/3351 575/1291/3351
f 1143/1292/3352 957/1293/3352 108/347/3352
f 957/1293/3353 1115/1262/3353 274/360/3353
f 1142/1024/3354 584/1127/3354 532/1294/3354
f 958/981/3355 532/1294/3355 574/1295/3355
f 1077/1296/3356 335/381/3356 117/362/3356
f 117/362/3357 323/364/3357 962/596/3357
f 323/364/3358 481/368/3358 962/596/3358
f 965/1022/3359 1076/1032/3359 961/595/3359
f 963/597/3360 481/368/3360 961/595/3360
f 481/368/3361 300/373/3361 961/595/3361
f 1145/1055/3362 965/1022/3362 115/286/3362
f 112/390/3363 327/389/3363 1077/1296/3363
f 337/393/3364 118/392/3364 966/1034/3364
f 119/386/3365 968/1036/3365 973/1038/3365
f 981/603/3366 971/1040/3366 120/385/3366
f 120/385/3367 337/393/3367 979/601/3367
f 356/411/3368 974/598/3368 127/429/3368
f 974/598/3369 976/600/3369 366/435/3369
f 978/1027/3370 974/598/3370 356/411/3370
f 334/378/3371 1146/1025/3371 978/1027/3371
f 565/1297/3372 541/1298/3372 998/604/3372
f 541/1298/3373 566/1100/3373 1092/642/3373
f 1013/615/3374 146/83/3374 34/89/3374
f 34/89/3375 171/218/3375 1011/613/3375
f 145/1153/3376 8/84/3376 146/83/3376
f 146/83/3377 1013/615/3377 145/1153/3377
f 198/45/3378 1029/1052/3378 200/1053/3378
f 202/141/3379 44/146/3379 194/153/3379
f 232/201/3380 1046/624/3380 1045/623/3380
f 1045/623/3381 222/177/3381 64/179/3381
f 1049/627/3382 225/162/3382 29/171/3382
f 29/171/3383 234/192/3383 1047/625/3383
f 233/191/3384 30/163/3384 1048/626/3384
f 30/163/3385 225/162/3385 1049/627/3385
f 239/1299/3386 65/188/3386 231/187/3386
f 231/187/3387 1050/628/3387 239/1299/3387
f 18/202/3388 186/204/3388 1073/639/3388
f 186/204/3389 1071/637/3389 1073/639/3389
f 253/235/3390 1073/639/3390 74/248/3390
f 1073/639/3391 1072/638/3391 74/248/3391
f 327/389/3392 110/380/3392 335/381/3392
f 285/1271/3393 464/443/3393 1093/643/3393
f 1093/643/3394 1095/645/3394 285/1271/3394
f 102/1270/3395 1095/645/3395 1094/644/3395
f 1094/644/3396 316/453/3396 102/1270/3396
f 448/8/3397 368/1113/3397 1100/648/3397
f 1100/648/3398 1099/647/3398 448/8/3398
f 99/439/3399 282/323/3399 1129/657/3399
f 1129/657/3400 1128/656/3400 99/439/3400
f 282/323/3401 76/326/3401 281/1250/3401
f 281/1250/3402 1127/655/3402 1129/657/3402
f 200/1056/3403 1145/1055/3403 332/285/3403
f 1609/1300/3404 1176/1304/3404 1607/1301/3404
f 1425/1303/3405 1607/1301/3405 1176/1304/3405
f 1426/1306/3406 1608/1436/3406 1176/1304/3406
f 1610/1307/3407 1176/1304/3407 1605/1308/3407
f 1312/1310/3408 1527/1313/3408 1313/1311/3408
f 1527/1313/3409 1315/1316/3409 1196/1314/3409
f 1527/1313/3410 1314/1330/3410 1181/1315/3410
f 1180/1317/3411 1314/1330/3411 1527/1313/3411
f 1196/1314/3412 1315/1316/3412 1528/1318/3412
f 1316/1319/3413 1528/1318/3413 1319/1320/3413
f 1528/1318/3414 1317/1323/3414 1182/1322/3414
f 1315/1316/3415 1181/1315/3415 1317/1323/3415
f 1320/1324/3416 1180/1317/3416 1312/1310/3416
f 1172/1326/3417 1320/1324/3417 1529/1325/3417
f 1530/1328/3418 1321/1329/3418 1180/1317/3418
f 1321/1329/3419 1531/2168/3419 1314/1330/3419
f 1314/1330/3420 1531/2168/3420 1322/1331/3420
f 1181/1315/3421 1322/1331/3421 1532/1332/3421
f 1317/1323/3422 1532/1332/3422 1323/1333/3422
f 1533/1334/3423 1299/1338/3423 1159/1335/3423
f 1354/1337/3424 1200/2274/3424 1299/1338/3424
f 1353/1339/3425 1534/1342/3425 1348/1340/3425
f 1534/1342/3426 1289/2159/3426 1163/1343/3426
f 1352/1344/3427 1535/1347/3427 1355/1345/3427
f 1535/1347/3428 1290/1349/3428 1208/1348/3428
f 1348/1340/3429 1163/1343/3429 1290/1349/3429
f 1204/1341/3430 1348/1340/3430 1535/1347/3430
f 1183/1350/3431 1329/1356/3431 1536/1351/3431
f 1331/1352/3432 1536/1351/3432 1367/1353/3432
f 1536/1351/3433 1332/1357/3433 1217/1355/3433
f 1329/1356/3434 1184/1358/3434 1332/1357/3434
f 1184/1358/3435 1330/1362/3435 1537/1359/3435
f 1332/1357/3436 1537/1359/3436 1368/1360/3436
f 1333/1361/3437 1218/1386/3437 1368/1360/3437
f 1330/1362/3438 1185/1376/3438 1333/1361/3438
f 1294/1363/3439 1538/1366/3439 1298/1364/3439
f 1538/1366/3440 1342/1369/3440 1171/1367/3440
f 1334/1368/3441 1183/1350/3441 1342/1369/3441
f 1168/1370/3442 1334/1368/3442 1538/1366/3442
f 1168/1370/3443 1293/1372/3443 1539/1371/3443
f 1334/1368/3444 1539/1371/3444 1329/1356/3444
f 1539/1371/3445 1335/1373/3445 1184/1358/3445
f 1293/1372/3446 1167/1374/3446 1335/1373/3446
f 1167/1374/3447 1292/1377/3447 1540/1375/3447
f 1335/1373/3448 1540/1375/3448 1330/1362/3448
f 1540/1375/3449 1336/1378/3449 1185/1376/3449
f 1292/1377/3450 1166/1380/3450 1336/1378/3450
f 1291/1379/3451 1541/1381/3451 1336/1378/3451
f 1541/1381/3452 1337/1383/3452 1185/1376/3452
f 1303/1382/3453 1191/1500/3453 1337/1383/3453
f 1165/1384/3454 1303/1382/3454 1541/1381/3454
f 1337/1383/3455 1542/1387/3455 1333/1361/3455
f 1333/1361/3456 1542/1387/3456 1338/1385/3456
f 1542/1387/3457 1304/1389/3457 1192/1388/3457
f 1337/1383/3458 1191/1500/3458 1304/1389/3458
f 1218/1386/3459 1338/1385/3459 1543/1390/3459
f 1370/1391/3460 1543/1390/3460 1339/1392/3460
f 1543/1390/3461 1305/1395/3461 1193/1394/3461
f 1338/1385/3462 1192/1388/3462 1305/1395/3462
f 1349/1396/3463 1544/1399/3463 1345/1397/3463
f 1544/1399/3464 1287/1402/3464 1158/1400/3464
f 1373/1401/3465 1162/1480/3465 1287/1402/3465
f 1207/1403/3466 1373/1401/3466 1544/1399/3466
f 1170/1404/3467 1341/1410/3467 1545/1405/3467
f 1545/1405/3468 1340/1409/3468 1169/1407/3468
f 1369/1408/3469 1189/1416/3469 1340/1409/3469
f 1341/1410/3470 1216/1354/3470 1369/1408/3470
f 1342/1369/3471 1546/1412/3471 1297/1411/3471
f 1297/1411/3472 1546/1412/3472 1341/1410/3472
f 1546/1412/3473 1331/1352/3473 1216/1354/3473
f 1342/1369/3474 1183/1350/3474 1331/1352/3474
f 1340/1409/3475 1547/1414/3475 1295/1413/3475
f 1547/1414/3476 1349/1396/3476 1199/1398/3476
f 1372/1415/3477 1207/1403/3477 1349/1396/3477
f 1189/1416/3478 1372/1415/3478 1547/1414/3478
f 1190/1393/3479 1339/1392/3479 1548/1417/3479
f 1371/1418/3480 1548/1417/3480 1356/1419/3480
f 1548/1417/3481 1346/1422/3481 1211/1421/3481
f 1339/1392/3482 1193/1394/3482 1346/1422/3482
f 1193/1394/3483 1327/1425/3483 1549/1423/3483
f 1198/1424/3484 1326/1427/3484 1549/1423/3484
f 1198/1424/3485 1318/1428/3485 1550/1426/3485
f 1550/1426/3486 1352/1344/3486 1209/1346/3486
f 1550/1426/3487 1325/1429/3487 1204/1341/3487
f 1318/1428/3488 1197/1321/3488 1325/1429/3488
f 1197/1321/3489 1319/1320/3489 1551/1430/3489
f 1325/1429/3490 1551/1430/3490 1353/1339/3490
f 1319/1320/3491 1182/1322/3491 1324/1431/3491
f 1182/1322/3492 1323/1333/3492 1552/1432/3492
f 1420/1433/3493 1611/1305/3493 1176/1304/3493
f 1422/1435/3494 1612/1595/3494 1176/1304/3494
f 1606/1434/3495 1176/1304/3495 1610/1307/3495
f 1359/1438/3496 1554/1439/3496 1356/1419/3496
f 1554/1439/3497 1358/1441/3497 1210/1420/3497
f 1350/1440/3498 1206/1445/3498 1358/1441/3498
f 1201/1442/3499 1350/1440/3499 1554/1439/3499
f 1364/1443/3500 1555/1444/3500 1350/1440/3500
f 1555/1444/3501 1363/1447/3501 1206/1445/3501
f 1555/1444/3502 1360/2283/3502 1214/1446/3502
f 1215/1448/3503 1360/2283/3503 1555/1444/3503
f 1366/1449/3504 1556/1452/3504 1351/1450/3504
f 1556/1452/3505 1364/1443/3505 1201/1442/3505
f 1361/1453/3506 1215/1448/3506 1364/1443/3506
f 1213/1454/3507 1361/1453/3507 1556/1452/3507
f 1217/1355/3508 1374/1458/3508 1557/1455/3508
f 1557/1455/3509 1375/1457/3509 1216/1354/3509
f 1382/1456/3510 1186/1466/3510 1375/1457/3510
f 1374/1458/3511 1187/1460/3511 1382/1456/3511
f 1218/1386/3512 1376/1461/3512 1558/1459/3512
f 1368/1360/3513 1558/1459/3513 1374/1458/3513
f 1558/1459/3514 1383/1462/3514 1187/1460/3514
f 1376/1461/3515 1188/1468/3515 1383/1462/3515
f 1375/1457/3516 1559/1463/3516 1369/1408/3516
f 1559/1463/3517 1377/1465/3517 1189/1416/3517
f 1384/1464/3518 1219/1478/3518 1377/1465/3518
f 1186/1466/3519 1384/1464/3519 1559/1463/3519
f 1190/1393/3520 1378/1469/3520 1560/1467/3520
f 1370/1391/3521 1560/1467/3521 1376/1461/3521
f 1560/1467/3522 1385/1470/3522 1188/1468/3522
f 1378/1469/3523 1220/1472/3523 1385/1470/3523
f 1210/1420/3524 1379/1473/3524 1561/1471/3524
f 1371/1418/3525 1561/1471/3525 1378/1469/3525
f 1561/1471/3526 1386/1474/3526 1220/1472/3526
f 1379/1473/3527 1221/1490/3527 1386/1474/3527
f 1377/1465/3528 1562/1475/3528 1372/1415/3528
f 1562/1475/3529 1380/1477/3529 1207/1403/3529
f 1387/1476/3530 1222/1483/3530 1380/1477/3530
f 1219/1478/3531 1387/1476/3531 1562/1475/3531
f 1380/1477/3532 1563/1479/3532 1373/1401/3532
f 1563/1479/3533 1381/1482/3533 1162/1480/3533
f 1388/1481/3534 1223/2252/3534 1381/1482/3534
f 1222/1483/3535 1388/1481/3535 1563/1479/3535
f 1188/1468/3536 1392/1489/3536 1564/1484/3536
f 1383/1462/3537 1564/1484/3537 1390/1485/3537
f 1391/1486/3538 1565/1487/3538 1384/1464/3538
f 1565/1487/3539 1393/1493/3539 1219/1478/3539
f 1220/1472/3540 1394/1492/3540 1566/1488/3540
f 1385/1470/3541 1566/1488/3541 1392/1489/3541
f 1221/1490/3542 1395/2185/3542 1567/1491/3542
f 1386/1474/3543 1567/1491/3543 1394/1492/3543
f 1393/1493/3544 1568/1494/3544 1387/1476/3544
f 1568/1494/3545 1396/2187/3545 1222/1483/3545
f 1569/1495/3546 1395/2185/3546 1221/1490/3546
f 1175/1497/3547 1343/2497/3547 1570/1498/3547
f 1570/1498/3548 1304/1389/3548 1191/1500/3548
f 1399/1501/3549 1192/1388/3549 1304/1389/3549
f 1571/1502/3550 1305/1395/3550 1192/1388/3550
f 1400/1503/3551 1193/1394/3551 1305/1395/3551
f 1572/1504/3552 1311/2264/3552 1195/1312/3552
f 1573/1506/3553 1313/1311/3553 1196/1314/3553
f 1401/1505/3554 1195/1312/3554 1313/1311/3554
f 1574/1508/3555 1316/1319/3555 1197/1321/3555
f 1402/1507/3556 1196/1314/3556 1316/1319/3556
f 1404/1510/3557 1575/1511/3557 1318/1428/3557
f 1575/1511/3558 1403/1509/3558 1197/1321/3558
f 1400/1503/3559 1576/1512/3559 1327/1425/3559
f 1576/1512/3560 1404/1510/3560 1198/1424/3560
f 1398/1499/3561 1191/1500/3561 1328/1513/3561
f 1175/1497/3562 1398/1499/3562 1577/1514/3562
f 1405/1516/3563 1578/2173/3563 1411/1517/3563
f 1579/1519/3564 1408/1535/3564 1229/1520/3564
f 1406/1522/3565 1579/1519/3565 1412/1521/3565
f 1409/1524/3566 1230/1538/3566 1413/1525/3566
f 1580/1526/3567 1413/1525/3567 1226/1527/3567
f 1175/1497/3568 1344/1515/3568 1581/1529/3568
f 1581/1529/3569 1407/1528/3569 1226/1527/3569
f 1410/1530/3570 1581/1529/3570 1415/1531/3570
f 1582/1533/3571 1405/1516/3571 1224/1518/3571
f 1408/1535/3572 1582/1533/3572 1416/1534/3572
f 1406/1522/3573 1225/1523/3573 1417/1536/3573
f 1583/1537/3574 1417/1536/3574 1230/1538/3574
f 1228/1539/3575 1418/1542/3575 1584/1540/3575
f 1227/1541/3576 1414/1543/3576 1584/1540/3576
f 1231/1532/3577 1415/1531/3577 1584/1540/3577
f 1413/1525/3578 1584/1540/3578 1415/1531/3578
f 1230/1538/3579 1417/1536/3579 1584/1540/3579
f 1225/1523/3580 1412/1521/3580 1584/1540/3580
f 1416/1534/3581 1584/1540/3581 1412/1521/3581
f 1411/1517/3582 1584/1540/3582 1416/1534/3582
f 1614/1544/3583 1446/1555/3583 1246/1545/3583
f 1614/1544/3584 1445/1546/3584 1245/1547/3584
f 1262/1549/3585 1446/1555/3585 1614/1544/3585
f 1444/1550/3586 1614/1544/3586 1443/1548/3586
f 1615/1552/3587 1450/1557/3587 1247/1553/3587
f 1446/1555/3588 1615/1552/3588 1448/1554/3588
f 1447/1556/3589 1263/1662/3589 1450/1557/3589
f 1262/1549/3590 1447/1556/3590 1615/1552/3590
f 1245/1547/3591 1452/1563/3591 1617/1558/3591
f 1616/1560/3592 1451/1559/3592 1240/1561/3592
f 1443/1548/3593 1245/1547/3593 1451/1559/3593
f 1445/1546/3594 1618/1565/3594 1452/1563/3594
f 1445/1546/3595 1246/1545/3595 1453/1564/3595
f 1246/1545/3596 1448/1554/3596 1619/1566/3596
f 1448/1554/3597 1247/1553/3597 1454/1567/3597
f 1481/1568/3598 1623/1571/3598 1486/1569/3598
f 1163/1343/3599 1289/2159/3599 1623/1571/3599
f 1487/1572/3600 1620/1575/3600 1435/1573/3600
f 1620/1575/3601 1288/1336/3601 1159/1335/3601
f 1489/1576/3602 1624/1579/3602 1485/1577/3602
f 1208/1348/3603 1290/1349/3603 1624/1579/3603
f 1248/1580/3604 1462/1583/3604 1625/1581/3604
f 1462/1583/3605 1278/1640/3605 1498/1584/3605
f 1624/1579/3606 1481/1568/3606 1268/1570/3606
f 1290/1349/3607 1163/1343/3607 1481/1568/3607
f 1249/1585/3608 1463/1588/3608 1626/1586/3608
f 1463/1588/3609 1279/1590/3609 1499/1589/3609
f 1460/1582/3610 1625/1581/3610 1463/1588/3610
f 1625/1581/3611 1498/1584/3611 1279/1590/3611
f 1425/1303/3612 1611/1305/3612 1202/1591/3612
f 1611/1305/3613 1420/1433/3613 1600/1593/3613
f 1423/1594/3614 1605/1308/3614 1176/1304/3614
f 1461/1587/3615 1626/1586/3615 1464/1596/3615
f 1499/1589/3616 1281/1629/3616 1464/1596/3616
f 1475/1598/3617 1248/1580/3617 1466/1599/3617
f 1627/1600/3618 1466/1599/3618 1236/1601/3618
f 1239/1603/3619 1475/1598/3619 1627/1600/3619
f 1434/1604/3620 1627/1600/3620 1430/1602/3620
f 1628/1606/3621 1460/1582/3621 1249/1585/3621
f 1429/1608/3622 1628/1606/3622 1467/1607/3622
f 1466/1599/3623 1248/1580/3623 1460/1582/3623
f 1236/1601/3624 1466/1599/3624 1628/1606/3624
f 1629/1610/3625 1461/1587/3625 1250/1597/3625
f 1428/1612/3626 1629/1610/3626 1468/1611/3626
f 1467/1607/3627 1249/1585/3627 1461/1587/3627
f 1235/1609/3628 1467/1607/3628 1629/1610/3628
f 1469/1614/3629 1256/1622/3629 1439/1615/3629
f 1630/1616/3630 1439/1615/3630 1233/1617/3630
f 1250/1597/3631 1469/1614/3631 1630/1616/3631
f 1468/1611/3632 1630/1616/3632 1427/1618/3632
f 1631/1619/3633 1470/1623/3633 1257/1620/3633
f 1469/1614/3634 1631/1619/3634 1440/1621/3634
f 1464/1596/3635 1281/1629/3635 1470/1623/3635
f 1464/1596/3636 1631/1619/3636 1469/1614/3636
f 1632/1624/3637 1471/1628/3637 1258/1625/3637
f 1470/1623/3638 1632/1624/3638 1441/1626/3638
f 1501/1627/3639 1255/1655/3639 1471/1628/3639
f 1281/1629/3640 1501/1627/3640 1632/1624/3640
f 1287/1402/3641 1162/1480/3641 1506/1630/3641
f 1633/1631/3642 1506/1630/3642 1271/1632/3642
f 1158/1400/3643 1287/1402/3643 1633/1631/3643
f 1479/1634/3644 1633/1631/3644 1482/1633/3644
f 1472/1636/3645 1254/1648/3645 1500/1637/3645
f 1474/1639/3646 1634/1638/3646 1500/1637/3646
f 1237/1641/3647 1472/1636/3647 1634/1638/3647
f 1238/1643/3648 1432/1642/3648 1634/1638/3648
f 1635/1644/3649 1474/1639/3649 1278/1640/3649
f 1475/1598/3650 1635/1644/3650 1462/1583/3650
f 1433/1645/3651 1238/1643/3651 1474/1639/3651
f 1433/1645/3652 1635/1644/3652 1475/1598/3652
f 1482/1633/3653 1271/1632/3653 1504/1646/3653
f 1636/1647/3654 1504/1646/3654 1254/1648/3654
f 1265/1635/3655 1482/1633/3655 1636/1647/3655
f 1431/1649/3656 1636/1647/3656 1472/1636/3656
f 1637/1650/3657 1490/1654/3657 1274/1651/3657
f 1471/1628/3658 1637/1650/3658 1480/1652/3658
f 1503/1653/3659 1273/1672/3659 1490/1654/3659
f 1255/1655/3660 1503/1653/3660 1637/1650/3660
f 1638/1656/3661 1457/1663/3661 1264/1657/3661
f 1258/1625/3662 1480/1652/3662 1638/1656/3662
f 1639/1659/3663 1485/1577/3663 1268/1570/3663
f 1449/1661/3664 1639/1659/3664 1456/1660/3664
f 1272/1578/3665 1485/1577/3665 1639/1659/3665
f 1264/1657/3666 1457/1663/3666 1639/1659/3666
f 1450/1557/3667 1640/1665/3667 1455/1664/3667
f 1456/1660/3668 1268/1570/3668 1486/1569/3668
f 1263/1662/3669 1456/1660/3669 1640/1665/3669
f 1247/1553/3670 1455/1664/3670 1641/1666/3670
f 1491/1667/3671 1270/1673/3671 1483/1668/3671
f 1593/1669/3672 1483/1668/3672 1267/1670/3672
f 1273/1672/3673 1491/1667/3673 1593/1669/3673
f 1490/1654/3674 1593/1669/3674 1492/1671/3674
f 1270/1673/3675 1495/2364/3675 1515/1674/3675
f 1483/1668/3676 1515/1674/3676 1496/1675/3676
f 1515/1674/3677 1493/1678/3677 1277/1676/3677
f 1515/1674/3678 1495/2364/3678 1276/1677/3678
f 1484/1679/3679 1465/1682/3679 1497/1680/3679
f 1267/1670/3680 1496/1675/3680 1465/1682/3680
f 1465/1682/3681 1494/1684/3681 1275/1683/3681
f 1496/1675/3682 1277/1676/3682 1494/1684/3682
f 1509/1685/3683 1251/1697/3683 1516/1686/3683
f 1507/1688/3684 1286/1687/3684 1516/1686/3684
f 1278/1640/3685 1509/1685/3685 1286/1687/3685
f 1279/1590/3686 1498/1584/3686 1286/1687/3686
f 1280/1690/3687 1507/1688/3687 1252/1689/3687
f 1510/1692/3688 1280/1690/3688 1517/1691/3688
f 1499/1589/3689 1279/1590/3689 1507/1688/3689
f 1281/1629/3690 1499/1589/3690 1280/1690/3690
f 1511/1694/3691 1282/1709/3691 1518/1695/3691
f 1260/1696/3692 1518/1695/3692 1251/1697/3692
f 1254/1648/3693 1511/1694/3693 1260/1696/3693
f 1500/1637/3694 1260/1696/3694 1509/1685/3694
f 1642/1698/3695 1510/1692/3695 1253/1693/3695
f 1512/1700/3696 1642/1698/3696 1519/1699/3696
f 1501/1627/3697 1281/1629/3697 1510/1692/3697
f 1255/1655/3698 1501/1627/3698 1642/1698/3698
f 1503/1653/3699 1255/1655/3699 1512/1700/3699
f 1273/1672/3700 1503/1653/3700 1553/1702/3700
f 1513/1703/3701 1553/1702/3701 1520/1704/3701
f 1553/1702/3702 1512/1700/3702 1283/1701/3702
f 1271/1632/3703 1514/1707/3703 1526/1706/3703
f 1504/1646/3704 1526/1706/3704 1511/1694/3704
f 1506/1630/3705 1505/1708/3705 1514/1707/3705
f 1162/1480/3706 1381/1482/3706 1505/1708/3706
f 1526/1706/3707 1521/1710/3707 1282/1709/3707
f 1514/1707/3708 1285/1711/3708 1521/1710/3708
f 1505/1708/3709 1522/1712/3709 1285/1711/3709
f 1381/1482/3710 1223/2252/3710 1522/1712/3710
f 1517/1691/3711 1252/1689/3711 1524/1713/3711
f 1253/1693/3712 1517/1691/3712 1310/1714/3712
f 1282/1709/3713 1587/1722/3713 1309/1716/3713
f 1518/1695/3714 1309/1716/3714 1585/1717/3714
f 1519/1699/3715 1253/1693/3715 1586/1715/3715
f 1283/1701/3716 1519/1699/3716 1178/1718/3716
f 1284/1705/3717 1520/1704/3717 1177/1720/3717
f 1520/1704/3718 1283/1701/3718 1588/1719/3718
f 1521/1710/3719 1160/1723/3719 1587/1722/3719
f 1285/1711/3720 1590/2251/3720 1160/1723/3720
f 1284/1705/3721 1589/1721/3721 1347/1724/3721
f 1243/1726/3722 1591/1729/3722 1203/1727/3722
f 1256/1622/3723 1440/1621/3723 1203/1727/3723
f 1257/1620/3724 1441/1626/3724 1622/1730/3724
f 1440/1621/3725 1257/1620/3725 1592/1731/3725
f 1441/1626/3726 1258/1625/3726 1594/1732/3726
f 1261/1551/3727 1442/2353/3727 1621/1733/3727
f 1262/1549/3728 1444/1550/3728 1613/1735/3728
f 1263/1662/3729 1447/1556/3729 1508/1737/3729
f 1444/1550/3730 1261/1551/3730 1595/1734/3730
f 1598/1739/3731 1264/1657/3731 1449/1661/3731
f 1447/1556/3732 1262/1549/3732 1596/1736/3732
f 1488/1740/3733 1449/1661/3733 1263/1662/3733
f 1477/1741/3734 1458/1658/3734 1264/1657/3734
f 1594/1732/3735 1258/1625/3735 1458/1658/3735
f 1459/1742/3736 1256/1622/3736 1591/1729/3736
f 1473/1743/3737 1591/1729/3737 1243/1726/3737
f 1599/1745/3738 1419/1309/3738 1605/1308/3738
f 1502/1747/3739 1606/1434/3739 1424/1437/3739
f 1600/1593/3740 1420/1433/3740 1606/1434/3740
f 1607/1301/3741 1425/1303/3741 1603/1592/3741
f 1421/1302/3742 1607/1301/3742 1308/1749/3742
f 1306/1751/3743 1610/1307/3743 1419/1309/3743
f 1602/1748/3744 1424/1437/3744 1610/1307/3744
f 1604/1752/3745 1426/1306/3745 1609/1300/3745
f 1307/1753/3746 1609/1300/3746 1421/1302/3746
f 1243/1726/3747 1604/1752/3747 1307/1753/3747
f 1777/1763/1444 1780/1938/1444 1779/1764/1444
f 1898/518/3748 1897/679/3748 1896/517/3748
f 1963/1817/1467 1962/1937/1467 1961/1818/1467
f 2068/578/3749 2067/764/3749 2066/577/3749
f 1850/1895/3750 1749/2166/3750 1748/1896/3750
f 1748/1896/3751 1749/2166/3751 1854/1783/3751
f 1852/1782/3752 1853/1784/3752 1751/1898/3752
f 1750/1899/3753 1751/1898/3753 1856/1900/3753
f 1855/1901/3754 1856/1900/3754 1753/1902/3754
f 1746/667/3755 1747/668/3755 1857/499/3755
f 1960/669/3756 1961/670/3756 1840/492/3756
f 1977/1904/3757 2064/2113/3757 2063/1905/3757
f 1844/1907/3758 1843/1125/3758 2300/1292/3758
f 1785/677/3759 1784/678/3759 1898/518/3759
f 1897/679/3760 1788/480/3760 1786/478/3760
f 1787/479/3761 1788/480/3761 1901/522/3761
f 1900/521/3762 1901/522/3762 1790/680/3762
f 1784/678/3763 1785/677/3763 1903/681/3763
f 1902/682/3764 1903/681/3764 1792/683/3764
f 1790/680/3765 1905/687/3765 1904/684/3765
f 1905/687/3766 1794/691/3766 1793/686/3766
f 1795/689/3767 1907/692/3767 1906/688/3767
f 1907/692/3768 1793/686/3768 1794/691/3768
f 1798/693/3769 1797/695/3769 1909/694/3769
f 1908/696/3770 1909/694/3770 1791/697/3770
f 1754/1754/3771 1755/1756/3771 1917/1909/3771
f 1916/1910/3772 1917/1909/3772 1758/1911/3772
f 1761/1913/3773 1918/1799/3773 1919/1801/3773
f 1921/1802/3774 1922/1804/3774 1764/1915/3774
f 1764/1915/3775 1925/1918/3775 1924/1917/3775
f 1925/1918/3776 1768/1924/3776 1767/1919/3776
f 1765/1920/3777 1927/1923/3777 1926/1921/3777
f 1927/1923/3778 1767/1919/3778 1768/1924/3778
f 1757/1912/3779 1758/1911/3779 1929/1925/3779
f 1928/1926/3780 1929/1925/3780 1765/1920/3780
f 1752/1903/3781 1753/1902/3781 1930/1805/3781
f 1742/1927/3782 1934/1930/3782 1933/1928/3782
f 1934/1930/3783 1769/1757/3783 1770/1759/3783
f 1744/1931/3784 1935/1808/3784 1936/1810/3784
f 1800/723/3785 1799/725/3785 1941/724/3785
f 1940/726/3786 1941/724/3786 1797/695/3786
f 2253/1933/3787 1868/1785/3787 1869/1787/3787
f 1801/730/3788 1947/732/3788 1946/729/3788
f 1947/732/3789 1795/689/3789 1796/690/3789
f 1772/1935/1546 1953/1814/1546 1954/1816/1546
f 1777/1763/1547 1961/1818/1547 1962/1937/1547
f 1963/1817/1548 1960/1819/1548 1774/1760/1548
f 1965/1822/1549 1778/1765/1549 1779/1764/1549
f 1779/1764/3790 1780/1938/3790 1967/1939/3790
f 1782/1768/1551 1972/1942/1551 1971/1941/1551
f 1972/1942/3791 1772/1935/3791 1773/1936/3791
f 1992/740/3792 1993/741/3792 1786/478/3792
f 1762/1914/3793 1995/2174/3793 1996/1943/3793
f 2242/1944/3794 2241/2078/3794 1813/1945/3794
f 2022/1947/3795 2021/2107/3795 1806/1948/3795
f 2023/1831/3796 1808/1954/3796 1807/1950/3796
f 1806/1948/3797 2023/1831/3797 2024/1833/3797
f 2026/1951/3798 1817/1978/3798 1816/1952/3798
f 1808/1954/3799 2026/1951/3799 2027/1953/3799
f 1804/754/3800 2028/568/3800 2029/569/3800
f 1801/756/3801 1802/758/3801 2117/757/3801
f 2239/1955/3802 1815/1968/3802 1814/1956/3802
f 1834/762/3803 2065/579/3803 2066/577/3803
f 2003/559/3804 2071/582/3804 2069/580/3804
f 2067/764/3805 2068/578/3805 2004/560/3805
f 1835/763/3806 2073/770/3806 2072/765/3806
f 2070/581/3807 2007/768/3807 2006/766/3807
f 2006/766/3808 2007/768/3808 2075/767/3808
f 2073/770/3809 2009/781/3809 2008/769/3809
f 2074/771/3810 2075/767/3810 2011/772/3810
f 1800/774/3811 2111/814/3811 2110/773/3811
f 2077/776/3812 2076/778/3812 2010/777/3812
f 2013/779/3813 2012/780/3813 2076/778/3813
f 2078/782/3814 2008/769/3814 2009/781/3814
f 2014/784/3815 2078/782/3815 2079/783/3815
f 1744/1931/3816 1745/1932/3816 2107/1849/3816
f 1742/1927/3817 1743/1929/3817 2104/1958/3817
f 1819/1773/3818 2087/1962/3818 2086/1960/3818
f 1824/1961/3819 1823/1982/3819 2088/1839/3819
f 2087/1962/3820 1822/1977/3820 1821/1963/3820
f 1826/1964/3821 1825/2208/3821 2095/1965/3821
f 2092/1844/3822 1825/2208/3822 1826/1964/3822
f 2235/1967/3823 1814/1956/3823 1815/1968/3823
f 1828/1970/3824 1827/2209/3824 2097/1971/3824
f 2094/1966/3825 2095/1965/3825 1830/1973/3825
f 2096/1972/3826 2097/1971/3826 1829/1974/3826
f 2098/1975/3827 1827/2209/3827 1828/1970/3827
f 1822/1977/3828 2098/1975/3828 2099/1976/3828
f 1817/1978/3829 2100/1845/3829 2101/1847/3829
f 2103/1959/3830 2104/1958/3830 1831/1774/3830
f 2111/814/3831 2014/784/3831 2015/785/3831
f 1989/1823/3832 1990/1092/3832 1812/1946/3832
f 2116/816/3833 2117/757/3833 2012/780/3833
f 2244/1979/3834 2243/2081/3834 1837/1980/3834
f 2248/820/3835 2003/559/3835 2004/560/3835
f 1823/1982/3836 1824/1961/3836 2250/1983/3836
f 2246/1985/3837 2245/2004/3837 1836/1981/3837
f 1862/1986/3838 2140/1989/3838 2139/1987/3838
f 1849/1988/3839 1848/2009/3839 2139/1987/3839
f 1865/1148/3840 1864/1992/3840 2142/1990/3840
f 1863/1145/3841 2141/1144/3841 2142/1990/3841
f 1867/1154/3842 1866/1994/3842 2144/1991/3842
f 1864/1992/3843 1865/1148/3843 2143/1149/3843
f 1861/1139/3844 1860/2016/3844 2146/1993/3844
f 1866/1994/3845 1867/1154/3845 2145/1142/3845
f 1841/843/3846 2275/986/3846 2274/842/3846
f 1871/1995/3847 2148/1996/3847 2147/1132/3847
f 1845/1780/3848 1846/1131/3848 2147/1132/3848
f 1873/1997/3849 2150/1998/3849 2149/1158/3849
f 1872/1159/3850 2149/1158/3850 2150/1998/3850
f 1875/1999/3851 2152/2000/3851 2151/1162/3851
f 1874/1163/3852 2151/1162/3852 2152/2000/3852
f 1944/2001/3853 2154/2002/3853 2153/1166/3853
f 1876/1167/3854 2153/1166/3854 2154/2002/3854
f 1778/1765/3855 2128/2148/3855 2127/2003/3855
f 2245/2004/3856 2246/1985/3856 2157/897/3856
f 1943/862/3857 1942/864/3857 2159/863/3857
f 1841/865/3858 1842/867/3858 2158/866/3858
f 1886/1062/3859 1885/2008/3859 2161/2005/3859
f 1884/2006/3860 1883/1063/3860 2160/1061/3860
f 1887/1794/3861 2164/609/3861 2162/607/3861
f 1854/1783/3862 2162/2165/3862 2163/2007/3862
f 1885/2008/3863 1886/1062/3863 2163/608/3863
f 2248/820/3864 2249/1886/3864 2155/1860/3864
f 1848/2009/3865 1849/1988/3865 2167/1862/3865
f 1851/1897/3866 2165/2162/3866 2166/2010/3866
f 1888/1795/3867 1889/1060/3867 2166/876/3867
f 1891/2011/3868 1890/2012/3868 2168/1863/3868
f 1890/2012/3869 1891/2011/3869 2172/2013/3869
f 1892/1796/3870 1893/1798/3870 2171/2014/3870
f 1911/1179/3871 1910/2018/3871 2174/2015/3871
f 1860/2016/3872 1861/1139/3872 2173/1140/3872
f 1912/2017/3873 2176/2019/3873 2175/1178/3873
f 1910/2018/3874 1911/1179/3874 2175/1178/3874
f 1915/1187/3875 1914/2021/3875 2178/2020/3875
f 1912/2017/3876 1913/1183/3876 2177/1184/3876
f 1847/1781/3877 2180/2022/3877 2179/1130/3877
f 1914/2021/3878 1915/1187/3878 2179/1130/3878
f 1883/1063/3879 1884/2006/3879 2182/2023/3879
f 1942/864/3880 1943/862/3880 2181/1064/3880
f 2071/582/3881 2156/1220/3881 2157/897/3881
f 2249/1886/3882 2247/821/3882 1811/1041/3882
f 1844/2024/3883 2184/2025/3883 2183/1129/3883
f 1945/1196/3884 2183/1129/3884 2184/2025/3884
f 1951/2026/3885 2186/2029/3885 2185/2027/3885
f 1936/1810/3886 1937/1809/3886 2185/2027/3886
f 1970/2030/3887 1969/2045/3887 2188/2031/3887
f 1939/2033/3888 1938/2038/3888 2187/2032/3888
f 1948/1811/3889 1949/1813/3889 2189/2034/3889
f 1952/2028/3890 2190/2035/3890 2189/2034/3890
f 1956/2036/3891 2191/1866/3891 2192/1868/3891
f 1938/2038/3892 1939/2033/3892 2195/2039/3892
f 1959/2041/3893 1958/2044/3893 2194/2040/3893
f 1937/1809/3894 1935/1808/3894 2197/2042/3894
f 1957/2037/3895 2196/2043/3895 2197/2042/3895
f 1963/542/3896 2198/619/3896 2199/620/3896
f 1968/1940/3897 1967/1939/3897 2199/1871/3897
f 1958/2044/3898 1959/2041/3898 2200/1870/3898
f 1970/2030/3899 2201/1872/3899 2202/1874/3899
f 1897/2046/3900 1898/2177/3900 2204/1875/3900
f 1973/2047/3901 2207/1878/3901 2208/1880/3901
f 1977/2049/3902 1978/2189/3902 2211/2050/3902
f 1976/2052/3903 1975/2066/3903 2210/2051/3903
f 1982/2053/3904 1981/2069/3904 2213/2054/3904
f 1980/1073/3905 1979/2073/3905 2212/2055/3905
f 1985/2056/3906 2215/2060/3906 2214/2057/3906
f 1983/2059/3907 2214/2057/3907 2215/2060/3907
f 1987/2062/3908 2217/2065/3908 2216/2063/3908
f 1986/2058/3909 2216/2063/3909 2217/2065/3909
f 1975/2066/3910 1976/2052/3910 2219/2067/3910
f 1981/2069/3911 1982/2053/3911 2218/2068/3911
f 1984/2061/3912 2221/2072/3912 2220/2070/3912
f 1991/2071/3913 2220/2070/3913 2221/2072/3913
f 1895/519/3914 1896/517/3914 2222/944/3914
f 1979/2073/3915 1980/1073/3915 2223/1074/3915
f 1994/1825/3916 2224/1881/3916 2222/944/3916
f 1899/520/3917 1900/521/3917 2225/945/3917
f 1992/740/3918 2226/1076/3918 2227/1882/3918
f 1988/2064/3919 2227/1882/3919 2225/945/3919
f 1999/2074/3920 1998/2075/3920 2228/1883/3920
f 1998/2075/3921 1999/2074/3921 2232/2076/3921
f 2000/1826/3922 2001/1828/3922 2231/2077/3922
f 2241/2078/3923 2242/1944/3923 2050/2079/3923
f 2243/2081/3924 2244/1979/3924 2049/2080/3924
f 2035/1240/3925 2261/1239/3925 2260/2082/3925
f 2019/2084/3926 2259/2088/3926 2258/2085/3926
f 2034/2087/3927 2033/2091/3927 2258/2085/3927
f 2037/1247/3928 2263/1242/3928 2262/2089/3928
f 2033/2091/3929 2034/2087/3929 2260/2082/3929
f 2038/2090/3930 2265/2092/3930 2264/1235/3930
f 2031/1233/3931 2264/1235/3931 2265/2092/3931
f 2036/2083/3932 2262/2089/3932 2263/1242/3932
f 2042/2094/3933 2041/1256/3933 2269/1254/3933
f 2016/1829/3934 2267/2097/3934 2266/1228/3934
f 2040/2096/3935 2039/1251/3935 2266/1228/3935
f 2044/2098/3936 2043/1259/3936 2271/1255/3936
f 2039/1251/3937 2040/2096/3937 2268/2095/3937
f 2043/1259/3938 2044/2098/3938 2273/2100/3938
f 2115/2101/3939 2114/1293/3939 2272/1262/3939
f 2041/1256/3940 2042/2094/3940 2270/2099/3940
f 2047/1098/3941 2277/1099/3941 2276/2102/3941
f 2112/987/3942 2274/842/3942 2275/986/3942
f 2024/1833/3943 2025/1832/3943 2278/2104/3943
f 2051/1834/3944 2052/1096/3944 2279/650/3944
f 2045/2106/3945 2276/2102/3945 2277/1099/3945
f 2053/1835/3946 2283/1890/3946 2281/993/3946
f 2021/2107/3947 2022/1947/3947 2281/2108/3947
f 2020/2086/3948 2282/1891/3948 2283/1890/3948
f 2048/2103/3949 2280/651/3949 2278/649/3949
f 2237/1101/3950 2062/2112/3950 2061/2110/3950
f 2240/1957/3951 2061/2110/3951 2062/2112/3951
f 2236/1969/3952 2063/1905/3952 2064/2113/3952
f 2056/2114/3953 2284/1892/3953 2285/1894/3953
f 2059/1838/3954 2288/2117/3954 2287/2116/3954
f 2057/2115/3955 2287/2116/3955 2288/2117/3955
f 2032/2093/3956 2290/2118/3956 2289/1234/3956
f 2080/1275/3957 2289/1234/3957 2290/2118/3957
f 2084/1284/3958 2294/1281/3958 2293/2120/3958
f 2081/2119/3959 2292/2123/3959 2291/1279/3959
f 2083/2122/3960 2082/1280/3960 2291/1279/3960
f 2256/1889/3961 1760/2133/3961 1759/2124/3961
f 2017/1830/3962 2018/1225/3962 2296/1224/3962
f 2083/2122/3963 2293/2120/3963 2294/1281/3963
f 2085/2121/3964 2295/2125/3964 2296/1224/3964
f 2046/1111/3965 2298/1112/3965 2297/2126/3965
f 2113/988/3966 2297/2126/3966 2298/1112/3966
f 2107/1849/3967 2302/2129/3967 2301/2127/3967
f 2122/2128/3968 2121/2137/3968 2301/2127/3968
f 2114/1293/3969 2115/2101/3969 2299/1908/3969
f 2134/2130/3970 2304/2135/3970 2303/2131/3970
f 2254/1934/3971 1759/2124/3971 1760/2133/3971
f 2108/2134/3972 2303/2131/3972 2304/2135/3972
f 2121/2137/3973 2122/2128/3973 2233/2138/3973
f 2119/1853/3974 2234/2139/3974 2233/2138/3974
f 2124/2140/3975 2123/2145/3975 2136/1857/3975
f 2125/2141/3976 2130/2144/3976 2129/2142/3976
f 2109/2136/3977 2129/2142/3977 2130/2144/3977
f 2123/2145/3978 2124/2140/3978 2055/2146/3978
f 2106/1850/3979 2054/2147/3979 2055/2146/3979
f 2128/2148/3980 1839/1779/3980 1840/1778/3980
f 2126/2143/3981 1838/1777/3981 1839/1779/3981
f 2134/2130/3982 2135/2132/3982 2131/1854/3982
f 2067/2149/3983 1877/1788/3983 1878/1790/3983
f 2238/2111/3984 1809/1769/3984 1810/1770/3984
f 2065/579/3985 1810/1770/3985 1811/1041/3985
f 1973/2047/3986 1974/2048/3986 1880/1791/3986
f 1847/1781/3987 1845/1780/3987 2305/2151/3987
f 1888/1795/3988 2307/2258/3988 2308/2153/3988
f 1989/2154/3989 2309/2498/3989 2310/2155/3989
f 2017/1830/3990 2311/2310/3990 2312/2156/3990
f 2053/1835/3991 2051/1834/3991 2313/2157/3991
f 1743/1929/3992 1288/1336/3992 1620/1575/3992
f 1533/1334/3993 1288/1336/3993 1743/1929/3993
f 1289/2159/3994 1742/1927/3994 2103/1959/3994
f 1934/1930/3995 1742/1927/3995 1289/2159/3995
f 1365/2160/3996 2197/2042/3996 1935/1808/3996
f 1745/1932/3997 1936/1810/3997 2186/2029/3997
f 2105/1848/3998 2055/2146/3998 1365/2160/3998
f 2302/2129/3999 2107/1849/3999 1745/1932/3999
f 1746/2499/4000 1848/2500/4000 1747/2163/4000
f 1848/2500/4001 2165/2162/4001 1747/2163/4001
f 1747/2163/4002 1851/1897/4002 1530/1328/4002
f 1848/2009/4003 1746/667/4003 1858/500/4003
f 1851/1897/4004 1748/1896/4004 1321/1329/4004
f 2162/2165/4005 1854/1783/4005 1749/2166/4005
f 1889/2167/4006 1749/2166/4006 1850/1895/4006
f 1748/1896/4007 1852/1782/4007 1531/2168/4007
f 1531/2168/4008 1852/1782/4008 1750/1899/4008
f 2160/1061/4009 1856/664/4009 1751/662/4009
f 1886/2169/4010 1751/1898/4010 1853/1784/4010
f 1322/1331/4011 1750/1899/4011 1855/1901/4011
f 1532/1332/4012 1855/1901/4012 1752/1903/4012
f 1883/2170/4013 1753/1902/4013 1856/1900/4013
f 1323/1333/4014 1752/1903/4014 1931/1807/4014
f 2181/2172/4015 1930/1805/4015 1753/1902/4015
f 1755/1756/4016 1756/1755/4016 1998/2075/4016
f 1756/1755/4017 1343/2497/4017 2228/1883/4017
f 1570/1498/4018 1343/2497/4018 1756/1755/4018
f 1756/1755/4019 1754/1754/4019 1399/1501/4019
f 1755/1756/4020 1998/2075/4020 2231/2077/4020
f 1754/1754/4021 1916/1910/4021 1571/1502/4021
f 1917/1909/4022 2231/2077/4022 2001/1828/4022
f 1757/1912/4023 1400/1503/4023 1571/1502/4023
f 1578/2173/4024 1929/1925/4024 1758/1911/4024
f 1758/1911/4025 2001/1828/4025 2002/1827/4025
f 1928/1926/4026 1576/1512/4026 1400/1503/4026
f 1423/1594/4027 1612/1595/4027 1760/2133/4027
f 1612/1595/4028 1422/1435/4028 2253/1933/4028
f 1759/2124/4029 2254/1934/4029 1818/1771/4029
f 2255/1887/4030 1759/2124/4030 2086/1960/4030
f 1762/1914/4031 1919/1801/4031 1580/1526/4031
f 1761/1913/4032 1996/1943/4032 1572/1504/4032
f 1344/1515/4033 1762/1914/4033 1407/1528/4033
f 1344/1515/4034 1577/1514/4034 1995/2174/4034
f 1921/1802/4035 1763/1916/4035 1406/1522/4035
f 1925/1918/4036 1764/1915/4036 1402/1507/4036
f 1922/1804/4037 1573/1506/4037 1402/1507/4037
f 1763/1916/4038 1924/1917/4038 1579/1519/4038
f 1927/1923/4039 1765/1920/4039 1405/1516/4039
f 1766/1922/4040 1404/1510/4040 1576/1512/4040
f 1766/1922/4041 1926/1921/4041 1575/1511/4041
f 1929/1925/4042 1578/2173/4042 1405/1516/4042
f 1924/1917/4043 1767/1919/4043 1408/1535/4043
f 1926/1921/4044 1768/1924/4044 1403/1509/4044
f 1768/1924/4045 1925/1918/4045 1574/1508/4045
f 1767/1919/4046 1927/1923/4046 1582/1533/4046
f 1771/1758/4047 1324/1431/4047 1770/1759/4047
f 1324/1431/4048 1552/1432/4048 1354/1337/4048
f 1353/1339/4049 1551/1430/4049 1769/1757/4049
f 1551/1430/4050 1324/1431/4050 1769/1757/4050
f 1770/1759/4051 1354/1337/4051 1533/1334/4051
f 1769/1757/4052 1934/1930/4052 1534/1342/4052
f 1773/1936/4053 1954/1816/4053 2304/2135/4053
f 2187/2032/4054 1953/1814/4054 1772/1935/4054
f 1972/1942/4055 2201/1872/4055 1970/2030/4055
f 2134/2130/4056 2132/1856/4056 1971/1941/4056
f 1775/1762/4057 1958/2044/4057 2198/1869/4057
f 1774/1760/4058 1960/1819/4058 1838/1777/4058
f 1362/2175/4059 2194/2040/4059 1958/2044/4059
f 1958/2044/4060 1775/1762/4060 1776/1761/4060
f 2126/2143/4061 2129/2142/4061 1362/2175/4061
f 1362/2175/4062 1776/1761/4062 2126/2143/4062
f 1961/670/4063 1777/861/4063 2127/859/4063
f 1964/1820/4064 1779/1764/4064 1968/1940/4064
f 1968/1940/4065 2193/1867/4065 1964/1820/4065
f 1962/735/4066 2199/620/4066 1967/737/4066
f 2128/2148/4067 1778/1765/4067 1965/1822/4067
f 1965/1822/4068 2137/1859/4068 2138/1858/4068
f 1781/1766/4069 1971/1941/4069 2132/1856/4069
f 2132/1856/4070 2133/1855/4070 1523/1725/4070
f 2201/1872/4071 1972/1942/4071 1782/1768/4071
f 1782/1768/4072 1389/1496/4072 2201/1872/4072
f 1782/1768/4073 1783/1767/4073 1397/2176/4073
f 1397/2176/4074 1569/1495/4074 1389/1496/4074
f 1783/1767/4075 1781/1766/4075 1397/2176/4075
f 1781/1766/4076 1523/1725/4076 1397/2176/4076
f 1895/519/4077 2223/1074/4077 1980/1073/4077
f 1898/2177/4078 1784/2501/4078 1391/1486/4078
f 1785/677/4079 1980/1073/4079 2213/2054/4079
f 1391/1486/4080 1784/2501/4080 1902/2178/4080
f 1993/741/4081 2222/944/4081 1896/517/4081
f 1564/1484/4082 1901/2181/4082 1788/2179/4082
f 1390/1485/4083 1788/2179/4083 1897/2046/4083
f 2226/1076/4084 1992/740/4084 1787/479/4084
f 1987/2062/4085 2225/945/4085 1900/521/4085
f 1566/1488/4086 1905/2502/4086 1790/2180/4086
f 1392/1489/4087 1790/2180/4087 1901/2181/4087
f 2217/2065/4088 1987/2062/4088 1789/685/4088
f 1903/681/4089 2213/2054/4089 1981/2069/4089
f 1565/1487/4090 1902/2178/4090 1791/2182/4090
f 1792/683/4091 1981/2069/4091 2219/2067/4091
f 1393/1493/4092 1791/2182/4092 1909/2183/4092
f 1985/2056/4093 2217/2065/4093 1904/684/4093
f 1906/688/4094 1794/691/4094 1394/195/4094
f 1394/195/4095 1794/691/4095 1905/687/4095
f 2215/2060/4096 1985/2056/4096 1793/686/4096
f 1984/2061/4097 2215/2060/4097 1907/692/4097
f 1946/729/4098 1796/690/4098 1395/197/4098
f 1796/2184/4099 1906/2503/4099 1567/1491/4099
f 2221/2072/4100 1984/2061/4100 1795/689/4100
f 1908/696/4101 2219/2067/4101 1976/2052/4101
f 1568/1494/4102 1909/2183/4102 1797/2186/4102
f 1798/693/4103 1976/2052/4103 2211/2050/4103
f 2209/1879/4104 1396/2187/4104 1941/2188/4104
f 1396/2187/4105 1797/2186/4105 1941/2188/4105
f 1940/726/4106 2211/2050/4106 1978/2189/4106
f 2111/814/4107 1800/774/4107 1978/1906/4107
f 2208/1880/4108 1941/2188/4108 1799/2190/4108
f 1880/1791/4109 1974/2048/4109 1799/2190/4109
f 1990/1091/4110 2221/2072/4110 1947/732/4110
f 1802/2192/4111 1946/2504/4111 1569/1495/4111
f 2116/816/4112 1812/1946/4112 1990/1092/4112
f 1347/1724/4113 2117/2505/4113 1802/2192/4113
f 2282/2109/4114 2020/2506/4114 1803/2193/4114
f 2020/2506/4115 1804/2507/4115 1803/2193/4115
f 1617/1558/4116 2021/2107/4116 1803/2193/4116
f 2028/568/4117 1804/754/4117 2020/2086/4117
f 1452/1563/4118 1806/1948/4118 2021/2107/4118
f 2022/1947/4119 1805/1949/4119 2052/2195/4119
f 1618/1565/4120 2023/1831/4120 1806/1948/4120
f 1805/1949/4121 2024/1833/4121 2279/2105/4121
f 1618/1565/4122 1453/1564/4122 1808/1954/4122
f 2025/1832/4123 1807/1950/4123 2047/2196/4123
f 1453/1564/4124 1619/1566/4124 2026/1951/4124
f 1807/748/4125 2027/752/4125 2277/1099/4125
f 1809/1769/4126 1643/2199/4126 1723/2197/4126
f 2065/579/4127 1834/762/4127 2237/1101/4127
f 2068/578/4128 1811/1041/4128 2247/821/4128
f 1809/1769/4129 2238/2111/4129 1718/2198/4129
f 2241/2078/4130 1720/2346/4130 1644/2200/4130
f 2013/779/4131 2242/1944/4131 1812/1946/4131
f 1813/1945/4132 1644/2200/4132 2309/2201/4132
f 2240/1957/4133 1814/1956/4133 1645/2202/4133
f 2078/782/4134 2014/784/4134 2236/1969/4134
f 2008/769/4135 2078/782/4135 1815/1968/4135
f 1814/1956/4136 2235/1967/4136 1717/2204/4136
f 1619/1566/4137 1454/1567/4137 1817/1978/4137
f 1454/1567/4138 1641/1666/4138 2100/1845/4138
f 2027/1953/4139 1816/1952/4139 2046/2205/4139
f 1816/1952/4140 2101/1847/4140 2298/2207/4140
f 1819/1773/4141 1592/1731/4141 1622/1730/4141
f 1820/1772/4142 1818/1771/4142 2254/1934/4142
f 2254/1934/4143 1869/1787/4143 1820/1772/4143
f 1820/1772/4144 1476/1728/4144 1203/1727/4144
f 1203/1727/4145 1592/1731/4145 1820/1772/4145
f 1622/1730/4146 1594/1732/4146 1822/1977/4146
f 1821/1963/4147 2099/1976/4147 1525/1746/4147
f 1525/1746/4148 2257/1888/4148 1821/1963/4148
f 1594/1732/4149 1477/1741/4149 2098/1975/4149
f 1823/1982/4150 1601/1750/4150 1308/1749/4150
f 2251/1984/4151 1473/1743/4151 1478/1744/4151
f 1621/1733/4152 2250/1983/4152 1824/1961/4152
f 1478/1744/4153 1307/1753/4153 1601/1750/4153
f 1825/2208/4154 1600/1593/4154 1502/1747/4154
f 1596/1736/4155 1613/1735/4155 2091/1842/4155
f 2094/1966/4156 1508/1737/4156 1596/1736/4156
f 2092/1844/4157 1202/1591/4157 1600/1593/4157
f 2096/1972/4158 1306/1751/4158 1599/1745/4158
f 1827/2209/4159 1598/1739/4159 1488/1740/4159
f 1599/1745/4160 1525/1746/4160 2099/1976/4160
f 1477/1741/4161 1598/1739/4161 1827/2209/4161
f 2095/1965/4162 1502/1747/4162 1602/1748/4162
f 1829/1974/4163 1597/1738/4163 1508/1737/4163
f 1830/1973/4164 1602/1748/4164 1306/1751/4164
f 2097/1971/4165 1488/1740/4165 1597/1738/4165
f 1641/1666/4166 1455/1664/4166 1487/1572/4166
f 1455/1664/4167 1833/1775/4167 1831/1774/4167
f 1623/1571/4168 2103/1959/4168 1832/1776/4168
f 1455/1664/4169 1640/1665/4169 1832/1776/4169
f 1640/1665/4170 1486/1569/4170 1832/1776/4170
f 1831/1774/4171 2104/1958/4171 1620/1575/4171
f 1585/1717/4172 1309/1716/4172 2073/2210/4172
f 1585/1717/4173 1835/2211/4173 2066/2150/4173
f 1834/762/4174 2072/765/4174 2062/2112/4174
f 2244/1979/4175 1836/1981/4175 1646/2212/4175
f 2007/768/4176 2246/1985/4176 1837/1980/4176
f 2075/767/4177 1837/1980/4177 2243/2081/4177
f 2245/2004/4178 1722/2369/4178 1646/2212/4178
f 2125/2141/4179 1839/1779/4179 1493/1678/4179
f 2128/2148/4180 1277/1676/4180 1493/1678/4180
f 1435/1573/4181 1159/1335/4181 1842/2214/4181
f 2275/986/4182 1841/843/4182 1647/2216/4182
f 1842/2214/4183 1159/1335/4183 1299/1338/4183
f 2159/863/4184 1699/2277/4184 1647/2219/4184
f 1843/1125/4185 1158/345/4185 1479/346/4185
f 1844/2024/4186 1648/2508/4186 1708/2220/4186
f 1844/1907/4187 2299/1908/4187 1741/2221/4187
f 1843/1128/4188 2183/1129/4188 1345/96/4188
f 2179/1130/4189 1294/65/4189 1164/66/4189
f 2147/2223/4190 1846/2509/4190 1164/1365/4190
f 2180/2022/4191 1847/1781/4191 2306/2152/4191
f 2148/1996/4192 1694/2241/4192 2305/2151/4192
f 1849/1988/4193 1649/2227/4193 1702/2225/4193
f 1849/1988/4194 2140/1989/4194 1690/2226/4194
f 1320/1324/4195 1172/1326/4195 1859/2510/4195
f 1859/2510/4196 1857/2164/4196 1320/1324/4196
f 1172/27/4197 1863/1145/4197 1858/500/4197
f 1863/1145/4198 2139/1987/4198 1858/500/4198
f 1861/2228/4199 1165/1384/4199 1291/1379/4199
f 2174/2015/4200 1703/2267/4200 1650/2230/4200
f 2145/2231/4201 1302/2261/4201 1165/1384/4201
f 1860/2016/4202 1650/2230/4202 1693/2232/4202
f 1863/1145/4203 1172/27/4203 1300/28/4203
f 1862/1986/4204 2142/1990/4204 1691/2233/4204
f 2140/1989/4205 1862/1986/4205 1651/2234/4205
f 1865/1148/4206 1173/1151/4206 1301/1147/4206
f 2144/1991/4207 1692/2237/4207 1652/2235/4207
f 2141/1144/4208 1300/28/4208 1173/1151/4208
f 1864/1992/4209 1652/2235/4209 1691/2233/4209
f 1867/1154/4210 1174/1156/4210 1302/1153/4210
f 2146/1993/4211 1693/2232/4211 1653/2236/4211
f 2143/1149/4212 1301/1147/4212 1174/1156/4212
f 1866/1994/4213 1653/2236/4213 1692/2237/4213
f 1243/1726/4214 1476/1728/4214 1870/1786/4214
f 1476/1728/4215 1869/1787/4215 1870/1786/4215
f 1870/1786/4216 1868/1785/4216 1426/1306/4216
f 1868/1785/4217 1608/1436/4217 1426/1306/4217
f 1422/1435/4218 1608/1436/4218 1868/1785/4218
f 2149/2238/4219 1872/2240/4219 1171/1367/4219
f 2150/1998/4220 1695/2245/4220 1654/2239/4220
f 1872/2240/4221 2147/2223/4221 1298/1364/4221
f 1871/1995/4222 1654/2239/4222 1694/2241/4222
f 2151/2242/4223 1874/2244/4223 1170/1404/4223
f 2152/2000/4224 1696/2249/4224 1655/2243/4224
f 1874/2244/4225 2149/2238/4225 1297/1411/4225
f 1873/1997/4226 1655/2243/4226 1695/2245/4226
f 2153/2246/4227 1876/2248/4227 1169/1407/4227
f 2154/2002/4228 1697/2281/4228 1656/2247/4228
f 1876/2248/4229 2151/2242/4229 1296/1406/4229
f 1875/1999/4230 1656/2247/4230 1696/2249/4230
f 1879/1789/4231 1516/1686/4231 1878/1790/4231
f 1516/1686/4232 1251/1697/4232 1878/1790/4232
f 1524/1713/4233 1252/1689/4233 1877/1788/4233
f 1252/1689/4234 1516/1686/4234 1879/1789/4234
f 1524/1713/4235 1877/1788/4235 2067/2149/4235
f 1590/2251/4236 1285/1711/4236 1522/1712/4236
f 1522/1712/4237 1881/1793/4237 1590/2251/4237
f 2015/2309/4238 1590/2251/4238 2110/2191/4238
f 1590/2251/4239 1882/1792/4239 2110/2191/4239
f 1223/2252/4240 1973/2047/4240 1881/1793/4240
f 1884/2006/4241 1657/2254/4241 1707/2253/4241
f 2161/2005/4242 1700/2257/4242 1657/2254/4242
f 1885/2008/4243 2164/609/4243 1701/2255/4243
f 2161/2005/4244 1885/2008/4244 1658/2256/4244
f 1888/1795/4245 2167/1862/4245 1702/2225/4245
f 1887/1794/4246 2308/2153/4246 1701/2255/4246
f 1301/2259/4247 2172/2013/4247 1891/2011/4247
f 1174/2260/4248 1891/2011/4248 2169/1865/4248
f 2171/2014/4249 1311/2264/4249 1194/2262/4249
f 1890/2012/4250 1194/2262/4250 1328/1513/4250
f 1892/1796/4251 1173/2263/4251 1300/1327/4251
f 1300/1327/4252 1529/1325/4252 1894/1797/4252
f 1173/2263/4253 1892/1796/4253 2172/2013/4253
f 1893/1798/4254 1894/1797/4254 1529/1325/4254
f 1529/1325/4255 1312/1310/4255 1195/1312/4255
f 1893/1798/4256 1195/1312/4256 1311/2264/4256
f 2175/1178/4257 1911/1179/4257 1166/79/4257
f 2176/2019/4258 1704/2269/4258 1659/2265/4258
f 2173/2229/4259 1291/1379/4259 1166/1380/4259
f 1910/2018/4260 1659/2265/4260 1703/2267/4260
f 1913/1183/4261 1167/75/4261 1293/73/4261
f 2178/2020/4262 1705/2271/4262 1660/2268/4262
f 1913/1183/4263 2175/1178/4263 1292/77/4263
f 1912/2017/4264 1660/2268/4264 1704/2269/4264
f 1915/1187/4265 1168/71/4265 1294/65/4265
f 1914/2021/4266 2180/2022/4266 1706/2224/4266
f 2177/1184/4267 1293/73/4267 1168/71/4267
f 2178/2020/4268 1914/2021/4268 1661/2270/4268
f 1401/1505/4269 1179/2272/4269 1920/1800/4269
f 1920/1800/4270 1918/1799/4270 1401/1505/4270
f 1919/1801/4271 1920/1800/4271 1580/1526/4271
f 1920/1800/4272 1179/2272/4272 1409/1524/4272
f 1409/1524/4273 1179/2272/4273 1923/1803/4273
f 1923/1803/4274 1921/1802/4274 1583/1537/4274
f 1922/1804/4275 1923/1803/4275 1573/1506/4275
f 1923/1803/4276 1179/2272/4276 1573/1506/4276
f 1930/1805/4277 2181/2172/4277 1943/2273/4277
f 1943/2273/4278 1200/2274/4278 1932/1806/4278
f 1354/1337/4279 1552/1432/4279 1200/2274/4279
f 1552/1432/4280 1931/1807/4280 1200/2274/4280
f 2196/2043/4281 1366/1449/4281 1205/1451/4281
f 1937/1809/4282 1205/1451/4282 1952/2028/4282
f 2194/2040/4283 1362/2175/4283 1161/2275/4283
f 1206/1445/4284 1939/2033/4284 2188/2031/4284
f 1953/1814/4285 2187/2032/4285 1938/2038/4285
f 1938/2038/4286 1161/2275/4286 1955/1815/4286
f 1363/1447/4287 2195/2039/4287 1939/2033/4287
f 2182/2023/4288 1707/2253/4288 1662/2276/4288
f 2158/2218/4289 1299/1338/4289 1200/2274/4289
f 1942/864/4290 1662/2276/4290 1699/2277/4290
f 2183/2278/4291 1945/2280/4291 1199/1398/4291
f 2184/2025/4292 1708/2220/4292 1663/2279/4292
f 1945/2280/4293 2153/2246/4293 1295/1413/4293
f 1944/2001/4294 1663/2279/4294 1697/2281/4294
f 2190/2035/4295 1359/1438/4295 1211/1421/4295
f 1950/1812/4296 1549/1423/4296 1949/1813/4296
f 1549/1423/4297 1326/1427/4297 1949/1813/4297
f 1211/1421/4298 1346/1422/4298 1948/1811/4298
f 1346/1422/4299 1549/1423/4299 1948/1811/4299
f 1951/2026/4300 2189/2034/4300 1949/1813/4300
f 2186/2029/4301 1951/2026/4301 1209/1346/4301
f 1205/1451/4302 1351/1450/4302 2190/2035/4302
f 2109/2136/4303 2304/2135/4303 1954/1816/4303
f 1954/1816/4304 1955/1815/4304 2109/2136/4304
f 1365/2160/4305 1212/2282/4305 1956/2036/4305
f 1361/1453/4306 1213/1454/4306 1957/2037/4306
f 1966/1821/4307 1964/1820/4307 2191/1866/4307
f 2191/1866/4308 1956/2036/4308 1212/2282/4308
f 2196/2043/4309 1957/2037/4309 1213/1454/4309
f 1214/1446/4310 1959/2041/4310 2195/2039/4310
f 1959/2041/4311 1214/1446/4311 1360/2283/4311
f 1965/1822/4312 1966/1821/4312 2137/1859/4312
f 1966/1821/4313 1212/2282/4313 2137/1859/4313
f 1360/2283/4314 1215/1448/4314 1968/1940/4314
f 2193/1867/4315 1968/1940/4315 1215/1448/4315
f 1215/1448/4316 1361/1453/4316 2192/1868/4316
f 1969/2045/4317 2202/1874/4317 1379/1473/4317
f 1358/1441/4318 2188/2031/4318 1969/2045/4318
f 2207/1878/4319 1973/2047/4319 1223/2252/4319
f 2218/2068/4320 1713/2291/4320 1664/2284/4320
f 1975/2066/4321 1664/2284/4321 1709/2285/4321
f 2064/2113/4322 1977/1904/4322 1665/2286/4322
f 2210/2051/4323 1709/2285/4323 1665/2288/4323
f 2224/1881/4324 1715/2301/4324 1666/2289/4324
f 1979/2073/4325 1666/2289/4325 1710/2290/4325
f 1982/2053/4326 1667/2292/4326 1713/2291/4326
f 2212/2055/4327 1710/2290/4327 1667/2292/4327
f 1983/2059/4328 2220/2070/4328 1714/2293/4328
f 2214/2057/4329 1983/2059/4329 1668/2294/4329
f 1986/2058/4330 1669/2297/4330 1712/2296/4330
f 1986/2058/4331 2214/2057/4331 1711/2295/4331
f 2227/1882/4332 1988/2064/4332 1670/2298/4332
f 1988/2064/4333 2216/2063/4333 1712/2296/4333
f 2220/2070/4334 1991/2071/4334 2310/2155/4334
f 1994/1825/4335 2227/1882/4335 1716/2299/4335
f 2224/1881/4336 1994/1825/4336 1671/2300/4336
f 1997/2302/4337 1995/2174/4337 1194/2262/4337
f 1995/2174/4338 1577/1514/4338 1194/2262/4338
f 1311/2264/4339 1572/1504/4339 1996/1943/4339
f 1996/1943/4340 1997/2302/4340 1311/2264/4340
f 1999/2074/4341 1227/1541/4341 1418/1542/4341
f 2229/1885/4342 1414/1543/4342 1227/1541/4342
f 2232/2076/4343 1418/1542/4343 1228/1539/4343
f 1411/1517/4344 1578/2173/4344 2002/1827/4344
f 2002/1827/4345 2000/1826/4345 1411/1517/4345
f 2003/559/4346 2248/820/4346 2156/1220/4346
f 1310/1714/4347 1524/1713/4347 2005/2250/4347
f 2070/581/4348 2157/897/4348 2246/1985/4348
f 1586/1715/4349 1310/1714/4349 2069/2303/4349
f 1178/1718/4350 1586/1715/4350 2006/2304/4350
f 2072/765/4351 2008/769/4351 2239/1955/4351
f 1587/1722/4352 1160/1723/4352 2079/2306/4352
f 1309/1716/4353 1587/1722/4353 2009/2307/4353
f 1588/431/4354 1178/428/4354 2074/771/4354
f 2011/772/4355 2243/2081/4355 2050/2079/4355
f 1588/431/4356 2010/777/4356 2076/778/4356
f 2077/776/4357 2050/2079/4357 2242/1944/4357
f 1177/1720/4358 2076/2511/4358 2012/2308/4358
f 1589/1223/4359 2012/780/4359 2117/757/4359
f 1160/1723/4360 1590/2251/4360 2015/2309/4360
f 2014/784/4361 2111/814/4361 2063/1905/4361
f 1232/314/4362 1430/311/4362 2296/1224/4362
f 2295/2125/4363 1739/2360/4363 2311/2310/4363
f 2266/2311/4364 1434/1604/4364 1232/1605/4364
f 2267/2097/4365 2016/1829/4365 2312/2156/4365
f 2019/2084/4366 2283/1890/4366 1735/2314/4366
f 2019/2084/4367 1672/2315/4367 1724/2316/4367
f 2030/2317/4368 1240/1561/4368 1451/1559/4368
f 1451/1559/4369 1617/1558/4369 2029/2194/4369
f 2258/2085/4370 2033/2091/4370 2028/568/4370
f 2033/2091/4371 1240/266/4371 2028/568/4371
f 1427/1618/4372 1233/1617/4372 2031/2318/4372
f 1233/1617/4373 1438/2349/4373 2264/2320/4373
f 2290/2118/4374 2032/2093/4374 1673/2321/4374
f 2032/2093/4375 2265/2092/4375 1727/2323/4375
f 2034/2087/4376 1674/2325/4376 1725/2324/4376
f 2259/2088/4377 1724/2316/4377 1674/2325/4377
f 1436/268/4378 1240/266/4378 2033/2091/4378
f 1437/1241/4379 1241/1243/4379 2035/1240/4379
f 1241/1243/4380 1436/268/4380 2261/1239/4380
f 2262/2089/4381 2036/2083/4381 1675/2326/4381
f 2036/2083/4382 2260/2082/4382 1725/2324/4382
f 1242/1246/4383 1437/1241/4383 2263/1242/4383
f 2265/2092/4384 2038/2090/4384 1676/2328/4384
f 2038/2090/4385 2262/2089/4385 1726/2327/4385
f 1438/1250/4386 1242/1246/4386 2037/1247/4386
f 2039/2329/4387 1239/1603/4387 1434/1604/4387
f 2268/2095/4388 2040/2096/4388 1677/2330/4388
f 2040/2096/4389 2267/2097/4389 1728/2313/4389
f 2269/2332/4390 1433/1645/4390 1239/1603/4390
f 2271/2333/4391 1432/1642/4391 1238/1643/4391
f 2041/2334/4392 1238/1643/4392 1433/1645/4392
f 2270/2099/4393 2042/2094/4393 1678/2335/4393
f 2042/2094/4394 2268/2095/4394 1729/2331/4394
f 2043/2337/4395 1237/1641/4395 1432/1642/4395
f 2273/2100/4396 2044/2098/4396 1679/2338/4396
f 2044/2098/4397 2270/2099/4397 1730/2336/4397
f 2272/2340/4398 1431/1649/4398 1237/1641/4398
f 2045/2106/4399 2297/2126/4399 1740/2341/4399
f 2276/2102/4400 2045/2106/4400 1680/2342/4400
f 2048/2103/4401 1681/2345/4401 1734/2344/4401
f 2276/2102/4402 1733/2343/4402 1681/2345/4402
f 2049/2080/4403 1682/2347/4403 1720/2346/4403
f 2244/1979/4404 1721/2213/4404 1682/2347/4404
f 2053/1835/4405 2314/2158/4405 1735/2314/4405
f 2051/1834/4406 2280/651/4406 1734/2344/4406
f 1365/2160/4407 2055/2146/4407 2124/2140/4407
f 2054/2147/4408 1497/1680/4408 1275/1683/4408
f 1269/1681/4409 1497/1680/4409 2054/2147/4409
f 2284/1892/4410 2056/2114/4410 1242/2348/4410
f 1259/2350/4411 1442/2353/4411 2287/2116/4411
f 2056/2114/4412 2288/2117/4412 1437/2351/4412
f 1459/1742/4413 1259/2350/4413 2057/2115/4413
f 2288/2117/4414 2059/1838/4414 1241/2352/4414
f 2060/1837/4415 2058/1836/4415 1616/1560/4415
f 2058/1836/4416 1261/1551/4416 1616/1560/4416
f 1436/1562/4417 1241/2352/4417 2059/1838/4417
f 2059/1838/4418 2060/1837/4418 1436/1562/4418
f 1442/2353/4419 1261/1551/4419 2058/1836/4419
f 2238/2111/4420 2061/2110/4420 1683/2354/4420
f 2061/2110/4421 2240/1957/4421 1719/2203/4421
f 2235/1967/4422 2064/2113/4422 1684/2287/4422
f 1234/1613/4423 1427/1618/4423 2289/2319/4423
f 2292/2123/4424 2081/2119/4424 1685/2356/4424
f 2081/2119/4425 2290/2118/4425 1736/2322/4425
f 2291/1279/4426 1428/320/4426 1234/328/4426
f 1429/316/4427 1235/322/4427 2082/1280/4427
f 2082/1280/4428 1235/322/4428 1428/320/4428
f 2293/2120/4429 2083/2122/4429 1686/2358/4429
f 2083/2122/4430 2292/2123/4430 1737/2357/4430
f 1236/310/4431 1429/316/4431 2294/1281/4431
f 2085/2121/4432 1687/2361/4432 1739/2360/4432
f 2293/2120/4433 1738/2359/4433 1687/2361/4433
f 1430/311/4434 1236/310/4434 2084/1284/4434
f 2090/1840/4435 1244/2362/4435 1595/1734/4435
f 1595/1734/4436 1621/1733/4436 2089/1841/4436
f 2090/1840/4437 2088/1839/4437 1308/1749/4437
f 1308/1749/4438 1603/1592/4438 2090/1840/4438
f 2093/1843/4439 2091/1842/4439 1613/1735/4439
f 1613/1735/4440 1595/1734/4440 1244/2362/4440
f 2093/1843/4441 1244/2362/4441 1603/1592/4441
f 1603/1592/4442 1202/1591/4442 2093/1843/4442
f 2112/2363/4443 2298/2207/4443 2101/1847/4443
f 2101/1847/4444 2102/1846/4444 2112/2363/4444
f 2100/1845/4445 1641/1666/4445 1266/1574/4445
f 1641/1666/4446 1487/1572/4446 1266/1574/4446
f 2121/2137/4447 1269/1681/4447 2106/1850/4447
f 1161/2275/4448 1362/2175/4448 2129/2142/4448
f 2108/2134/4449 2130/2144/4449 1495/2364/4449
f 2303/2131/4450 2108/2134/4450 1270/1673/4450
f 1266/1574/4451 1435/1573/4451 2274/2215/4451
f 2297/2126/4452 2113/988/4452 1688/2365/4452
f 2113/988/4453 2275/986/4453 1732/2217/4453
f 2300/2366/4454 1479/1634/4454 1265/1635/4454
f 2114/2367/4455 1265/1635/4455 1431/1649/4455
f 2299/1908/4456 2115/2101/4456 1689/2368/4456
f 2115/2101/4457 2273/2100/4457 1731/2339/4457
f 1274/1651/4458 1492/1671/4458 2234/2139/4458
f 1638/1656/4459 1480/1652/4459 2119/1853/4459
f 1480/1652/4460 1274/1651/4460 2119/1853/4460
f 2118/1851/4461 2233/2138/4461 2122/2128/4461
f 1457/1663/4462 1638/1656/4462 2118/1851/4462
f 1638/1656/4463 2120/1852/4463 2118/1851/4463
f 1272/1578/4464 2122/2128/4464 2302/2129/4464
f 2234/2139/4465 1484/1679/4465 1269/1681/4465
f 2123/2145/4466 1275/1683/4466 1494/1684/4466
f 2130/2144/4467 2125/2141/4467 1276/1677/4467
f 1277/1676/4468 2128/2148/4468 2138/1858/4468
f 2138/1858/4469 2136/1857/4469 1277/1676/4469
f 2133/1855/4470 2131/1854/4470 1523/1725/4470
f 2131/1854/4471 1513/1703/4471 1284/1705/4471
f 2135/2132/4472 1273/1672/4472 1513/1703/4472
f 2135/2132/4473 2303/2131/4473 1491/1667/4473
f 2155/1860/4474 1698/2370/4474 1722/2369/4474
f 2249/1886/4475 1723/2197/4475 1698/2370/4475
f 1191/1500/4476 1303/1382/4476 2170/1864/4476
f 2170/1864/4477 2168/1863/4477 1191/1500/4477
f 1303/1382/4478 1165/1384/4478 1302/2261/4478
f 1302/2261/4479 2169/1865/4479 2170/1864/4479
f 1357/2161/4480 2186/2029/4480 1355/1345/4480
f 1351/1450/4481 1201/1442/4481 1359/1438/4481
f 2202/1874/4482 2203/1873/4482 1389/1496/4482
f 1389/1496/4483 1221/1490/4483 2202/1874/4483
f 1186/1466/4484 1382/1456/4484 2204/1875/4484
f 1382/1456/4485 2206/1876/4485 2204/1875/4485
f 1382/1456/4486 1187/1460/4486 2206/1876/4486
f 1187/1460/4487 1390/1485/4487 2205/1877/4487
f 1388/1481/4488 1222/1483/4488 1396/2187/4488
f 1396/2187/4489 2209/1879/4489 2207/1878/4489
f 2228/1883/4490 1343/2497/4490 2230/1884/4490
f 1343/2497/4491 1175/1497/4491 2230/1884/4491
f 2229/1885/4492 2230/1884/4492 1231/1532/4492
f 2230/1884/4493 1410/1530/4493 1231/1532/4493
f 1492/1671/4494 1267/1670/4494 1484/1679/4494
f 2250/1983/4495 1621/1733/4495 1442/2353/4495
f 1442/2353/4496 1259/2350/4496 2252/2371/4496
f 2251/1984/4497 2252/2371/4497 1259/2350/4497
f 1259/2350/4498 1459/1742/4498 1473/1743/4498
f 2257/1888/4499 1525/1746/4499 1605/1308/4499
f 1605/1308/4500 1423/1594/4500 2256/1889/4500
f 2286/1893/4501 1439/1615/4501 1256/1622/4501
f 1256/1622/4502 1459/1742/4502 2285/1894/4502
f 1438/2349/4503 1233/1617/4503 1439/1615/4503
f 1439/1615/4504 2286/1893/4504 1438/2349/4504
f 1489/1576/4505 2302/2129/4505 1357/2161/4505
f 508/1207/4506 527/1274/4506 1684/2372/4506
f 491/2374/4507 1648/2419/4507 1741/2375/4507
f 487/1103/4508 1644/2475/4508 1720/2376/4508
f 488/1106/4509 562/1273/4509 1719/2377/4509
f 560/2204/4510 488/2202/4510 1645/2202/4510
f 564/2213/4511 1721/2213/4511 1646/2212/4511
f 489/2212/4512 1646/2212/4512 1722/2369/4512
f 494/2234/4513 533/2226/4513 1690/2226/4513
f 492/2379/4514 1649/2405/4514 1690/2380/4514
f 534/1152/4515 1691/2382/4515 1652/2381/4515
f 494/1146/4516 1651/2512/4516 1691/2382/4516
f 535/1157/4517 1692/2513/4517 1653/2383/4517
f 495/2235/4518 1652/2235/4518 1692/2237/4518
f 536/1143/4519 1693/2385/4519 1650/2384/4519
f 536/1143/4520 496/1155/4520 1653/2383/4520
f 575/1291/4521 1732/2452/4521 1647/2386/4521
f 497/1160/4522 537/1161/4522 1694/2387/4522
f 498/1164/4523 538/1165/4523 1695/2389/4523
f 538/1165/4524 497/1160/4524 1654/2388/4524
f 499/1168/4525 539/1169/4525 1696/2391/4525
f 498/1164/4526 1655/2390/4526 1696/2391/4526
f 506/1197/4527 540/1198/4527 1697/2393/4527
f 540/1198/4528 499/1168/4528 1656/2392/4528
f 541/1298/4529 565/1297/4529 1722/2395/4529
f 505/1194/4530 542/1195/4530 1699/2397/4530
f 542/1195/4531 490/1122/4531 1647/2386/4531
f 543/2399/4532 1700/2402/4532 1658/2400/4532
f 543/2399/4533 500/1172/4533 1657/2401/4533
f 501/1175/4534 1658/2400/4534 1701/2403/4534
f 566/1100/4535 541/1298/4535 1698/2396/4535
f 545/1136/4536 1702/2478/4536 1649/2405/4536
f 546/1182/4537 1703/2407/4537 1659/2406/4537
f 493/1141/4538 1650/2384/4538 1703/2407/4538
f 503/1185/4539 547/1186/4539 1704/2408/4539
f 547/1186/4540 502/1180/4540 1659/2406/4540
f 548/2410/4541 1705/2412/4541 1661/2411/4541
f 503/1185/4542 1660/2409/4542 1705/2412/4542
f 504/1189/4543 1661/2411/4543 1706/2413/4543
f 550/2414/4544 1707/2415/4544 1657/2401/4544
f 505/1194/4545 1662/2398/4545 1707/2415/4545
f 566/1100/4546 1723/2404/4546 1643/2416/4546
f 491/2374/4547 551/1126/4547 1708/2418/4547
f 551/1126/4548 506/1197/4548 1663/2394/4548
f 508/1207/4549 1665/2373/4549 1709/2420/4549
f 552/1206/4550 1709/2420/4550 1664/2421/4550
f 510/2292/4551 1667/2292/4551 1710/2290/4551
f 553/1209/4552 1710/2514/4552 1666/2422/4552
f 554/2295/4553 512/2297/4553 1669/2297/4553
f 554/1215/4554 1711/2515/4554 1668/2423/4554
f 555/2296/4555 513/2298/4555 1670/2298/4555
f 512/2297/4556 555/2296/4556 1712/2296/4556
f 507/2284/4557 1664/2284/4557 1713/2291/4557
f 556/1210/4558 1713/2516/4558 1667/2424/4558
f 557/1212/4559 511/1213/4559 1668/2423/4559
f 558/2426/4560 509/1208/4560 1666/2422/4560
f 514/1219/4561 558/2426/4561 1715/2427/4561
f 514/1219/4562 1671/2428/4562 1716/2429/4562
f 559/1218/4563 1716/2429/4563 1670/2430/4563
f 525/1268/4564 563/1267/4564 1720/2376/4564
f 525/2347/4565 1682/2347/4565 1721/2213/4565
f 568/1245/4566 518/1244/4566 1675/2432/4566
f 515/2434/4567 567/1231/4567 1724/2435/4567
f 517/2325/4568 1674/2325/4568 1724/2316/4568
f 569/1249/4569 519/1248/4569 1676/2437/4569
f 517/1238/4570 568/1245/4570 1725/2433/4570
f 570/1237/4571 1727/2441/4571 1676/2437/4571
f 570/1237/4572 516/1236/4572 1673/2440/4572
f 518/2326/4573 569/2327/4573 1726/2327/4573
f 521/1257/4574 1678/2448/4574 1729/2442/4574
f 520/1252/4575 1677/2445/4575 1728/2443/4575
f 522/1260/4576 1679/2446/4576 1730/2444/4576
f 572/1258/4577 1729/2442/4577 1677/2445/4577
f 574/1295/4578 1731/2447/4578 1679/2446/4578
f 532/1294/4579 1689/2470/4579 1731/2447/4579
f 521/1257/4580 573/1261/4580 1730/2444/4580
f 576/2449/4581 524/1266/4581 1681/2450/4581
f 531/1290/4582 1688/2469/4582 1732/2452/4582
f 576/2449/4583 1733/2451/4583 1680/2453/4583
f 578/1230/4584 515/2434/4584 1672/2436/4584
f 524/1266/4585 577/1264/4585 1734/2455/4585
f 526/1272/4586 561/1102/4586 1718/2456/4586
f 562/2203/4587 526/2354/4587 1683/2354/4587
f 527/1274/4588 560/1110/4588 1717/2458/4588
f 516/1236/4589 579/1278/4589 1736/2459/4589
f 579/1278/4590 528/1277/4590 1685/2460/4590
f 581/2461/4591 530/1286/4591 1687/2462/4591
f 580/1283/4592 1737/2464/4592 1685/2460/4592
f 529/1282/4593 1686/2465/4593 1737/2464/4593
f 529/1282/4594 581/2461/4594 1738/2463/4594
f 530/1286/4595 582/1285/4595 1739/2466/4595
f 583/2467/4596 523/1263/4596 1680/2453/4596
f 531/1290/4597 583/2467/4597 1740/2468/4597
f 584/1127/4598 1741/2375/4598 1689/2470/4598
f 486/2417/4599 1643/2416/4599 1718/2456/4599
f 1149/1134/4600 2306/2476/4600 2305/2471/4600
f 1151/2153/4601 2308/2153/4601 2307/2258/4601
f 1153/1217/2289 2310/2481/2289 2309/2472/2289
f 1154/1226/4602 1155/1047/4602 2312/2473/4602
f 1156/2157/4603 1157/2158/4603 2314/2158/4603
f 1152/1046/4604 2309/2472/4604 1644/2475/4604
f 549/1188/4605 1706/2413/4605 2306/2476/4605
f 537/1161/4606 1148/1044/4606 2305/2471/4606
f 545/1136/4607 1150/1045/4607 2307/2477/4607
f 544/1173/4608 1701/2403/4608 2308/2479/4608
f 1153/1217/4609 557/1212/4609 1714/2425/4609
f 582/1285/4610 1154/1226/4610 2311/2474/4610
f 571/1253/4611 1728/2443/4611 2312/2473/4611
f 578/1230/4612 1735/2454/4612 2314/2482/4612
f 577/1264/4613 1156/2488/4613 2313/2483/4613
